id,name,email,current_title,location,experience_level,education,skill_count
24,Adil Ait Lahcen,adil.ait24@mail.com,Sales Executive,Marrakech,Senior,,20
428,Adil Ait Lahcen,adil.ait428@mail.com,Network Technician,Tanger,Mid,,12
448,Adil Ait Lahcen,adil.ait448@mail.com,Software Engineer,Agadir,Senior,,24
837,Adil Ait Lahcen,adil.ait837@mail.com,Junior trainee,Casablanca,Junior,,26
1771,Adil Ait Lahcen,adil.ait1771@mail.com,Sales Executive,Rabat,Senior,,20
3229,Adil Ait Lahcen,adil.ait3229@mail.com,Network Technician,Tanger,Senior,,24
989,Adil Ait Lahcen,adil.ait989@mail.com,Junior trainee,Fes,Junior,,18
3807,Adil Ait Lahcen,adil.ait3807@mail.com,Data Analyst,Rabat,Mid,,16
2031,Adil Ait Lahcen,adil.ait2031@mail.com,Sales Executive,Fes,Senior,,22
3899,Adil Ait Lahcen,adil.ait3899@mail.com,Network Technician,Casablanca,Senior,,18
1159,Adil Ait Lahcen,adil.ait1159@mail.com,HR Officer,Rabat,Mid,,20
2058,Adil Ait Lahcen,adil.ait2058@mail.com,Data Analyst,Agadir,Mid,,18
4207,Adil Ait Lahcen,adil.ait4207@mail.com,Customer Support Agent,Tanger,Senior,,18
2145,Adil Ait Lahcen,adil.ait2145@mail.com,Project Manager,Marrakech,Senior,,20
4309,Adil Ait Lahcen,adil.ait4309@mail.com,Accountant,Marrakech,Senior,,18
2198,Adil Ait Lahcen,adil.ait2198@mail.com,Software Engineer,Agadir,Senior,,24
4378,Adil Ait Lahcen,adil.ait4378@mail.com,Data Analyst,Agadir,Junior,,24
4412,Adil Ait Lahcen,adil.ait4412@mail.com,Data Analyst,Fes,Senior,,18
2303,Adil Ait Lahcen,adil.ait2303@mail.com,Accountant,Fes,Senior,,18
2329,Adil Ait Lahcen,adil.ait2329@mail.com,Network Technician,Rabat,Senior,,20
2380,Adil Ait Lahcen,adil.ait2380@mail.com,Customer Support Agent,Tanger,Senior,,16
4788,Adil Ait Lahcen,adil.ait4788@mail.com,Marketing Specialist,Agadir,Junior,,22
128,Adil Ait Lahcen,adil.ait128@mail.com,Customer Support Agent,Marrakech,Mid,,18
287,Adil Ait Lahcen,adil.ait287@mail.com,Sales Executive,Agadir,Mid,,16
2483,Adil Ait Lahcen,adil.ait2483@mail.com,Marketing Specialist,Tanger,Senior,,14
2539,Adil Ait Lahcen,adil.ait2539@mail.com,Accountant,Marrakech,Senior,,16
2558,Adil Ait Lahcen,adil.ait2558@mail.com,Project Manager,Marrakech,Senior,,18
2567,Adil Ait Lahcen,adil.ait2567@mail.com,Software Engineer,Rabat,Mid,,22
1361,Adil Ait Lahcen,adil.ait1361@mail.com,Customer Support Agent,Tanger,Senior,,18
2832,Adil Ait Lahcen,adil.ait2832@mail.com,Data Analyst,Fes,Mid,,20
336,Adil Ait Lahcen,adil.ait336@mail.com,Data Analyst,Agadir,Junior,,20
1435,Adil Ait Lahcen,adil.ait1435@mail.com,Junior trainee,Casablanca,Junior,,20
1438,Adil Ait Lahcen,adil.ait1438@mail.com,Data Analyst,Agadir,Senior,,14
2988,Adil Ait Lahcen,adil.ait2988@mail.com,Marketing Specialist,Casablanca,Mid,,16
2996,Adil Ait Lahcen,adil.ait2996@mail.com,Network Technician,Agadir,Mid,,22
3021,Adil Ait Lahcen,adil.ait3021@mail.com,HR Officer,Fes,Senior,,16
802,Adil Ait Lahcen,adil.ait802@mail.com,Customer Support Agent,Agadir,Senior,,22
1564,Adil Ait Lahcen,adil.ait1564@mail.com,Sales Executive,Fes,Senior,,20
2361,Adil Benali,adil.benali2361@mail.com,HR Officer,Fes,Junior,,20
477,Adil Benali,adil.benali477@mail.com,Customer Support Agent,Fes,Mid,,16
37,Adil Benali,adil.benali37@mail.com,Sales Executive,Agadir,Senior,,20
3363,Adil Benali,adil.benali3363@mail.com,Software Engineer,Agadir,Mid,,14
86,Adil Benali,adil.benali86@mail.com,Software Engineer,Fes,Senior,,20
3702,Adil Benali,adil.benali3702@mail.com,Marketing Specialist,Casablanca,Senior,,20
3788,Adil Benali,adil.benali3788@mail.com,Accountant,Casablanca,Senior,,20
4131,Adil Benali,adil.benali4131@mail.com,Project Manager,Tanger,Mid,,20
2097,Adil Benali,adil.benali2097@mail.com,Project Manager,Tanger,Mid,,16
4234,Adil Benali,adil.benali4234@mail.com,Sales Executive,Casablanca,Senior,,16
1172,Adil Benali,adil.benali1172@mail.com,Data Analyst,Marrakech,Senior,,14
4354,Adil Benali,adil.benali4354@mail.com,Network Technician,Tanger,Senior,,20
111,Adil Benali,adil.benali111@mail.com,Software Engineer,Tanger,Senior,,14
2500,Adil Benali,adil.benali2500@mail.com,Project Manager,Tanger,Senior,,20
296,Adil Benali,adil.benali296@mail.com,Network Technician,Tanger,Senior,,18
2777,Adil Benali,adil.benali2777@mail.com,Sales Executive,Rabat,Mid,,22
3005,Adil Benali,adil.benali3005@mail.com,Sales Executive,Marrakech,Senior,,20
2886,Adil Benali,adil.benali2886@mail.com,Software Engineer,Casablanca,Senior,,16
1516,Adil Benali,adil.benali1516@mail.com,Network Technician,Casablanca,Senior,,16
1527,Adil Benali,adil.benali1527@mail.com,Software Engineer,Fes,Senior,,18
1449,Adil Benali,adil.benali1449@mail.com,Customer Support Agent,Marrakech,Senior,,18
3176,Adil Benali,adil.benali3176@mail.com,Sales Executive,Agadir,Junior,,20
1674,Adil Boulahfa,adil.boulahfa1674@mail.com,Software Engineer,Tanger,Junior,,22
3409,Adil Boulahfa,adil.boulahfa3409@mail.com,HR Officer,Casablanca,Mid,,14
3447,Adil Boulahfa,adil.boulahfa3447@mail.com,Accountant,Rabat,Senior,,18
3455,Adil Boulahfa,adil.boulahfa3455@mail.com,Network Technician,Fes,Junior,,18
3490,Adil Boulahfa,adil.boulahfa3490@mail.com,Customer Support Agent,Fes,Senior,,18
3643,Adil Boulahfa,adil.boulahfa3643@mail.com,Sales Executive,Marrakech,Junior,,18
3690,Adil Boulahfa,adil.boulahfa3690@mail.com,Software Engineer,Rabat,Senior,,20
189,Adil Boulahfa,adil.boulahfa189@mail.com,Network Technician,Agadir,Senior,,18
4046,Adil Boulahfa,adil.boulahfa4046@mail.com,Sales Executive,Tanger,Junior,,20
1041,Adil Boulahfa,adil.boulahfa1041@mail.com,Project Manager,Fes,Senior,,20
2328,Adil Boulahfa,adil.boulahfa2328@mail.com,Network Technician,Fes,Senior,,18
3734,Adil Boulahfa,adil.boulahfa3734@mail.com,Project Manager,Marrakech,Senior,,20
2129,Adil Boulahfa,adil.boulahfa2129@mail.com,Sales Executive,Casablanca,Senior,,20
489,Adil Boulahfa,adil.boulahfa489@mail.com,HR Officer,Fes,Senior,,18
4641,Adil Boulahfa,adil.boulahfa4641@mail.com,Sales Executive,Marrakech,Mid,,14
4643,Adil Boulahfa,adil.boulahfa4643@mail.com,Network Technician,Casablanca,Senior,,20
4661,Adil Boulahfa,adil.boulahfa4661@mail.com,HR Officer,Rabat,Senior,,18
4738,Adil Boulahfa,adil.boulahfa4738@mail.com,HR Officer,Casablanca,Senior,,16
2149,Adil Boulahfa,adil.boulahfa2149@mail.com,Accountant,Agadir,Junior,,22
2511,Adil Boulahfa,adil.boulahfa2511@mail.com,Junior trainee,Agadir,Junior,,18
4782,Adil Boulahfa,adil.boulahfa4782@mail.com,Project Manager,Tanger,Senior,,14
4815,Adil Boulahfa,adil.boulahfa4815@mail.com,Customer Support Agent,Casablanca,Mid,,22
4373,Adil Boulahfa,adil.boulahfa4373@mail.com,HR Officer,Marrakech,Senior,,22
1309,Adil Boulahfa,adil.boulahfa1309@mail.com,Sales Executive,Casablanca,Mid,,20
771,Adil Boulahfa,adil.boulahfa771@mail.com,Marketing Specialist,Rabat,Senior,,14
335,Adil Boulahfa,adil.boulahfa335@mail.com,Sales Executive,Rabat,Junior,,20
720,Adil Boulahfa,adil.boulahfa720@mail.com,Customer Support Agent,Fes,Senior,,18
731,Adil Boulahfa,adil.boulahfa731@mail.com,Customer Support Agent,Tanger,Senior,,20
1488,Adil Boulahfa,adil.boulahfa1488@mail.com,Software Engineer,Casablanca,Senior,,20
3002,Adil Boulahfa,adil.boulahfa3002@mail.com,Sales Executive,Tanger,Mid,,16
3012,Adil Boulahfa,adil.boulahfa3012@mail.com,Project Manager,Marrakech,Senior,,24
62,Adil Chafik,adil.chafik62@mail.com,Software Engineer,Agadir,Senior,,18
70,Adil Chafik,adil.chafik70@mail.com,Project Manager,Fes,Senior,,20
96,Adil Chafik,adil.chafik96@mail.com,Customer Support Agent,Fes,Senior,,18
3313,Adil Chafik,adil.chafik3313@mail.com,Network Technician,Rabat,Mid,,22
3166,Adil Chafik,adil.chafik3166@mail.com,Network Technician,Tanger,Junior,,24
1742,Adil Chafik,adil.chafik1742@mail.com,Project Manager,Agadir,Senior,,18
5,Adil Chafik,adil.chafik5@mail.com,Sales Executive,Casablanca,Senior,,16
1889,Adil Chafik,adil.chafik1889@mail.com,Software Engineer,Fes,Senior,,24
809,Adil Chafik,adil.chafik809@mail.com,Sales Executive,Tanger,Senior,,20
3443,Adil Chafik,adil.chafik3443@mail.com,Junior trainee,Casablanca,Junior,,18
1982,Adil Chafik,adil.chafik1982@mail.com,Network Technician,Casablanca,Senior,,20
3922,Adil Chafik,adil.chafik3922@mail.com,HR Officer,Casablanca,Senior,,20
3944,Adil Chafik,adil.chafik3944@mail.com,HR Officer,Tanger,Senior,,16
3970,Adil Chafik,adil.chafik3970@mail.com,Accountant,Tanger,Senior,,18
2009,Adil Chafik,adil.chafik2009@mail.com,Data Analyst,Agadir,Junior,,20
3778,Adil Chafik,adil.chafik3778@mail.com,Sales Executive,Agadir,Mid,,18
4266,Adil Chafik,adil.chafik4266@mail.com,Data Analyst,Tanger,Mid,,24
4497,Adil Chafik,adil.chafik4497@mail.com,HR Officer,Agadir,Senior,,18
1102,Adil Chafik,adil.chafik1102@mail.com,Accountant,Rabat,Senior,,16
1115,Adil Chafik,adil.chafik1115@mail.com,Data Analyst,Fes,Mid,,16
482,Adil Chafik,adil.chafik482@mail.com,Marketing Specialist,Casablanca,Senior,,16
3711,Adil Chafik,adil.chafik3711@mail.com,Data Analyst,Rabat,Senior,,20
551,Adil Chafik,adil.chafik551@mail.com,Sales Executive,Marrakech,Senior,,16
2295,Adil Chafik,adil.chafik2295@mail.com,Customer Support Agent,Fes,Mid,,16
1425,Adil Chafik,adil.chafik1425@mail.com,Accountant,Marrakech,Mid,,14
598,Adil Chafik,adil.chafik598@mail.com,Customer Support Agent,Agadir,Senior,,14
4784,Adil Chafik,adil.chafik4784@mail.com,Software Engineer,Casablanca,Senior,,16
2185,Adil Chafik,adil.chafik2185@mail.com,Sales Executive,Marrakech,Senior,,22
1349,Adil Chafik,adil.chafik1349@mail.com,Marketing Specialist,Fes,Senior,,22
340,Adil Chafik,adil.chafik340@mail.com,Marketing Specialist,Casablanca,Senior,,14
3070,Adil Chafik,adil.chafik3070@mail.com,Customer Support Agent,Marrakech,Senior,,18
3081,Adil Chafik,adil.chafik3081@mail.com,HR Officer,Marrakech,Senior,,16
394,Adil El Amrani,adil.el394@mail.com,Junior trainee,Rabat,Junior,,22
3008,Adil El Amrani,adil.el3008@mail.com,Sales Executive,Agadir,Senior,,20
3010,Adil El Amrani,adil.el3010@mail.com,Data Analyst,Rabat,Senior,,18
3011,Adil El Amrani,adil.el3011@mail.com,Marketing Specialist,Tanger,Senior,,16
1152,Adil El Amrani,adil.el1152@mail.com,Network Technician,Casablanca,Senior,,20
1158,Adil El Amrani,adil.el1158@mail.com,Customer Support Agent,Marrakech,Senior,,16
1178,Adil El Amrani,adil.el1178@mail.com,Customer Support Agent,Marrakech,Senior,,26
3434,Adil El Amrani,adil.el3434@mail.com,Marketing Specialist,Tanger,Senior,,16
810,Adil El Amrani,adil.el810@mail.com,Software Engineer,Agadir,Senior,,18
1931,Adil El Amrani,adil.el1931@mail.com,Accountant,Fes,Senior,,22
243,Adil El Amrani,adil.el243@mail.com,Sales Executive,Rabat,Senior,,18
4208,Adil El Amrani,adil.el4208@mail.com,Data Analyst,Casablanca,Senior,,16
1999,Adil El Amrani,adil.el1999@mail.com,Accountant,Tanger,Senior,,22
4490,Adil El Amrani,adil.el4490@mail.com,HR Officer,Casablanca,Senior,,14
2126,Adil El Amrani,adil.el2126@mail.com,Data Analyst,Fes,Senior,,22
4349,Adil El Amrani,adil.el4349@mail.com,HR Officer,Agadir,Mid,,22
1222,Adil El Amrani,adil.el1222@mail.com,Network Technician,Fes,Senior,,20
2647,Adil El Amrani,adil.el2647@mail.com,Junior trainee,Agadir,Junior,,20
2672,Adil El Amrani,adil.el2672@mail.com,Software Engineer,Marrakech,Senior,,16
339,Adil El Amrani,adil.el339@mail.com,Sales Executive,Tanger,Senior,,20
3119,Adil El Amrani,adil.el3119@mail.com,Marketing Specialist,Fes,Senior,,16
3449,Adil El Idrissi,adil.el3449@mail.com,HR Officer,Fes,Senior,,18
3472,Adil El Idrissi,adil.el3472@mail.com,Software Engineer,Rabat,Junior,,16
3088,Adil El Idrissi,adil.el3088@mail.com,Customer Support Agent,Tanger,Junior,,16
539,Adil El Idrissi,adil.el539@mail.com,Project Manager,Marrakech,Senior,,18
955,Adil El Idrissi,adil.el955@mail.com,HR Officer,Agadir,Senior,,18
402,Adil El Idrissi,adil.el402@mail.com,Marketing Specialist,Casablanca,Senior,,22
2008,Adil El Idrissi,adil.el2008@mail.com,Sales Executive,Casablanca,Mid,,16
823,Adil El Idrissi,adil.el823@mail.com,Customer Support Agent,Rabat,Senior,,14
4073,Adil El Idrissi,adil.el4073@mail.com,Accountant,Casablanca,Senior,,22
4328,Adil El Idrissi,adil.el4328@mail.com,Accountant,Agadir,Mid,,18
168,Adil El Idrissi,adil.el168@mail.com,Software Engineer,Rabat,Mid,,16
3896,Adil El Idrissi,adil.el3896@mail.com,Marketing Specialist,Agadir,Mid,,14
4174,Adil El Idrissi,adil.el4174@mail.com,HR Officer,Fes,Mid,,22
245,Adil El Idrissi,adil.el245@mail.com,Marketing Specialist,Rabat,Senior,,20
4498,Adil El Idrissi,adil.el4498@mail.com,Sales Executive,Rabat,Mid,,24
4510,Adil El Idrissi,adil.el4510@mail.com,Customer Support Agent,Rabat,Senior,,22
4394,Adil El Idrissi,adil.el4394@mail.com,Data Analyst,Fes,Senior,,16
358,Adil El Idrissi,adil.el358@mail.com,Marketing Specialist,Tanger,Senior,,18
4346,Adil El Idrissi,adil.el4346@mail.com,Customer Support Agent,Casablanca,Senior,,18
638,Adil El Idrissi,adil.el638@mail.com,Data Analyst,Agadir,Senior,,20
4985,Adil El Idrissi,adil.el4985@mail.com,HR Officer,Tanger,Senior,,14
268,Adil El Idrissi,adil.el268@mail.com,Project Manager,Tanger,Mid,,16
297,Adil El Idrissi,adil.el297@mail.com,Project Manager,Marrakech,Senior,,14
796,Adil El Idrissi,adil.el796@mail.com,Accountant,Rabat,Junior,,16
2948,Adil El Idrissi,adil.el2948@mail.com,Marketing Specialist,Marrakech,Senior,,20
2958,Adil El Idrissi,adil.el2958@mail.com,Data Analyst,Marrakech,Senior,,14
534,Adil Fassi,adil.fassi534@mail.com,Software Engineer,Fes,Senior,,18
66,Adil Fassi,adil.fassi66@mail.com,Accountant,Rabat,Senior,,22
1615,Adil Fassi,adil.fassi1615@mail.com,Software Engineer,Marrakech,Senior,,20
1619,Adil Fassi,adil.fassi1619@mail.com,Marketing Specialist,Fes,Senior,,20
4446,Adil Fassi,adil.fassi4446@mail.com,Sales Executive,Agadir,Senior,,16
3335,Adil Fassi,adil.fassi3335@mail.com,Accountant,Rabat,Mid,,20
3282,Adil Fassi,adil.fassi3282@mail.com,Junior trainee,Casablanca,Junior,,24
1018,Adil Fassi,adil.fassi1018@mail.com,Customer Support Agent,Tanger,Senior,,18
1785,Adil Fassi,adil.fassi1785@mail.com,Marketing Specialist,Casablanca,Senior,,18
1764,Adil Fassi,adil.fassi1764@mail.com,Customer Support Agent,Marrakech,Junior,,20
4144,Adil Fassi,adil.fassi4144@mail.com,Network Technician,Fes,Mid,,22
2322,Adil Fassi,adil.fassi2322@mail.com,Network Technician,Rabat,Senior,,14
169,Adil Fassi,adil.fassi169@mail.com,Sales Executive,Agadir,Mid,,22
1091,Adil Fassi,adil.fassi1091@mail.com,Network Technician,Tanger,Mid,,12
1103,Adil Fassi,adil.fassi1103@mail.com,Data Analyst,Tanger,Senior,,20
373,Adil Fassi,adil.fassi373@mail.com,Data Analyst,Rabat,Mid,,24
2463,Adil Fassi,adil.fassi2463@mail.com,Marketing Specialist,Casablanca,Senior,,20
4977,Adil Fassi,adil.fassi4977@mail.com,Network Technician,Rabat,Senior,,22
1477,Adil Fassi,adil.fassi1477@mail.com,Marketing Specialist,Agadir,Senior,,24
2603,Adil Fassi,adil.fassi2603@mail.com,Marketing Specialist,Rabat,Senior,,16
2124,Adil Fassi,adil.fassi2124@mail.com,Network Technician,Agadir,Senior,,24
2705,Adil Fassi,adil.fassi2705@mail.com,Data Analyst,Fes,Senior,,20
2517,Adil Fassi,adil.fassi2517@mail.com,HR Officer,Fes,Junior,,20
622,Adil Fassi,adil.fassi622@mail.com,Customer Support Agent,Fes,Senior,,18
2899,Adil Fassi,adil.fassi2899@mail.com,Sales Executive,Rabat,Junior,,20
2666,Adil Fassi,adil.fassi2666@mail.com,Software Engineer,Tanger,Mid,,20
2676,Adil Fassi,adil.fassi2676@mail.com,Sales Executive,Fes,Junior,,18
2807,Adil Fassi,adil.fassi2807@mail.com,Project Manager,Fes,Senior,,16
2824,Adil Fassi,adil.fassi2824@mail.com,Marketing Specialist,Rabat,Senior,,20
1387,Adil Fassi,adil.fassi1387@mail.com,Customer Support Agent,Rabat,Mid,,20
2845,Adil Fassi,adil.fassi2845@mail.com,Customer Support Agent,Tanger,Senior,,24
4748,Adil Raji,adil.raji4748@mail.com,Junior trainee,Tanger,Junior,,14
3288,Adil Raji,adil.raji3288@mail.com,Sales Executive,Agadir,Senior,,18
3175,Adil Raji,adil.raji3175@mail.com,HR Officer,Tanger,Senior,,22
3385,Adil Raji,adil.raji3385@mail.com,HR Officer,Agadir,Senior,,14
3425,Adil Raji,adil.raji3425@mail.com,HR Officer,Tanger,Senior,,18
390,Adil Raji,adil.raji390@mail.com,Project Manager,Agadir,Mid,,18
2025,Adil Raji,adil.raji2025@mail.com,Junior trainee,Rabat,Junior,,18
3947,Adil Raji,adil.raji3947@mail.com,Sales Executive,Agadir,Mid,,20
1733,Adil Raji,adil.raji1733@mail.com,Data Analyst,Marrakech,Mid,,20
1806,Adil Raji,adil.raji1806@mail.com,Marketing Specialist,Casablanca,Mid,,20
3884,Adil Raji,adil.raji3884@mail.com,Sales Executive,Marrakech,Senior,,14
2446,Adil Raji,adil.raji2446@mail.com,Marketing Specialist,Agadir,Senior,,18
4362,Adil Raji,adil.raji4362@mail.com,Software Engineer,Tanger,Senior,,18
4387,Adil Raji,adil.raji4387@mail.com,HR Officer,Agadir,Senior,,22
1439,Adil Raji,adil.raji1439@mail.com,Accountant,Marrakech,Senior,,16
1464,Adil Raji,adil.raji1464@mail.com,Customer Support Agent,Fes,Mid,,16
740,Adil Raji,adil.raji740@mail.com,Sales Executive,Casablanca,Senior,,22
5000,Adil Raji,adil.raji5000@mail.com,Sales Executive,Casablanca,Senior,,18
1633,Adil Tahiri,adil.tahiri1633@mail.com,Sales Executive,Rabat,Senior,,24
3077,Adil Tahiri,adil.tahiri3077@mail.com,Software Engineer,Agadir,Senior,,16
3427,Adil Tahiri,adil.tahiri3427@mail.com,Network Technician,Casablanca,Junior,,24
1744,Adil Tahiri,adil.tahiri1744@mail.com,Data Analyst,Rabat,Senior,,18
224,Adil Tahiri,adil.tahiri224@mail.com,Network Technician,Agadir,Mid,,18
237,Adil Tahiri,adil.tahiri237@mail.com,Marketing Specialist,Fes,Senior,,14
498,Adil Tahiri,adil.tahiri498@mail.com,Accountant,Fes,Mid,,14
4608,Adil Tahiri,adil.tahiri4608@mail.com,Software Engineer,Fes,Senior,,20
1054,Adil Tahiri,adil.tahiri1054@mail.com,Customer Support Agent,Marrakech,Senior,,20
4160,Adil Tahiri,adil.tahiri4160@mail.com,Software Engineer,Agadir,Senior,,22
4433,Adil Tahiri,adil.tahiri4433@mail.com,Project Manager,Fes,Junior,,16
2109,Adil Tahiri,adil.tahiri2109@mail.com,Sales Executive,Casablanca,Senior,,22
2702,Adil Tahiri,adil.tahiri2702@mail.com,Marketing Specialist,Rabat,Mid,,20
4777,Adil Tahiri,adil.tahiri4777@mail.com,Project Manager,Marrakech,Junior,,20
2657,Adil Tahiri,adil.tahiri2657@mail.com,Customer Support Agent,Casablanca,Mid,,26
1712,Adil Zerouali,adil.zerouali1712@mail.com,Sales Executive,Marrakech,Junior,,18
1558,Adil Zerouali,adil.zerouali1558@mail.com,Customer Support Agent,Tanger,Mid,,22
1566,Adil Zerouali,adil.zerouali1566@mail.com,Marketing Specialist,Rabat,Senior,,16
3689,Adil Zerouali,adil.zerouali3689@mail.com,Customer Support Agent,Tanger,Mid,,24
466,Adil Zerouali,adil.zerouali466@mail.com,Customer Support Agent,Casablanca,Junior,,20
3803,Adil Zerouali,adil.zerouali3803@mail.com,Network Technician,Marrakech,Senior,,20
861,Adil Zerouali,adil.zerouali861@mail.com,Junior trainee,Rabat,Junior,,16
878,Adil Zerouali,adil.zerouali878@mail.com,Data Analyst,Fes,Senior,,18
890,Adil Zerouali,adil.zerouali890@mail.com,Accountant,Casablanca,Senior,,20
1132,Adil Zerouali,adil.zerouali1132@mail.com,Marketing Specialist,Casablanca,Senior,,20
3481,Adil Zerouali,adil.zerouali3481@mail.com,Project Manager,Casablanca,Senior,,18
2877,Adil Zerouali,adil.zerouali2877@mail.com,Data Analyst,Rabat,Mid,,22
18,Adil Zerouali,adil.zerouali18@mail.com,Sales Executive,Tanger,Mid,,20
19,Adil Zerouali,adil.zerouali19@mail.com,Network Technician,Tanger,Senior,,22
26,Adil Zerouali,adil.zerouali26@mail.com,Marketing Specialist,Rabat,Senior,,18
4442,Adil Zerouali,adil.zerouali4442@mail.com,Project Manager,Rabat,Senior,,20
3043,Adil Zerouali,adil.zerouali3043@mail.com,Software Engineer,Agadir,Mid,,16
3049,Adil Zerouali,adil.zerouali3049@mail.com,Marketing Specialist,Marrakech,Senior,,22
3214,Adil Zerouali,adil.zerouali3214@mail.com,Data Analyst,Marrakech,Senior,,22
4687,Adil Zerouali,adil.zerouali4687@mail.com,Marketing Specialist,Rabat,Senior,,14
2063,Adil Zerouali,adil.zerouali2063@mail.com,Customer Support Agent,Marrakech,Senior,,20
1745,Adil Zerouali,adil.zerouali1745@mail.com,Sales Executive,Marrakech,Senior,,18
4197,Adil Zerouali,adil.zerouali4197@mail.com,Data Analyst,Casablanca,Senior,,22
3470,Adil Zerouali,adil.zerouali3470@mail.com,Data Analyst,Tanger,Senior,,20
384,Adil Zerouali,adil.zerouali384@mail.com,HR Officer,Casablanca,Mid,,14
3858,Adil Zerouali,adil.zerouali3858@mail.com,Accountant,Agadir,Senior,,20
3872,Adil Zerouali,adil.zerouali3872@mail.com,Project Manager,Casablanca,Senior,,24
2591,Adil Zerouali,adil.zerouali2591@mail.com,Junior trainee,Rabat,Junior,,16
2419,Adil Zerouali,adil.zerouali2419@mail.com,Data Analyst,Rabat,Senior,,18
2791,Adil Zerouali,adil.zerouali2791@mail.com,Data Analyst,Marrakech,Junior,,24
1303,Adil Zerouali,adil.zerouali1303@mail.com,Accountant,Agadir,Senior,,20
1235,Adil Zerouali,adil.zerouali1235@mail.com,HR Officer,Tanger,Mid,,14
3445,Ahmed Ait Lahcen,ahmed.ait3445@mail.com,Network Technician,Marrakech,Senior,,14
3642,Ahmed Ait Lahcen,ahmed.ait3642@mail.com,Marketing Specialist,Tanger,Senior,,22
2949,Ahmed Ait Lahcen,ahmed.ait2949@mail.com,Sales Executive,Tanger,Senior,,18
4996,Ahmed Ait Lahcen,ahmed.ait4996@mail.com,Junior trainee,Tanger,Junior,,16
4721,Ahmed Ait Lahcen,ahmed.ait4721@mail.com,HR Officer,Fes,Senior,,18
862,Ahmed Ait Lahcen,ahmed.ait862@mail.com,Sales Executive,Rabat,Mid,,14
1775,Ahmed Ait Lahcen,ahmed.ait1775@mail.com,Software Engineer,Tanger,Senior,,14
1157,Ahmed Ait Lahcen,ahmed.ait1157@mail.com,HR Officer,Marrakech,Senior,,22
4058,Ahmed Ait Lahcen,ahmed.ait4058@mail.com,Sales Executive,Marrakech,Senior,,20
4093,Ahmed Ait Lahcen,ahmed.ait4093@mail.com,Project Manager,Fes,Senior,,16
945,Ahmed Ait Lahcen,ahmed.ait945@mail.com,Sales Executive,Tanger,Senior,,22
3097,Ahmed Ait Lahcen,ahmed.ait3097@mail.com,Project Manager,Agadir,Senior,,22
3985,Ahmed Ait Lahcen,ahmed.ait3985@mail.com,Project Manager,Agadir,Junior,,16
533,Ahmed Ait Lahcen,ahmed.ait533@mail.com,Network Technician,Tanger,Mid,,20
4586,Ahmed Ait Lahcen,ahmed.ait4586@mail.com,Sales Executive,Casablanca,Senior,,18
4306,Ahmed Ait Lahcen,ahmed.ait4306@mail.com,Marketing Specialist,Casablanca,Senior,,18
214,Ahmed Ait Lahcen,ahmed.ait214@mail.com,Marketing Specialist,Marrakech,Senior,,22
1382,Ahmed Ait Lahcen,ahmed.ait1382@mail.com,Accountant,Marrakech,Senior,,24
783,Ahmed Ait Lahcen,ahmed.ait783@mail.com,Marketing Specialist,Casablanca,Senior,,20
2548,Ahmed Ait Lahcen,ahmed.ait2548@mail.com,Software Engineer,Marrakech,Senior,,22
4944,Ahmed Ait Lahcen,ahmed.ait4944@mail.com,Customer Support Agent,Casablanca,Senior,,18
4962,Ahmed Ait Lahcen,ahmed.ait4962@mail.com,Marketing Specialist,Marrakech,Mid,,20
2286,Ahmed Ait Lahcen,ahmed.ait2286@mail.com,Junior trainee,Marrakech,Junior,,22
2416,Ahmed Ait Lahcen,ahmed.ait2416@mail.com,Marketing Specialist,Marrakech,Junior,,18
2137,Ahmed Ait Lahcen,ahmed.ait2137@mail.com,Marketing Specialist,Rabat,Senior,,20
4401,Ahmed Ait Lahcen,ahmed.ait4401@mail.com,Data Analyst,Fes,Senior,,14
875,Ahmed Benali,ahmed.benali875@mail.com,Sales Executive,Rabat,Mid,,16
1004,Ahmed Benali,ahmed.benali1004@mail.com,Data Analyst,Casablanca,Senior,,18
1073,Ahmed Benali,ahmed.benali1073@mail.com,Accountant,Fes,Senior,,16
4472,Ahmed Benali,ahmed.benali4472@mail.com,Network Technician,Marrakech,Senior,,18
2390,Ahmed Benali,ahmed.benali2390@mail.com,Sales Executive,Casablanca,Junior,,20
2393,Ahmed Benali,ahmed.benali2393@mail.com,Marketing Specialist,Fes,Senior,,20
4719,Ahmed Benali,ahmed.benali4719@mail.com,HR Officer,Casablanca,Senior,,24
1851,Ahmed Benali,ahmed.benali1851@mail.com,HR Officer,Fes,Mid,,18
3273,Ahmed Benali,ahmed.benali3273@mail.com,Customer Support Agent,Marrakech,Senior,,20
188,Ahmed Benali,ahmed.benali188@mail.com,Marketing Specialist,Rabat,Junior,,22
2862,Ahmed Benali,ahmed.benali2862@mail.com,Network Technician,Marrakech,Senior,,20
3373,Ahmed Benali,ahmed.benali3373@mail.com,Network Technician,Casablanca,Senior,,20
4593,Ahmed Benali,ahmed.benali4593@mail.com,Junior trainee,Marrakech,Junior,,18
3037,Ahmed Benali,ahmed.benali3037@mail.com,Network Technician,Agadir,Senior,,18
4014,Ahmed Benali,ahmed.benali4014@mail.com,Data Analyst,Tanger,Mid,,22
3709,Ahmed Benali,ahmed.benali3709@mail.com,Network Technician,Casablanca,Senior,,16
3716,Ahmed Benali,ahmed.benali3716@mail.com,Customer Support Agent,Tanger,Senior,,18
1142,Ahmed Benali,ahmed.benali1142@mail.com,Network Technician,Rabat,Senior,,20
4651,Ahmed Benali,ahmed.benali4651@mail.com,Customer Support Agent,Tanger,Senior,,22
3195,Ahmed Benali,ahmed.benali3195@mail.com,Marketing Specialist,Rabat,Senior,,20
920,Ahmed Benali,ahmed.benali920@mail.com,Sales Executive,Rabat,Senior,,22
958,Ahmed Benali,ahmed.benali958@mail.com,Customer Support Agent,Fes,Senior,,24
1735,Ahmed Benali,ahmed.benali1735@mail.com,Software Engineer,Fes,Senior,,20
4258,Ahmed Benali,ahmed.benali4258@mail.com,Data Analyst,Agadir,Mid,,12
1316,Ahmed Benali,ahmed.benali1316@mail.com,Project Manager,Casablanca,Mid,,16
375,Ahmed Benali,ahmed.benali375@mail.com,Customer Support Agent,Rabat,Senior,,18
649,Ahmed Benali,ahmed.benali649@mail.com,HR Officer,Fes,Senior,,24
654,Ahmed Benali,ahmed.benali654@mail.com,Network Technician,Casablanca,Junior,,16
1385,Ahmed Benali,ahmed.benali1385@mail.com,Network Technician,Agadir,Senior,,18
4767,Ahmed Benali,ahmed.benali4767@mail.com,Data Analyst,Fes,Senior,,18
607,Ahmed Benali,ahmed.benali607@mail.com,Network Technician,Fes,Senior,,16
1521,Ahmed Benali,ahmed.benali1521@mail.com,HR Officer,Casablanca,Senior,,20
2784,Ahmed Benali,ahmed.benali2784@mail.com,Software Engineer,Tanger,Senior,,20
2756,Ahmed Boulahfa,ahmed.boulahfa2756@mail.com,Software Engineer,Tanger,Senior,,20
1739,Ahmed Boulahfa,ahmed.boulahfa1739@mail.com,Marketing Specialist,Casablanca,Senior,,18
211,Ahmed Boulahfa,ahmed.boulahfa211@mail.com,HR Officer,Fes,Senior,,12
4314,Ahmed Boulahfa,ahmed.boulahfa4314@mail.com,Accountant,Marrakech,Senior,,16
3145,Ahmed Boulahfa,ahmed.boulahfa3145@mail.com,Network Technician,Marrakech,Mid,,14
1218,Ahmed Boulahfa,ahmed.boulahfa1218@mail.com,HR Officer,Agadir,Senior,,16
1644,Ahmed Boulahfa,ahmed.boulahfa1644@mail.com,Network Technician,Tanger,Senior,,20
903,Ahmed Boulahfa,ahmed.boulahfa903@mail.com,Data Analyst,Tanger,Senior,,16
3453,Ahmed Boulahfa,ahmed.boulahfa3453@mail.com,Project Manager,Casablanca,Senior,,22
44,Ahmed Boulahfa,ahmed.boulahfa44@mail.com,HR Officer,Agadir,Senior,,18
3492,Ahmed Boulahfa,ahmed.boulahfa3492@mail.com,Sales Executive,Fes,Senior,,20
3513,Ahmed Boulahfa,ahmed.boulahfa3513@mail.com,Junior trainee,Rabat,Junior,,16
1814,Ahmed Boulahfa,ahmed.boulahfa1814@mail.com,Software Engineer,Fes,Senior,,18
4043,Ahmed Boulahfa,ahmed.boulahfa4043@mail.com,Customer Support Agent,Agadir,Senior,,24
3331,Ahmed Boulahfa,ahmed.boulahfa3331@mail.com,Junior trainee,Fes,Junior,,20
512,Ahmed Boulahfa,ahmed.boulahfa512@mail.com,Project Manager,Rabat,Senior,,22
3958,Ahmed Boulahfa,ahmed.boulahfa3958@mail.com,Customer Support Agent,Marrakech,Mid,,20
2048,Ahmed Boulahfa,ahmed.boulahfa2048@mail.com,HR Officer,Fes,Mid,,26
2013,Ahmed Boulahfa,ahmed.boulahfa2013@mail.com,Software Engineer,Agadir,Junior,,18
647,Ahmed Boulahfa,ahmed.boulahfa647@mail.com,HR Officer,Tanger,Senior,,22
651,Ahmed Boulahfa,ahmed.boulahfa651@mail.com,Customer Support Agent,Casablanca,Junior,,22
665,Ahmed Boulahfa,ahmed.boulahfa665@mail.com,HR Officer,Marrakech,Junior,,18
2536,Ahmed Boulahfa,ahmed.boulahfa2536@mail.com,Software Engineer,Casablanca,Mid,,16
3903,Ahmed Boulahfa,ahmed.boulahfa3903@mail.com,Software Engineer,Fes,Senior,,22
733,Ahmed Boulahfa,ahmed.boulahfa733@mail.com,Network Technician,Tanger,Senior,,18
1098,Ahmed Boulahfa,ahmed.boulahfa1098@mail.com,Software Engineer,Agadir,Senior,,20
382,Ahmed Boulahfa,ahmed.boulahfa382@mail.com,Data Analyst,Fes,Senior,,20
393,Ahmed Boulahfa,ahmed.boulahfa393@mail.com,Marketing Specialist,Rabat,Mid,,16
2141,Ahmed Boulahfa,ahmed.boulahfa2141@mail.com,HR Officer,Rabat,Senior,,20
1343,Ahmed Boulahfa,ahmed.boulahfa1343@mail.com,Project Manager,Tanger,Mid,,20
4260,Ahmed Boulahfa,ahmed.boulahfa4260@mail.com,Accountant,Agadir,Mid,,20
611,Ahmed Boulahfa,ahmed.boulahfa611@mail.com,Network Technician,Tanger,Mid,,22
2508,Ahmed Boulahfa,ahmed.boulahfa2508@mail.com,Marketing Specialist,Fes,Mid,,18
1456,Ahmed Boulahfa,ahmed.boulahfa1456@mail.com,Project Manager,Fes,Senior,,20
2179,Ahmed Boulahfa,ahmed.boulahfa2179@mail.com,Marketing Specialist,Marrakech,Senior,,18
2266,Ahmed Boulahfa,ahmed.boulahfa2266@mail.com,Sales Executive,Fes,Senior,,20
2938,Ahmed Boulahfa,ahmed.boulahfa2938@mail.com,Sales Executive,Tanger,Senior,,16
2935,Ahmed Chafik,ahmed.chafik2935@mail.com,Sales Executive,Marrakech,Junior,,22
185,Ahmed Chafik,ahmed.chafik185@mail.com,Software Engineer,Fes,Senior,,18
201,Ahmed Chafik,ahmed.chafik201@mail.com,Accountant,Tanger,Senior,,18
1672,Ahmed Chafik,ahmed.chafik1672@mail.com,Data Analyst,Casablanca,Senior,,18
3549,Ahmed Chafik,ahmed.chafik3549@mail.com,Marketing Specialist,Rabat,Senior,,18
868,Ahmed Chafik,ahmed.chafik868@mail.com,Marketing Specialist,Casablanca,Mid,,18
895,Ahmed Chafik,ahmed.chafik895@mail.com,Sales Executive,Casablanca,Mid,,16
1199,Ahmed Chafik,ahmed.chafik1199@mail.com,HR Officer,Tanger,Junior,,20
1219,Ahmed Chafik,ahmed.chafik1219@mail.com,HR Officer,Marrakech,Senior,,14
4474,Ahmed Chafik,ahmed.chafik4474@mail.com,Marketing Specialist,Casablanca,Senior,,16
3660,Ahmed Chafik,ahmed.chafik3660@mail.com,Accountant,Marrakech,Senior,,14
3838,Ahmed Chafik,ahmed.chafik3838@mail.com,Marketing Specialist,Fes,Junior,,18
1836,Ahmed Chafik,ahmed.chafik1836@mail.com,Network Technician,Casablanca,Senior,,20
505,Ahmed Chafik,ahmed.chafik505@mail.com,Project Manager,Agadir,Junior,,24
4695,Ahmed Chafik,ahmed.chafik4695@mail.com,HR Officer,Fes,Senior,,18
1891,Ahmed Chafik,ahmed.chafik1891@mail.com,Project Manager,Agadir,Senior,,22
3777,Ahmed Chafik,ahmed.chafik3777@mail.com,Project Manager,Casablanca,Senior,,20
3794,Ahmed Chafik,ahmed.chafik3794@mail.com,Customer Support Agent,Fes,Senior,,20
4866,Ahmed Chafik,ahmed.chafik4866@mail.com,Marketing Specialist,Tanger,Senior,,18
653,Ahmed Chafik,ahmed.chafik653@mail.com,Marketing Specialist,Rabat,Senior,,24
3062,Ahmed Chafik,ahmed.chafik3062@mail.com,Project Manager,Tanger,Senior,,16
107,Ahmed Chafik,ahmed.chafik107@mail.com,Network Technician,Agadir,Senior,,18
295,Ahmed Chafik,ahmed.chafik295@mail.com,Sales Executive,Tanger,Senior,,22
1475,Ahmed Chafik,ahmed.chafik1475@mail.com,Accountant,Casablanca,Senior,,22
3160,Ahmed El Amrani,ahmed.el3160@mail.com,Software Engineer,Rabat,Senior,,16
4513,Ahmed El Amrani,ahmed.el4513@mail.com,Marketing Specialist,Marrakech,Senior,,20
2754,Ahmed El Amrani,ahmed.el2754@mail.com,Accountant,Agadir,Senior,,20
2047,Ahmed El Amrani,ahmed.el2047@mail.com,Sales Executive,Tanger,Senior,,22
4416,Ahmed El Amrani,ahmed.el4416@mail.com,HR Officer,Marrakech,Mid,,18
4426,Ahmed El Amrani,ahmed.el4426@mail.com,Sales Executive,Rabat,Mid,,20
1062,Ahmed El Amrani,ahmed.el1062@mail.com,Network Technician,Casablanca,Senior,,18
184,Ahmed El Amrani,ahmed.el184@mail.com,HR Officer,Marrakech,Mid,,18
191,Ahmed El Amrani,ahmed.el191@mail.com,Sales Executive,Tanger,Mid,,16
1197,Ahmed El Amrani,ahmed.el1197@mail.com,Junior trainee,Fes,Junior,,24
4737,Ahmed El Amrani,ahmed.el4737@mail.com,Sales Executive,Rabat,Senior,,22
3491,Ahmed El Amrani,ahmed.el3491@mail.com,Marketing Specialist,Agadir,Senior,,20
3742,Ahmed El Amrani,ahmed.el3742@mail.com,Data Analyst,Rabat,Mid,,20
3743,Ahmed El Amrani,ahmed.el3743@mail.com,Accountant,Agadir,Mid,,16
4090,Ahmed El Amrani,ahmed.el4090@mail.com,Accountant,Marrakech,Senior,,14
1803,Ahmed El Amrani,ahmed.el1803@mail.com,HR Officer,Rabat,Senior,,16
2545,Ahmed El Amrani,ahmed.el2545@mail.com,Network Technician,Marrakech,Senior,,14
356,Ahmed El Amrani,ahmed.el356@mail.com,Customer Support Agent,Tanger,Mid,,20
359,Ahmed El Amrani,ahmed.el359@mail.com,Software Engineer,Agadir,Senior,,24
398,Ahmed El Amrani,ahmed.el398@mail.com,Project Manager,Fes,Senior,,20
2706,Ahmed El Amrani,ahmed.el2706@mail.com,HR Officer,Marrakech,Senior,,24
603,Ahmed El Amrani,ahmed.el603@mail.com,Data Analyst,Casablanca,Senior,,18
210,Ahmed El Idrissi,ahmed.el210@mail.com,Customer Support Agent,Agadir,Senior,,24
3752,Ahmed El Idrissi,ahmed.el3752@mail.com,Software Engineer,Casablanca,Senior,,22
1476,Ahmed El Idrissi,ahmed.el1476@mail.com,Project Manager,Agadir,Mid,,20
1599,Ahmed El Idrissi,ahmed.el1599@mail.com,Data Analyst,Marrakech,Senior,,22
2776,Ahmed El Idrissi,ahmed.el2776@mail.com,Marketing Specialist,Marrakech,Junior,,18
1626,Ahmed El Idrissi,ahmed.el1626@mail.com,Accountant,Casablanca,Senior,,22
4665,Ahmed El Idrissi,ahmed.el4665@mail.com,Sales Executive,Tanger,Junior,,16
2213,Ahmed El Idrissi,ahmed.el2213@mail.com,Marketing Specialist,Agadir,Mid,,20
2225,Ahmed El Idrissi,ahmed.el2225@mail.com,Network Technician,Rabat,Mid,,18
1176,Ahmed El Idrissi,ahmed.el1176@mail.com,Sales Executive,Marrakech,Mid,,22
3347,Ahmed El Idrissi,ahmed.el3347@mail.com,Junior trainee,Agadir,Junior,,18
2720,Ahmed El Idrissi,ahmed.el2720@mail.com,Network Technician,Rabat,Mid,,24
2267,Ahmed El Idrissi,ahmed.el2267@mail.com,Data Analyst,Agadir,Senior,,20
2023,Ahmed El Idrissi,ahmed.el2023@mail.com,Accountant,Fes,Senior,,14
4886,Ahmed El Idrissi,ahmed.el4886@mail.com,Accountant,Agadir,Senior,,20
215,Ahmed El Idrissi,ahmed.el215@mail.com,Data Analyst,Rabat,Mid,,20
1796,Ahmed El Idrissi,ahmed.el1796@mail.com,Network Technician,Casablanca,Senior,,16
108,Ahmed El Idrissi,ahmed.el108@mail.com,Sales Executive,Fes,Mid,,16
2196,Ahmed El Idrissi,ahmed.el2196@mail.com,Project Manager,Tanger,Senior,,18
1328,Ahmed El Idrissi,ahmed.el1328@mail.com,Project Manager,Marrakech,Mid,,16
4786,Ahmed El Idrissi,ahmed.el4786@mail.com,Accountant,Rabat,Senior,,18
2507,Ahmed El Idrissi,ahmed.el2507@mail.com,Data Analyst,Marrakech,Senior,,20
1143,Ahmed Fassi,ahmed.fassi1143@mail.com,Network Technician,Tanger,Senior,,22
1588,Ahmed Fassi,ahmed.fassi1588@mail.com,Data Analyst,Agadir,Senior,,18
2668,Ahmed Fassi,ahmed.fassi2668@mail.com,Software Engineer,Rabat,Mid,,20
2678,Ahmed Fassi,ahmed.fassi2678@mail.com,Marketing Specialist,Casablanca,Senior,,22
1463,Ahmed Fassi,ahmed.fassi1463@mail.com,Sales Executive,Marrakech,Senior,,16
1686,Ahmed Fassi,ahmed.fassi1686@mail.com,Customer Support Agent,Fes,Senior,,18
1703,Ahmed Fassi,ahmed.fassi1703@mail.com,Data Analyst,Tanger,Senior,,20
1204,Ahmed Fassi,ahmed.fassi1204@mail.com,Software Engineer,Rabat,Senior,,20
4104,Ahmed Fassi,ahmed.fassi4104@mail.com,Software Engineer,Marrakech,Senior,,22
1913,Ahmed Fassi,ahmed.fassi1913@mail.com,Customer Support Agent,Casablanca,Senior,,22
2327,Ahmed Fassi,ahmed.fassi2327@mail.com,Accountant,Agadir,Senior,,18
2356,Ahmed Fassi,ahmed.fassi2356@mail.com,Software Engineer,Tanger,Senior,,22
4588,Ahmed Fassi,ahmed.fassi4588@mail.com,Marketing Specialist,Rabat,Senior,,18
3239,Ahmed Fassi,ahmed.fassi3239@mail.com,HR Officer,Agadir,Senior,,24
4790,Ahmed Fassi,ahmed.fassi4790@mail.com,Customer Support Agent,Marrakech,Senior,,20
688,Ahmed Fassi,ahmed.fassi688@mail.com,Data Analyst,Agadir,Senior,,20
2028,Ahmed Fassi,ahmed.fassi2028@mail.com,Sales Executive,Casablanca,Mid,,20
4869,Ahmed Fassi,ahmed.fassi4869@mail.com,Project Manager,Tanger,Mid,,24
2421,Ahmed Fassi,ahmed.fassi2421@mail.com,Software Engineer,Fes,Mid,,18
1372,Ahmed Fassi,ahmed.fassi1372@mail.com,Software Engineer,Agadir,Senior,,22
153,Ahmed Fassi,ahmed.fassi153@mail.com,Network Technician,Rabat,Mid,,24
154,Ahmed Raji,ahmed.raji154@mail.com,Project Manager,Fes,Junior,,20
1016,Ahmed Raji,ahmed.raji1016@mail.com,Accountant,Marrakech,Senior,,18
624,Ahmed Raji,ahmed.raji624@mail.com,Network Technician,Tanger,Senior,,20
3154,Ahmed Raji,ahmed.raji3154@mail.com,Project Manager,Casablanca,Senior,,20
1949,Ahmed Raji,ahmed.raji1949@mail.com,Project Manager,Tanger,Senior,,16
1970,Ahmed Raji,ahmed.raji1970@mail.com,Data Analyst,Agadir,Senior,,18
4071,Ahmed Raji,ahmed.raji4071@mail.com,HR Officer,Fes,Senior,,16
1133,Ahmed Raji,ahmed.raji1133@mail.com,Marketing Specialist,Marrakech,Mid,,22
1137,Ahmed Raji,ahmed.raji1137@mail.com,Project Manager,Marrakech,Senior,,18
2378,Ahmed Raji,ahmed.raji2378@mail.com,Network Technician,Agadir,Mid,,20
4481,Ahmed Raji,ahmed.raji4481@mail.com,Network Technician,Rabat,Junior,,20
3302,Ahmed Raji,ahmed.raji3302@mail.com,Marketing Specialist,Rabat,Senior,,20
2960,Ahmed Raji,ahmed.raji2960@mail.com,Project Manager,Casablanca,Mid,,14
2971,Ahmed Raji,ahmed.raji2971@mail.com,Network Technician,Casablanca,Senior,,22
902,Ahmed Raji,ahmed.raji902@mail.com,Accountant,Tanger,Junior,,20
4107,Ahmed Raji,ahmed.raji4107@mail.com,Sales Executive,Agadir,Senior,,16
4723,Ahmed Raji,ahmed.raji4723@mail.com,HR Officer,Marrakech,Senior,,16
3417,Ahmed Raji,ahmed.raji3417@mail.com,HR Officer,Agadir,Senior,,18
857,Ahmed Raji,ahmed.raji857@mail.com,Project Manager,Marrakech,Mid,,20
1930,Ahmed Raji,ahmed.raji1930@mail.com,Accountant,Agadir,Mid,,22
4678,Ahmed Raji,ahmed.raji4678@mail.com,Marketing Specialist,Marrakech,Senior,,20
4635,Ahmed Raji,ahmed.raji4635@mail.com,Marketing Specialist,Rabat,Senior,,22
1865,Ahmed Raji,ahmed.raji1865@mail.com,Customer Support Agent,Rabat,Senior,,20
4889,Ahmed Raji,ahmed.raji4889@mail.com,Customer Support Agent,Tanger,Mid,,18
1535,Ahmed Raji,ahmed.raji1535@mail.com,Marketing Specialist,Casablanca,Senior,,20
2688,Ahmed Raji,ahmed.raji2688@mail.com,Data Analyst,Agadir,Junior,,18
4791,Ahmed Raji,ahmed.raji4791@mail.com,Project Manager,Agadir,Senior,,22
4351,Ahmed Raji,ahmed.raji4351@mail.com,Sales Executive,Tanger,Junior,,20
4371,Ahmed Raji,ahmed.raji4371@mail.com,Marketing Specialist,Agadir,Senior,,22
2617,Ahmed Raji,ahmed.raji2617@mail.com,Sales Executive,Rabat,Senior,,14
1305,Ahmed Raji,ahmed.raji1305@mail.com,Project Manager,Fes,Mid,,18
4650,Ahmed Tahiri,ahmed.tahiri4650@mail.com,Accountant,Marrakech,Senior,,16
3272,Ahmed Tahiri,ahmed.tahiri3272@mail.com,Network Technician,Fes,Senior,,18
3289,Ahmed Tahiri,ahmed.tahiri3289@mail.com,Data Analyst,Fes,Senior,,16
582,Ahmed Tahiri,ahmed.tahiri582@mail.com,Project Manager,Rabat,Senior,,14
4303,Ahmed Tahiri,ahmed.tahiri4303@mail.com,Accountant,Marrakech,Senior,,18
4671,Ahmed Tahiri,ahmed.tahiri4671@mail.com,HR Officer,Marrakech,Mid,,24
4702,Ahmed Tahiri,ahmed.tahiri4702@mail.com,Junior trainee,Rabat,Junior,,18
1493,Ahmed Tahiri,ahmed.tahiri1493@mail.com,Network Technician,Marrakech,Senior,,20
880,Ahmed Tahiri,ahmed.tahiri880@mail.com,Customer Support Agent,Agadir,Senior,,16
2880,Ahmed Tahiri,ahmed.tahiri2880@mail.com,Junior trainee,Tanger,Junior,,18
1681,Ahmed Tahiri,ahmed.tahiri1681@mail.com,Customer Support Agent,Rabat,Senior,,20
4754,Ahmed Tahiri,ahmed.tahiri4754@mail.com,Project Manager,Fes,Junior,,22
3909,Ahmed Tahiri,ahmed.tahiri3909@mail.com,Marketing Specialist,Marrakech,Senior,,22
3722,Ahmed Tahiri,ahmed.tahiri3722@mail.com,Accountant,Agadir,Senior,,22
1660,Ahmed Tahiri,ahmed.tahiri1660@mail.com,Accountant,Marrakech,Senior,,20
490,Ahmed Tahiri,ahmed.tahiri490@mail.com,Marketing Specialist,Rabat,Junior,,18
3380,Ahmed Tahiri,ahmed.tahiri3380@mail.com,Accountant,Casablanca,Senior,,16
3392,Ahmed Tahiri,ahmed.tahiri3392@mail.com,Project Manager,Casablanca,Senior,,14
2585,Ahmed Tahiri,ahmed.tahiri2585@mail.com,Network Technician,Casablanca,Senior,,18
2683,Ahmed Tahiri,ahmed.tahiri2683@mail.com,Network Technician,Tanger,Mid,,18
3371,Ahmed Tahiri,ahmed.tahiri3371@mail.com,Customer Support Agent,Casablanca,Junior,,22
1351,Ahmed Tahiri,ahmed.tahiri1351@mail.com,Accountant,Casablanca,Senior,,20
3256,Ahmed Tahiri,ahmed.tahiri3256@mail.com,Marketing Specialist,Fes,Senior,,22
1419,Ahmed Tahiri,ahmed.tahiri1419@mail.com,Junior trainee,Rabat,Junior,,22
1422,Ahmed Tahiri,ahmed.tahiri1422@mail.com,Customer Support Agent,Agadir,Senior,,24
1445,Ahmed Tahiri,ahmed.tahiri1445@mail.com,Marketing Specialist,Fes,Senior,,18
3312,Ahmed Zerouali,ahmed.zerouali3312@mail.com,HR Officer,Fes,Junior,,16
970,Ahmed Zerouali,ahmed.zerouali970@mail.com,Sales Executive,Fes,Junior,,16
1011,Ahmed Zerouali,ahmed.zerouali1011@mail.com,Software Engineer,Fes,Senior,,20
2402,Ahmed Zerouali,ahmed.zerouali2402@mail.com,Customer Support Agent,Agadir,Mid,,16
2414,Ahmed Zerouali,ahmed.zerouali2414@mail.com,Network Technician,Agadir,Senior,,24
3753,Ahmed Zerouali,ahmed.zerouali3753@mail.com,Software Engineer,Casablanca,Junior,,20
2307,Ahmed Zerouali,ahmed.zerouali2307@mail.com,Accountant,Tanger,Mid,,18
2238,Ahmed Zerouali,ahmed.zerouali2238@mail.com,Data Analyst,Fes,Senior,,20
25,Ahmed Zerouali,ahmed.zerouali25@mail.com,Network Technician,Agadir,Mid,,14
2999,Ahmed Zerouali,ahmed.zerouali2999@mail.com,Sales Executive,Marrakech,Senior,,22
2853,Ahmed Zerouali,ahmed.zerouali2853@mail.com,Project Manager,Agadir,Senior,,24
2857,Ahmed Zerouali,ahmed.zerouali2857@mail.com,Network Technician,Agadir,Senior,,18
3828,Ahmed Zerouali,ahmed.zerouali3828@mail.com,Software Engineer,Agadir,Senior,,14
3933,Ahmed Zerouali,ahmed.zerouali3933@mail.com,Software Engineer,Fes,Senior,,14
854,Ahmed Zerouali,ahmed.zerouali854@mail.com,Accountant,Tanger,Senior,,16
3092,Ahmed Zerouali,ahmed.zerouali3092@mail.com,Software Engineer,Tanger,Senior,,22
318,Ahmed Zerouali,ahmed.zerouali318@mail.com,Project Manager,Fes,Senior,,16
800,Ahmed Zerouali,ahmed.zerouali800@mail.com,Network Technician,Agadir,Senior,,22
3866,Ahmed Zerouali,ahmed.zerouali3866@mail.com,Marketing Specialist,Marrakech,Senior,,18
3890,Ahmed Zerouali,ahmed.zerouali3890@mail.com,Project Manager,Marrakech,Senior,,22
2417,Ahmed Zerouali,ahmed.zerouali2417@mail.com,Network Technician,Fes,Senior,,20
343,Ahmed Zerouali,ahmed.zerouali343@mail.com,Customer Support Agent,Fes,Senior,,18
3433,Amina Ait Lahcen,amina.ait3433@mail.com,Sales Executive,Fes,Senior,,24
4518,Amina Ait Lahcen,amina.ait4518@mail.com,Accountant,Agadir,Senior,,18
1342,Amina Ait Lahcen,amina.ait1342@mail.com,Project Manager,Tanger,Senior,,18
614,Amina Ait Lahcen,amina.ait614@mail.com,HR Officer,Marrakech,Mid,,18
4075,Amina Ait Lahcen,amina.ait4075@mail.com,HR Officer,Rabat,Mid,,20
465,Amina Ait Lahcen,amina.ait465@mail.com,Network Technician,Rabat,Senior,,20
1962,Amina Ait Lahcen,amina.ait1962@mail.com,Software Engineer,Tanger,Junior,,22
4434,Amina Ait Lahcen,amina.ait4434@mail.com,Data Analyst,Casablanca,Senior,,18
4106,Amina Ait Lahcen,amina.ait4106@mail.com,Software Engineer,Agadir,Senior,,18
2983,Amina Ait Lahcen,amina.ait2983@mail.com,Network Technician,Marrakech,Mid,,22
1497,Amina Ait Lahcen,amina.ait1497@mail.com,Network Technician,Agadir,Senior,,16
4326,Amina Ait Lahcen,amina.ait4326@mail.com,Sales Executive,Fes,Junior,,16
2205,Amina Ait Lahcen,amina.ait2205@mail.com,Accountant,Tanger,Junior,,20
4755,Amina Ait Lahcen,amina.ait4755@mail.com,Marketing Specialist,Marrakech,Senior,,18
300,Amina Ait Lahcen,amina.ait300@mail.com,Project Manager,Fes,Senior,,16
3339,Amina Ait Lahcen,amina.ait3339@mail.com,Data Analyst,Agadir,Senior,,16
1845,Amina Ait Lahcen,amina.ait1845@mail.com,Software Engineer,Agadir,Senior,,14
1856,Amina Ait Lahcen,amina.ait1856@mail.com,Data Analyst,Casablanca,Senior,,22
4129,Amina Ait Lahcen,amina.ait4129@mail.com,Software Engineer,Agadir,Mid,,18
3414,Amina Ait Lahcen,amina.ait3414@mail.com,Project Manager,Tanger,Senior,,26
1534,Amina Ait Lahcen,amina.ait1534@mail.com,Marketing Specialist,Casablanca,Senior,,20
1542,Amina Ait Lahcen,amina.ait1542@mail.com,Customer Support Agent,Fes,Senior,,20
1811,Amina Ait Lahcen,amina.ait1811@mail.com,Project Manager,Fes,Senior,,16
4793,Amina Ait Lahcen,amina.ait4793@mail.com,Software Engineer,Tanger,Senior,,14
480,Amina Benali,amina.benali480@mail.com,Project Manager,Marrakech,Junior,,16
179,Amina Benali,amina.benali179@mail.com,Sales Executive,Casablanca,Senior,,14
110,Amina Benali,amina.benali110@mail.com,Software Engineer,Agadir,Senior,,22
3603,Amina Benali,amina.benali3603@mail.com,Customer Support Agent,Tanger,Senior,,16
1323,Amina Benali,amina.benali1323@mail.com,Network Technician,Marrakech,Senior,,16
3141,Amina Benali,amina.benali3141@mail.com,HR Officer,Fes,Senior,,16
3550,Amina Benali,amina.benali3550@mail.com,HR Officer,Casablanca,Senior,,14
1149,Amina Benali,amina.benali1149@mail.com,Sales Executive,Fes,Senior,,16
2405,Amina Benali,amina.benali2405@mail.com,Accountant,Marrakech,Senior,,22
917,Amina Benali,amina.benali917@mail.com,Marketing Specialist,Casablanca,Senior,,18
937,Amina Benali,amina.benali937@mail.com,Data Analyst,Agadir,Senior,,24
3531,Amina Benali,amina.benali3531@mail.com,Network Technician,Fes,Senior,,20
869,Amina Benali,amina.benali869@mail.com,Project Manager,Agadir,Mid,,18
2540,Amina Benali,amina.benali2540@mail.com,Accountant,Casablanca,Senior,,18
272,Amina Benali,amina.benali272@mail.com,Project Manager,Tanger,Senior,,14
2290,Amina Benali,amina.benali2290@mail.com,Software Engineer,Rabat,Senior,,16
3260,Amina Benali,amina.benali3260@mail.com,HR Officer,Fes,Senior,,14
3106,Amina Benali,amina.benali3106@mail.com,Marketing Specialist,Rabat,Senior,,14
1128,Amina Benali,amina.benali1128@mail.com,Data Analyst,Agadir,Senior,,20
3393,Amina Benali,amina.benali3393@mail.com,Network Technician,Tanger,Senior,,22
4862,Amina Benali,amina.benali4862@mail.com,Marketing Specialist,Tanger,Senior,,14
2159,Amina Benali,amina.benali2159@mail.com,Junior trainee,Tanger,Junior,,20
3489,Amina Boulahfa,amina.boulahfa3489@mail.com,Customer Support Agent,Casablanca,Senior,,18
971,Amina Boulahfa,amina.boulahfa971@mail.com,Network Technician,Agadir,Senior,,18
2520,Amina Boulahfa,amina.boulahfa2520@mail.com,Software Engineer,Tanger,Senior,,20
4812,Amina Boulahfa,amina.boulahfa4812@mail.com,Sales Executive,Tanger,Senior,,16
2658,Amina Boulahfa,amina.boulahfa2658@mail.com,Sales Executive,Agadir,Senior,,20
99,Amina Boulahfa,amina.boulahfa99@mail.com,HR Officer,Tanger,Mid,,14
1960,Amina Boulahfa,amina.boulahfa1960@mail.com,Sales Executive,Marrakech,Senior,,18
3943,Amina Boulahfa,amina.boulahfa3943@mail.com,HR Officer,Marrakech,Junior,,20
4199,Amina Boulahfa,amina.boulahfa4199@mail.com,Data Analyst,Marrakech,Senior,,16
549,Amina Boulahfa,amina.boulahfa549@mail.com,Marketing Specialist,Tanger,Junior,,20
1216,Amina Boulahfa,amina.boulahfa1216@mail.com,Customer Support Agent,Marrakech,Senior,,18
3797,Amina Boulahfa,amina.boulahfa3797@mail.com,Network Technician,Tanger,Senior,,22
2382,Amina Boulahfa,amina.boulahfa2382@mail.com,Data Analyst,Agadir,Senior,,20
2775,Amina Boulahfa,amina.boulahfa2775@mail.com,Marketing Specialist,Tanger,Mid,,20
2852,Amina Boulahfa,amina.boulahfa2852@mail.com,HR Officer,Fes,Senior,,16
3236,Amina Boulahfa,amina.boulahfa3236@mail.com,Software Engineer,Agadir,Mid,,20
2284,Amina Boulahfa,amina.boulahfa2284@mail.com,HR Officer,Casablanca,Junior,,24
4902,Amina Boulahfa,amina.boulahfa4902@mail.com,HR Officer,Fes,Senior,,16
1354,Amina Boulahfa,amina.boulahfa1354@mail.com,Customer Support Agent,Casablanca,Senior,,18
2740,Amina Chafik,amina.chafik2740@mail.com,Sales Executive,Marrakech,Junior,,22
3116,Amina Chafik,amina.chafik3116@mail.com,Accountant,Fes,Senior,,24
3148,Amina Chafik,amina.chafik3148@mail.com,Project Manager,Rabat,Mid,,22
2942,Amina Chafik,amina.chafik2942@mail.com,Network Technician,Agadir,Senior,,20
850,Amina Chafik,amina.chafik850@mail.com,Marketing Specialist,Marrakech,Senior,,26
2506,Amina Chafik,amina.chafik2506@mail.com,Sales Executive,Tanger,Senior,,24
1339,Amina Chafik,amina.chafik1339@mail.com,Network Technician,Agadir,Senior,,24
1604,Amina Chafik,amina.chafik1604@mail.com,Project Manager,Fes,Senior,,20
2394,Amina Chafik,amina.chafik2394@mail.com,Network Technician,Tanger,Mid,,14
4180,Amina Chafik,amina.chafik4180@mail.com,Network Technician,Casablanca,Senior,,18
2636,Amina Chafik,amina.chafik2636@mail.com,Data Analyst,Agadir,Senior,,22
3908,Amina Chafik,amina.chafik3908@mail.com,Marketing Specialist,Rabat,Senior,,22
58,Amina Chafik,amina.chafik58@mail.com,Software Engineer,Rabat,Mid,,20
1459,Amina Chafik,amina.chafik1459@mail.com,Project Manager,Marrakech,Mid,,22
1206,Amina Chafik,amina.chafik1206@mail.com,Junior trainee,Marrakech,Junior,,22
2968,Amina Chafik,amina.chafik2968@mail.com,Sales Executive,Rabat,Mid,,20
4029,Amina Chafik,amina.chafik4029@mail.com,Marketing Specialist,Marrakech,Senior,,20
4045,Amina Chafik,amina.chafik4045@mail.com,Customer Support Agent,Casablanca,Senior,,22
4912,Amina Chafik,amina.chafik4912@mail.com,Junior trainee,Casablanca,Junior,,22
4914,Amina Chafik,amina.chafik4914@mail.com,Network Technician,Marrakech,Mid,,20
2605,Amina Chafik,amina.chafik2605@mail.com,Customer Support Agent,Rabat,Senior,,24
2107,Amina Chafik,amina.chafik2107@mail.com,Software Engineer,Rabat,Senior,,24
1793,Amina Chafik,amina.chafik1793@mail.com,HR Officer,Marrakech,Senior,,18
4841,Amina Chafik,amina.chafik4841@mail.com,Sales Executive,Tanger,Senior,,18
222,Amina Chafik,amina.chafik222@mail.com,Sales Executive,Fes,Mid,,24
775,Amina Chafik,amina.chafik775@mail.com,Project Manager,Marrakech,Senior,,18
2803,Amina Chafik,amina.chafik2803@mail.com,Customer Support Agent,Agadir,Senior,,20
4334,Amina Chafik,amina.chafik4334@mail.com,Project Manager,Casablanca,Mid,,22
4341,Amina Chafik,amina.chafik4341@mail.com,Accountant,Casablanca,Junior,,18
4347,Amina Chafik,amina.chafik4347@mail.com,Customer Support Agent,Tanger,Senior,,22
2747,Amina El Amrani,amina.el2747@mail.com,Marketing Specialist,Marrakech,Senior,,18
1756,Amina El Amrani,amina.el1756@mail.com,Data Analyst,Agadir,Mid,,18
4105,Amina El Amrani,amina.el4105@mail.com,HR Officer,Marrakech,Senior,,16
4422,Amina El Amrani,amina.el4422@mail.com,Accountant,Agadir,Senior,,18
1156,Amina El Amrani,amina.el1156@mail.com,Sales Executive,Casablanca,Mid,,16
767,Amina El Amrani,amina.el767@mail.com,Accountant,Tanger,Senior,,18
3907,Amina El Amrani,amina.el3907@mail.com,Software Engineer,Casablanca,Senior,,16
255,Amina El Amrani,amina.el255@mail.com,Sales Executive,Marrakech,Mid,,20
264,Amina El Amrani,amina.el264@mail.com,Sales Executive,Tanger,Mid,,18
1124,Amina El Amrani,amina.el1124@mail.com,Network Technician,Casablanca,Senior,,20
4420,Amina El Idrissi,amina.el4420@mail.com,Marketing Specialist,Rabat,Senior,,22
1008,Amina El Idrissi,amina.el1008@mail.com,Network Technician,Agadir,Senior,,18
1017,Amina El Idrissi,amina.el1017@mail.com,Network Technician,Fes,Senior,,18
463,Amina El Idrissi,amina.el463@mail.com,Marketing Specialist,Rabat,Senior,,20
4814,Amina El Idrissi,amina.el4814@mail.com,Accountant,Marrakech,Senior,,20
524,Amina El Idrissi,amina.el524@mail.com,Marketing Specialist,Rabat,Senior,,22
4615,Amina El Idrissi,amina.el4615@mail.com,Software Engineer,Marrakech,Senior,,18
4571,Amina El Idrissi,amina.el4571@mail.com,Accountant,Tanger,Mid,,20
2230,Amina El Idrissi,amina.el2230@mail.com,Sales Executive,Casablanca,Senior,,24
1074,Amina El Idrissi,amina.el1074@mail.com,Software Engineer,Rabat,Mid,,22
2079,Amina El Idrissi,amina.el2079@mail.com,Customer Support Agent,Fes,Senior,,20
1642,Amina El Idrissi,amina.el1642@mail.com,Network Technician,Agadir,Senior,,22
3553,Amina El Idrissi,amina.el3553@mail.com,Data Analyst,Agadir,Senior,,24
4708,Amina El Idrissi,amina.el4708@mail.com,Accountant,Rabat,Mid,,24
1496,Amina El Idrissi,amina.el1496@mail.com,Project Manager,Rabat,Mid,,18
1892,Amina El Idrissi,amina.el1892@mail.com,HR Officer,Fes,Mid,,22
3729,Amina El Idrissi,amina.el3729@mail.com,Marketing Specialist,Rabat,Senior,,22
3738,Amina El Idrissi,amina.el3738@mail.com,Network Technician,Fes,Senior,,20
3756,Amina El Idrissi,amina.el3756@mail.com,Software Engineer,Tanger,Senior,,20
106,Amina El Idrissi,amina.el106@mail.com,Accountant,Rabat,Senior,,22
3957,Amina El Idrissi,amina.el3957@mail.com,Software Engineer,Tanger,Mid,,20
2671,Amina El Idrissi,amina.el2671@mail.com,Marketing Specialist,Marrakech,Senior,,22
674,Amina El Idrissi,amina.el674@mail.com,HR Officer,Marrakech,Junior,,18
4759,Amina El Idrissi,amina.el4759@mail.com,Project Manager,Agadir,Senior,,22
1861,Amina El Idrissi,amina.el1861@mail.com,Accountant,Agadir,Senior,,20
2005,Amina El Idrissi,amina.el2005@mail.com,Software Engineer,Casablanca,Mid,,22
3410,Amina El Idrissi,amina.el3410@mail.com,Sales Executive,Marrakech,Junior,,24
3399,Amina Fassi,amina.fassi3399@mail.com,Customer Support Agent,Tanger,Senior,,20
4574,Amina Fassi,amina.fassi4574@mail.com,Sales Executive,Tanger,Mid,,24
820,Amina Fassi,amina.fassi820@mail.com,Network Technician,Fes,Junior,,18
173,Amina Fassi,amina.fassi173@mail.com,HR Officer,Marrakech,Senior,,16
4540,Amina Fassi,amina.fassi4540@mail.com,Software Engineer,Casablanca,Senior,,16
608,Amina Fassi,amina.fassi608@mail.com,Customer Support Agent,Fes,Mid,,16
3633,Amina Fassi,amina.fassi3633@mail.com,Software Engineer,Fes,Senior,,22
4470,Amina Fassi,amina.fassi4470@mail.com,Software Engineer,Marrakech,Senior,,18
1220,Amina Fassi,amina.fassi1220@mail.com,Network Technician,Tanger,Mid,,16
4198,Amina Fassi,amina.fassi4198@mail.com,Customer Support Agent,Tanger,Senior,,16
2392,Amina Fassi,amina.fassi2392@mail.com,Accountant,Casablanca,Junior,,18
4705,Amina Fassi,amina.fassi4705@mail.com,Customer Support Agent,Marrakech,Mid,,22
562,Amina Fassi,amina.fassi562@mail.com,Customer Support Agent,Agadir,Senior,,18
30,Amina Fassi,amina.fassi30@mail.com,Marketing Specialist,Agadir,Senior,,18
3992,Amina Fassi,amina.fassi3992@mail.com,Accountant,Agadir,Mid,,20
2881,Amina Fassi,amina.fassi2881@mail.com,Junior trainee,Tanger,Junior,,24
2821,Amina Fassi,amina.fassi2821@mail.com,Marketing Specialist,Casablanca,Senior,,18
4251,Amina Fassi,amina.fassi4251@mail.com,Customer Support Agent,Tanger,Junior,,20
2292,Amina Fassi,amina.fassi2292@mail.com,Customer Support Agent,Agadir,Mid,,20
2297,Amina Fassi,amina.fassi2297@mail.com,Marketing Specialist,Rabat,Senior,,22
780,Amina Fassi,amina.fassi780@mail.com,Marketing Specialist,Agadir,Senior,,20
4839,Amina Fassi,amina.fassi4839@mail.com,Customer Support Agent,Tanger,Mid,,20
4852,Amina Fassi,amina.fassi4852@mail.com,Project Manager,Tanger,Junior,,20
2469,Amina Raji,amina.raji2469@mail.com,HR Officer,Tanger,Senior,,20
4768,Amina Raji,amina.raji4768@mail.com,Junior trainee,Fes,Junior,,22
1019,Amina Raji,amina.raji1019@mail.com,Accountant,Marrakech,Senior,,24
3396,Amina Raji,amina.raji3396@mail.com,Project Manager,Tanger,Senior,,24
1417,Amina Raji,amina.raji1417@mail.com,Customer Support Agent,Fes,Senior,,14
4558,Amina Raji,amina.raji4558@mail.com,Project Manager,Rabat,Senior,,20
4479,Amina Raji,amina.raji4479@mail.com,HR Officer,Tanger,Senior,,20
1308,Amina Raji,amina.raji1308@mail.com,Marketing Specialist,Fes,Junior,,18
1040,Amina Raji,amina.raji1040@mail.com,Data Analyst,Marrakech,Senior,,18
1046,Amina Raji,amina.raji1046@mail.com,Sales Executive,Agadir,Senior,,20
1967,Amina Raji,amina.raji1967@mail.com,Software Engineer,Fes,Senior,,18
1973,Amina Raji,amina.raji1973@mail.com,Software Engineer,Rabat,Senior,,16
2376,Amina Raji,amina.raji2376@mail.com,Sales Executive,Rabat,Senior,,16
3718,Amina Raji,amina.raji3718@mail.com,Software Engineer,Casablanca,Senior,,18
752,Amina Raji,amina.raji752@mail.com,Marketing Specialist,Marrakech,Mid,,22
759,Amina Raji,amina.raji759@mail.com,HR Officer,Rabat,Senior,,14
766,Amina Raji,amina.raji766@mail.com,Project Manager,Rabat,Mid,,22
2002,Amina Raji,amina.raji2002@mail.com,Network Technician,Agadir,Senior,,20
220,Amina Raji,amina.raji220@mail.com,Software Engineer,Rabat,Senior,,18
2108,Amina Raji,amina.raji2108@mail.com,Project Manager,Rabat,Senior,,18
4909,Amina Raji,amina.raji4909@mail.com,Junior trainee,Casablanca,Junior,,18
4130,Amina Raji,amina.raji4130@mail.com,Data Analyst,Rabat,Senior,,22
2593,Amina Raji,amina.raji2593@mail.com,Sales Executive,Tanger,Senior,,20
2616,Amina Raji,amina.raji2616@mail.com,HR Officer,Marrakech,Junior,,16
2731,Amina Raji,amina.raji2731@mail.com,Sales Executive,Tanger,Senior,,20
1838,Amina Raji,amina.raji1838@mail.com,Network Technician,Fes,Senior,,18
1857,Amina Raji,amina.raji1857@mail.com,Marketing Specialist,Rabat,Senior,,16
4249,Amina Raji,amina.raji4249@mail.com,HR Officer,Fes,Senior,,20
4255,Amina Tahiri,amina.tahiri4255@mail.com,HR Officer,Agadir,Senior,,24
525,Amina Tahiri,amina.tahiri525@mail.com,Accountant,Tanger,Senior,,22
2959,Amina Tahiri,amina.tahiri2959@mail.com,Accountant,Tanger,Senior,,14
2963,Amina Tahiri,amina.tahiri2963@mail.com,Customer Support Agent,Marrakech,Senior,,20
2981,Amina Tahiri,amina.tahiri2981@mail.com,Accountant,Fes,Senior,,18
451,Amina Tahiri,amina.tahiri451@mail.com,HR Officer,Agadir,Senior,,20
3308,Amina Tahiri,amina.tahiri3308@mail.com,Data Analyst,Marrakech,Mid,,20
3157,Amina Tahiri,amina.tahiri3157@mail.com,Accountant,Agadir,Senior,,20
2217,Amina Tahiri,amina.tahiri2217@mail.com,Accountant,Tanger,Senior,,20
171,Amina Tahiri,amina.tahiri171@mail.com,Marketing Specialist,Tanger,Junior,,22
813,Amina Tahiri,amina.tahiri813@mail.com,HR Officer,Tanger,Senior,,18
2306,Amina Tahiri,amina.tahiri2306@mail.com,HR Officer,Casablanca,Mid,,20
919,Amina Tahiri,amina.tahiri919@mail.com,Network Technician,Rabat,Senior,,20
4319,Amina Tahiri,amina.tahiri4319@mail.com,Data Analyst,Casablanca,Senior,,22
2086,Amina Tahiri,amina.tahiri2086@mail.com,Network Technician,Casablanca,Junior,,18
3815,Amina Tahiri,amina.tahiri3815@mail.com,Project Manager,Agadir,Senior,,20
1753,Amina Tahiri,amina.tahiri1753@mail.com,Accountant,Tanger,Senior,,22
1317,Amina Tahiri,amina.tahiri1317@mail.com,Project Manager,Tanger,Senior,,20
1859,Amina Tahiri,amina.tahiri1859@mail.com,Sales Executive,Marrakech,Senior,,22
3334,Amina Tahiri,amina.tahiri3334@mail.com,Sales Executive,Rabat,Senior,,16
2451,Amina Tahiri,amina.tahiri2451@mail.com,Software Engineer,Agadir,Senior,,20
2033,Amina Tahiri,amina.tahiri2033@mail.com,Marketing Specialist,Rabat,Senior,,18
2665,Amina Tahiri,amina.tahiri2665@mail.com,Accountant,Agadir,Senior,,18
311,Amina Tahiri,amina.tahiri311@mail.com,Sales Executive,Agadir,Mid,,20
1539,Amina Tahiri,amina.tahiri1539@mail.com,Project Manager,Marrakech,Mid,,18
1782,Amina Tahiri,amina.tahiri1782@mail.com,Network Technician,Marrakech,Senior,,12
4240,Amina Zerouali,amina.zerouali4240@mail.com,Sales Executive,Tanger,Senior,,18
4825,Amina Zerouali,amina.zerouali4825@mail.com,Software Engineer,Fes,Senior,,18
590,Amina Zerouali,amina.zerouali590@mail.com,Accountant,Agadir,Senior,,18
330,Amina Zerouali,amina.zerouali330@mail.com,HR Officer,Fes,Senior,,18
2950,Amina Zerouali,amina.zerouali2950@mail.com,Marketing Specialist,Rabat,Senior,,16
2902,Amina Zerouali,amina.zerouali2902@mail.com,Network Technician,Casablanca,Senior,,22
460,Amina Zerouali,amina.zerouali460@mail.com,Software Engineer,Casablanca,Mid,,20
3817,Amina Zerouali,amina.zerouali3817@mail.com,Software Engineer,Fes,Senior,,18
580,Amina Zerouali,amina.zerouali580@mail.com,Sales Executive,Agadir,Mid,,22
4466,Amina Zerouali,amina.zerouali4466@mail.com,Sales Executive,Casablanca,Mid,,18
3614,Amina Zerouali,amina.zerouali3614@mail.com,Marketing Specialist,Rabat,Junior,,18
2082,Amina Zerouali,amina.zerouali2082@mail.com,Project Manager,Tanger,Senior,,20
956,Amina Zerouali,amina.zerouali956@mail.com,Customer Support Agent,Fes,Senior,,20
3546,Amina Zerouali,amina.zerouali3546@mail.com,Accountant,Fes,Senior,,18
4279,Amina Zerouali,amina.zerouali4279@mail.com,Network Technician,Agadir,Senior,,16
4200,Amina Zerouali,amina.zerouali4200@mail.com,Accountant,Marrakech,Mid,,20
1987,Amina Zerouali,amina.zerouali1987@mail.com,Project Manager,Rabat,Senior,,18
763,Amina Zerouali,amina.zerouali763@mail.com,Software Engineer,Agadir,Senior,,20
864,Amina Zerouali,amina.zerouali864@mail.com,Project Manager,Marrakech,Senior,,18
4025,Amina Zerouali,amina.zerouali4025@mail.com,HR Officer,Tanger,Senior,,22
4898,Amina Zerouali,amina.zerouali4898@mail.com,HR Officer,Tanger,Senior,,22
2120,Amina Zerouali,amina.zerouali2120@mail.com,Data Analyst,Tanger,Senior,,18
2525,Amina Zerouali,amina.zerouali2525@mail.com,Sales Executive,Rabat,Senior,,14
2726,Amina Zerouali,amina.zerouali2726@mail.com,Customer Support Agent,Casablanca,Senior,,18
2271,Amina Zerouali,amina.zerouali2271@mail.com,Network Technician,Marrakech,Senior,,16
2298,Amina Zerouali,amina.zerouali2298@mail.com,Marketing Specialist,Fes,Senior,,22
2838,Amina Zerouali,amina.zerouali2838@mail.com,Accountant,Agadir,Senior,,16
3963,Amina Zerouali,amina.zerouali3963@mail.com,Network Technician,Tanger,Senior,,14
3863,Amina Zerouali,amina.zerouali3863@mail.com,Sales Executive,Fes,Senior,,16
2598,Amina Zerouali,amina.zerouali2598@mail.com,Project Manager,Marrakech,Senior,,18
2619,Amina Zerouali,amina.zerouali2619@mail.com,HR Officer,Fes,Junior,,16
2609,Amine Ait Lahcen,amine.ait2609@mail.com,Software Engineer,Casablanca,Senior,,14
4307,Amine Ait Lahcen,amine.ait4307@mail.com,Software Engineer,Fes,Mid,,14
3479,Amine Ait Lahcen,amine.ait3479@mail.com,Customer Support Agent,Rabat,Senior,,22
4337,Amine Ait Lahcen,amine.ait4337@mail.com,HR Officer,Fes,Senior,,22
2148,Amine Ait Lahcen,amine.ait2148@mail.com,Accountant,Casablanca,Mid,,16
3940,Amine Ait Lahcen,amine.ait3940@mail.com,Software Engineer,Rabat,Senior,,22
2922,Amine Ait Lahcen,amine.ait2922@mail.com,Sales Executive,Marrakech,Junior,,26
856,Amine Ait Lahcen,amine.ait856@mail.com,Project Manager,Tanger,Mid,,22
1227,Amine Ait Lahcen,amine.ait1227@mail.com,Marketing Specialist,Agadir,Senior,,18
587,Amine Ait Lahcen,amine.ait587@mail.com,Marketing Specialist,Tanger,Senior,,22
3626,Amine Ait Lahcen,amine.ait3626@mail.com,Software Engineer,Agadir,Senior,,24
3051,Amine Ait Lahcen,amine.ait3051@mail.com,Data Analyst,Marrakech,Senior,,24
4202,Amine Ait Lahcen,amine.ait4202@mail.com,Customer Support Agent,Casablanca,Senior,,14
1325,Amine Ait Lahcen,amine.ait1325@mail.com,Customer Support Agent,Casablanca,Mid,,16
4053,Amine Ait Lahcen,amine.ait4053@mail.com,Marketing Specialist,Tanger,Senior,,20
877,Amine Ait Lahcen,amine.ait877@mail.com,Junior trainee,Marrakech,Junior,,16
4000,Amine Ait Lahcen,amine.ait4000@mail.com,Marketing Specialist,Agadir,Senior,,18
2117,Amine Ait Lahcen,amine.ait2117@mail.com,Network Technician,Agadir,Senior,,18
4931,Amine Ait Lahcen,amine.ait4931@mail.com,Data Analyst,Casablanca,Junior,,20
4361,Amine Benali,amine.benali4361@mail.com,Marketing Specialist,Tanger,Senior,,16
4245,Amine Benali,amine.benali4245@mail.com,Marketing Specialist,Marrakech,Senior,,22
4267,Amine Benali,amine.benali4267@mail.com,Junior trainee,Marrakech,Junior,,18
1095,Amine Benali,amine.benali1095@mail.com,Data Analyst,Marrakech,Mid,,18
1100,Amine Benali,amine.benali1100@mail.com,Data Analyst,Marrakech,Senior,,20
3126,Amine Benali,amine.benali3126@mail.com,Network Technician,Tanger,Senior,,16
990,Amine Benali,amine.benali990@mail.com,HR Officer,Casablanca,Senior,,16
1001,Amine Benali,amine.benali1001@mail.com,Customer Support Agent,Tanger,Senior,,20
4868,Amine Benali,amine.benali4868@mail.com,Software Engineer,Fes,Senior,,14
97,Amine Benali,amine.benali97@mail.com,Data Analyst,Rabat,Senior,,16
1622,Amine Benali,amine.benali1622@mail.com,Marketing Specialist,Casablanca,Mid,,16
935,Amine Benali,amine.benali935@mail.com,Customer Support Agent,Rabat,Senior,,18
3164,Amine Benali,amine.benali3164@mail.com,Accountant,Casablanca,Junior,,16
836,Amine Benali,amine.benali836@mail.com,Project Manager,Rabat,Mid,,18
1502,Amine Benali,amine.benali1502@mail.com,Network Technician,Agadir,Senior,,22
1294,Amine Benali,amine.benali1294@mail.com,Accountant,Casablanca,Senior,,18
3898,Amine Benali,amine.benali3898@mail.com,Customer Support Agent,Tanger,Senior,,22
3906,Amine Benali,amine.benali3906@mail.com,Data Analyst,Marrakech,Senior,,16
4139,Amine Benali,amine.benali4139@mail.com,Customer Support Agent,Tanger,Junior,,20
3693,Amine Benali,amine.benali3693@mail.com,Customer Support Agent,Tanger,Junior,,20
4916,Amine Benali,amine.benali4916@mail.com,Data Analyst,Tanger,Mid,,20
2461,Amine Benali,amine.benali2461@mail.com,Software Engineer,Fes,Mid,,16
4726,Amine Benali,amine.benali4726@mail.com,Marketing Specialist,Tanger,Senior,,20
3142,Amine Boulahfa,amine.boulahfa3142@mail.com,Network Technician,Rabat,Senior,,22
3615,Amine Boulahfa,amine.boulahfa3615@mail.com,Sales Executive,Casablanca,Senior,,20
2201,Amine Boulahfa,amine.boulahfa2201@mail.com,Project Manager,Rabat,Senior,,26
1819,Amine Boulahfa,amine.boulahfa1819@mail.com,Data Analyst,Fes,Junior,,20
1380,Amine Boulahfa,amine.boulahfa1380@mail.com,Network Technician,Marrakech,Senior,,18
361,Amine Boulahfa,amine.boulahfa361@mail.com,Accountant,Fes,Mid,,18
4773,Amine Boulahfa,amine.boulahfa4773@mail.com,Network Technician,Agadir,Senior,,14
1021,Amine Boulahfa,amine.boulahfa1021@mail.com,Accountant,Agadir,Junior,,20
1680,Amine Boulahfa,amine.boulahfa1680@mail.com,Data Analyst,Fes,Junior,,18
92,Amine Boulahfa,amine.boulahfa92@mail.com,Network Technician,Fes,Senior,,22
2891,Amine Boulahfa,amine.boulahfa2891@mail.com,Sales Executive,Rabat,Mid,,24
3874,Amine Boulahfa,amine.boulahfa3874@mail.com,HR Officer,Rabat,Senior,,20
1487,Amine Boulahfa,amine.boulahfa1487@mail.com,Junior trainee,Casablanca,Junior,,24
3226,Amine Boulahfa,amine.boulahfa3226@mail.com,Project Manager,Casablanca,Senior,,18
1252,Amine Boulahfa,amine.boulahfa1252@mail.com,Project Manager,Rabat,Junior,,16
4136,Amine Boulahfa,amine.boulahfa4136@mail.com,Accountant,Rabat,Senior,,18
712,Amine Boulahfa,amine.boulahfa712@mail.com,Customer Support Agent,Casablanca,Senior,,14
2571,Amine Boulahfa,amine.boulahfa2571@mail.com,Project Manager,Fes,Mid,,20
897,Amine Boulahfa,amine.boulahfa897@mail.com,Sales Executive,Tanger,Mid,,22
909,Amine Boulahfa,amine.boulahfa909@mail.com,Sales Executive,Rabat,Senior,,16
2809,Amine Boulahfa,amine.boulahfa2809@mail.com,Data Analyst,Fes,Senior,,18
3630,Amine Chafik,amine.chafik3630@mail.com,Junior trainee,Rabat,Junior,,22
4413,Amine Chafik,amine.chafik4413@mail.com,Data Analyst,Tanger,Senior,,20
4290,Amine Chafik,amine.chafik4290@mail.com,Marketing Specialist,Casablanca,Senior,,18
4296,Amine Chafik,amine.chafik4296@mail.com,Project Manager,Tanger,Senior,,22
3684,Amine Chafik,amine.chafik3684@mail.com,Customer Support Agent,Marrakech,Senior,,16
3134,Amine Chafik,amine.chafik3134@mail.com,Sales Executive,Marrakech,Mid,,18
2366,Amine Chafik,amine.chafik2366@mail.com,Data Analyst,Agadir,Senior,,16
4,Amine Chafik,amine.chafik4@mail.com,Marketing Specialist,Marrakech,Junior,,14
3278,Amine Chafik,amine.chafik3278@mail.com,Software Engineer,Agadir,Senior,,20
1699,Amine Chafik,amine.chafik1699@mail.com,Junior trainee,Casablanca,Junior,,18
2045,Amine Chafik,amine.chafik2045@mail.com,HR Officer,Tanger,Junior,,20
2189,Amine Chafik,amine.chafik2189@mail.com,Marketing Specialist,Fes,Senior,,22
2193,Amine Chafik,amine.chafik2193@mail.com,Marketing Specialist,Marrakech,Senior,,22
4596,Amine Chafik,amine.chafik4596@mail.com,Marketing Specialist,Agadir,Senior,,22
4835,Amine Chafik,amine.chafik4835@mail.com,Accountant,Tanger,Junior,,24
1009,Amine Chafik,amine.chafik1009@mail.com,Software Engineer,Rabat,Mid,,22
2064,Amine Chafik,amine.chafik2064@mail.com,HR Officer,Agadir,Junior,,20
1531,Amine Chafik,amine.chafik1531@mail.com,Marketing Specialist,Casablanca,Senior,,18
1872,Amine Chafik,amine.chafik1872@mail.com,HR Officer,Fes,Senior,,16
2003,Amine Chafik,amine.chafik2003@mail.com,Network Technician,Tanger,Mid,,22
4195,Amine Chafik,amine.chafik4195@mail.com,Marketing Specialist,Rabat,Senior,,22
3345,Amine Chafik,amine.chafik3345@mail.com,Marketing Specialist,Tanger,Junior,,18
2259,Amine Chafik,amine.chafik2259@mail.com,Sales Executive,Agadir,Senior,,22
378,Amine Chafik,amine.chafik378@mail.com,Accountant,Casablanca,Senior,,20
2651,Amine Chafik,amine.chafik2651@mail.com,Data Analyst,Rabat,Senior,,22
2679,Amine Chafik,amine.chafik2679@mail.com,Project Manager,Rabat,Senior,,22
3072,Amine Chafik,amine.chafik3072@mail.com,Accountant,Marrakech,Senior,,18
826,Amine El Amrani,amine.el826@mail.com,Accountant,Fes,Senior,,20
3376,Amine El Amrani,amine.el3376@mail.com,HR Officer,Fes,Mid,,20
2993,Amine El Amrani,amine.el2993@mail.com,Marketing Specialist,Casablanca,Senior,,20
4288,Amine El Amrani,amine.el4288@mail.com,HR Officer,Agadir,Junior,,24
3616,Amine El Amrani,amine.el3616@mail.com,Project Manager,Agadir,Mid,,18
1127,Amine El Amrani,amine.el1127@mail.com,Data Analyst,Fes,Senior,,22
4508,Amine El Amrani,amine.el4508@mail.com,HR Officer,Rabat,Senior,,18
3163,Amine El Amrani,amine.el3163@mail.com,HR Officer,Fes,Mid,,18
3200,Amine El Amrani,amine.el3200@mail.com,Sales Executive,Casablanca,Mid,,18
2765,Amine El Amrani,amine.el2765@mail.com,Software Engineer,Marrakech,Senior,,20
3955,Amine El Amrani,amine.el3955@mail.com,Network Technician,Casablanca,Mid,,20
4453,Amine El Amrani,amine.el4453@mail.com,Customer Support Agent,Casablanca,Senior,,22
4486,Amine El Amrani,amine.el4486@mail.com,Data Analyst,Marrakech,Senior,,18
3781,Amine El Amrani,amine.el3781@mail.com,Customer Support Agent,Agadir,Mid,,18
4795,Amine El Amrani,amine.el4795@mail.com,Data Analyst,Casablanca,Mid,,18
1658,Amine El Amrani,amine.el1658@mail.com,Customer Support Agent,Fes,Senior,,20
1985,Amine El Amrani,amine.el1985@mail.com,HR Officer,Marrakech,Junior,,14
679,Amine El Amrani,amine.el679@mail.com,Customer Support Agent,Tanger,Senior,,20
1555,Amine El Amrani,amine.el1555@mail.com,Accountant,Rabat,Mid,,18
1454,Amine El Amrani,amine.el1454@mail.com,Customer Support Agent,Tanger,Mid,,18
412,Amine El Amrani,amine.el412@mail.com,Marketing Specialist,Agadir,Mid,,16
4137,Amine El Amrani,amine.el4137@mail.com,Accountant,Marrakech,Senior,,22
4143,Amine El Amrani,amine.el4143@mail.com,Marketing Specialist,Agadir,Senior,,18
3610,Amine El Idrissi,amine.el3610@mail.com,Sales Executive,Fes,Senior,,24
992,Amine El Idrissi,amine.el992@mail.com,Accountant,Casablanca,Senior,,16
93,Amine El Idrissi,amine.el93@mail.com,Data Analyst,Fes,Senior,,16
3114,Amine El Idrissi,amine.el3114@mail.com,Customer Support Agent,Fes,Junior,,22
3122,Amine El Idrissi,amine.el3122@mail.com,Marketing Specialist,Casablanca,Senior,,18
3130,Amine El Idrissi,amine.el3130@mail.com,Data Analyst,Agadir,Senior,,14
3435,Amine El Idrissi,amine.el3435@mail.com,Sales Executive,Marrakech,Senior,,20
4997,Amine El Idrissi,amine.el4997@mail.com,Sales Executive,Agadir,Senior,,16
1598,Amine El Idrissi,amine.el1598@mail.com,Project Manager,Fes,Senior,,18
1880,Amine El Idrissi,amine.el1880@mail.com,Junior trainee,Rabat,Junior,,16
2012,Amine El Idrissi,amine.el2012@mail.com,Network Technician,Tanger,Senior,,18
1614,Amine El Idrissi,amine.el1614@mail.com,Customer Support Agent,Rabat,Mid,,24
1631,Amine El Idrissi,amine.el1631@mail.com,Marketing Specialist,Tanger,Mid,,18
2550,Amine El Idrissi,amine.el2550@mail.com,Customer Support Agent,Fes,Senior,,16
1553,Amine El Idrissi,amine.el1553@mail.com,HR Officer,Tanger,Mid,,16
2265,Amine El Idrissi,amine.el2265@mail.com,Marketing Specialist,Tanger,Senior,,24
1173,Amine El Idrissi,amine.el1173@mail.com,Data Analyst,Tanger,Senior,,22
3367,Amine El Idrissi,amine.el3367@mail.com,Project Manager,Rabat,Senior,,18
3338,Amine Fassi,amine.fassi3338@mail.com,Data Analyst,Fes,Senior,,14
3147,Amine Fassi,amine.fassi3147@mail.com,Network Technician,Agadir,Senior,,22
3387,Amine Fassi,amine.fassi3387@mail.com,Data Analyst,Agadir,Mid,,16
3420,Amine Fassi,amine.fassi3420@mail.com,Project Manager,Rabat,Mid,,22
3095,Amine Fassi,amine.fassi3095@mail.com,Accountant,Fes,Mid,,16
2583,Amine Fassi,amine.fassi2583@mail.com,Software Engineer,Fes,Senior,,16
2608,Amine Fassi,amine.fassi2608@mail.com,Marketing Specialist,Rabat,Senior,,24
4436,Amine Fassi,amine.fassi4436@mail.com,Accountant,Tanger,Mid,,18
4323,Amine Fassi,amine.fassi4323@mail.com,HR Officer,Rabat,Senior,,16
2978,Amine Fassi,amine.fassi2978@mail.com,Data Analyst,Rabat,Senior,,20
519,Amine Fassi,amine.fassi519@mail.com,Software Engineer,Tanger,Mid,,24
621,Amine Fassi,amine.fassi621@mail.com,Project Manager,Tanger,Senior,,18
4992,Amine Fassi,amine.fassi4992@mail.com,Network Technician,Casablanca,Senior,,18
3586,Amine Fassi,amine.fassi3586@mail.com,Project Manager,Marrakech,Senior,,16
3201,Amine Fassi,amine.fassi3201@mail.com,Software Engineer,Tanger,Senior,,20
4578,Amine Fassi,amine.fassi4578@mail.com,Sales Executive,Casablanca,Senior,,20
3926,Amine Fassi,amine.fassi3926@mail.com,Software Engineer,Agadir,Senior,,26
790,Amine Fassi,amine.fassi790@mail.com,Data Analyst,Casablanca,Senior,,20
3019,Amine Fassi,amine.fassi3019@mail.com,Software Engineer,Rabat,Senior,,16
4036,Amine Fassi,amine.fassi4036@mail.com,Network Technician,Rabat,Mid,,16
1649,Amine Fassi,amine.fassi1649@mail.com,Network Technician,Fes,Senior,,16
2854,Amine Fassi,amine.fassi2854@mail.com,Software Engineer,Fes,Mid,,18
2865,Amine Fassi,amine.fassi2865@mail.com,Project Manager,Agadir,Senior,,24
4575,Amine Raji,amine.raji4575@mail.com,Sales Executive,Marrakech,Senior,,22
4138,Amine Raji,amine.raji4138@mail.com,HR Officer,Marrakech,Junior,,16
2373,Amine Raji,amine.raji2373@mail.com,Software Engineer,Casablanca,Junior,,14
4714,Amine Raji,amine.raji4714@mail.com,HR Officer,Fes,Senior,,22
3168,Amine Raji,amine.raji3168@mail.com,Sales Executive,Marrakech,Senior,,18
528,Amine Raji,amine.raji528@mail.com,Data Analyst,Marrakech,Senior,,18
547,Amine Raji,amine.raji547@mail.com,Project Manager,Rabat,Mid,,18
2779,Amine Raji,amine.raji2779@mail.com,Data Analyst,Tanger,Mid,,20
4452,Amine Raji,amine.raji4452@mail.com,Accountant,Tanger,Senior,,22
3713,Amine Raji,amine.raji3713@mail.com,Sales Executive,Fes,Senior,,22
3859,Amine Raji,amine.raji3859@mail.com,Marketing Specialist,Marrakech,Senior,,18
2929,Amine Raji,amine.raji2929@mail.com,Network Technician,Agadir,Mid,,18
2943,Amine Raji,amine.raji2943@mail.com,Network Technician,Agadir,Senior,,14
1145,Amine Raji,amine.raji1145@mail.com,Data Analyst,Agadir,Senior,,22
282,Amine Raji,amine.raji282@mail.com,Accountant,Tanger,Senior,,20
303,Amine Raji,amine.raji303@mail.com,Project Manager,Marrakech,Senior,,14
314,Amine Raji,amine.raji314@mail.com,Software Engineer,Rabat,Mid,,18
3961,Amine Raji,amine.raji3961@mail.com,Software Engineer,Casablanca,Junior,,20
2693,Amine Raji,amine.raji2693@mail.com,Accountant,Marrakech,Senior,,16
4587,Amine Tahiri,amine.tahiri4587@mail.com,Accountant,Marrakech,Mid,,16
3680,Amine Tahiri,amine.tahiri3680@mail.com,Accountant,Marrakech,Senior,,16
1394,Amine Tahiri,amine.tahiri1394@mail.com,Accountant,Rabat,Senior,,22
3321,Amine Tahiri,amine.tahiri3321@mail.com,HR Officer,Tanger,Senior,,14
3515,Amine Tahiri,amine.tahiri3515@mail.com,Marketing Specialist,Fes,Senior,,18
3080,Amine Tahiri,amine.tahiri3080@mail.com,Sales Executive,Agadir,Mid,,18
4335,Amine Tahiri,amine.tahiri4335@mail.com,Project Manager,Rabat,Senior,,18
4411,Amine Tahiri,amine.tahiri4411@mail.com,Network Technician,Fes,Senior,,20
4606,Amine Tahiri,amine.tahiri4606@mail.com,Network Technician,Agadir,Junior,,20
138,Amine Tahiri,amine.tahiri138@mail.com,Project Manager,Marrakech,Senior,,26
2403,Amine Tahiri,amine.tahiri2403@mail.com,Network Technician,Agadir,Mid,,20
4832,Amine Tahiri,amine.tahiri4832@mail.com,Accountant,Tanger,Mid,,22
1117,Amine Tahiri,amine.tahiri1117@mail.com,Project Manager,Casablanca,Mid,,18
520,Amine Tahiri,amine.tahiri520@mail.com,Software Engineer,Casablanca,Mid,,14
3231,Amine Tahiri,amine.tahiri3231@mail.com,Project Manager,Agadir,Senior,,18
2640,Amine Tahiri,amine.tahiri2640@mail.com,Network Technician,Tanger,Junior,,18
667,Amine Tahiri,amine.tahiri667@mail.com,Software Engineer,Rabat,Senior,,16
690,Amine Tahiri,amine.tahiri690@mail.com,Software Engineer,Casablanca,Senior,,18
2268,Amine Tahiri,amine.tahiri2268@mail.com,Marketing Specialist,Casablanca,Senior,,14
4032,Amine Tahiri,amine.tahiri4032@mail.com,Marketing Specialist,Tanger,Senior,,20
2001,Amine Tahiri,amine.tahiri2001@mail.com,Software Engineer,Fes,Senior,,20
3675,Amine Zerouali,amine.zerouali3675@mail.com,Data Analyst,Rabat,Senior,,22
2972,Amine Zerouali,amine.zerouali2972@mail.com,Accountant,Casablanca,Mid,,22
2976,Amine Zerouali,amine.zerouali2976@mail.com,Data Analyst,Rabat,Mid,,18
4936,Amine Zerouali,amine.zerouali4936@mail.com,Software Engineer,Casablanca,Senior,,12
4569,Amine Zerouali,amine.zerouali4569@mail.com,Sales Executive,Tanger,Senior,,16
2712,Amine Zerouali,amine.zerouali2712@mail.com,Marketing Specialist,Casablanca,Senior,,22
2713,Amine Zerouali,amine.zerouali2713@mail.com,Software Engineer,Agadir,Senior,,22
1353,Amine Zerouali,amine.zerouali1353@mail.com,Junior trainee,Rabat,Junior,,18
1374,Amine Zerouali,amine.zerouali1374@mail.com,Sales Executive,Agadir,Senior,,22
3620,Amine Zerouali,amine.zerouali3620@mail.com,Software Engineer,Tanger,Senior,,18
2482,Amine Zerouali,amine.zerouali2482@mail.com,Marketing Specialist,Agadir,Mid,,22
4873,Amine Zerouali,amine.zerouali4873@mail.com,Junior trainee,Fes,Junior,,16
4712,Amine Zerouali,amine.zerouali4712@mail.com,Customer Support Agent,Fes,Senior,,18
2324,Amine Zerouali,amine.zerouali2324@mail.com,HR Officer,Marrakech,Senior,,20
3428,Amine Zerouali,amine.zerouali3428@mail.com,Marketing Specialist,Marrakech,Mid,,16
1214,Amine Zerouali,amine.zerouali1214@mail.com,Accountant,Agadir,Senior,,22
4698,Amine Zerouali,amine.zerouali4698@mail.com,Customer Support Agent,Tanger,Senior,,24
307,Amine Zerouali,amine.zerouali307@mail.com,Sales Executive,Rabat,Mid,,18
3027,Amine Zerouali,amine.zerouali3027@mail.com,Accountant,Agadir,Mid,,14
699,Amine Zerouali,amine.zerouali699@mail.com,Network Technician,Tanger,Senior,,20
710,Amine Zerouali,amine.zerouali710@mail.com,Sales Executive,Fes,Senior,,20
795,Amine Zerouali,amine.zerouali795@mail.com,Customer Support Agent,Fes,Senior,,20
cddca858-2b51-446a-ad41-7fed590e60eb,Amrinder Business Analyst,,,,,,24
50f89453-dea4-4237-ada4-e3e3317fdf1d,Amulya Komatineni,,,,,,32
1f276da8-cd0d-4a59-8ea8-0a97b8f13742,Anil Krishna Mogalaturthi,,,,,,38
27022c8d-2f80-4a60-bd77-3a70e3f7aeee,AnilAgarwal,,,,,,37
25984656-8514-4169-ad99-5138370577e1,Anudeep N Sr Java Developer,,,,,,32
868da245-0507-46bd-950e-ad51089332d9,Ashok Jayakumar - PM,,,,,,22
4f5f508f-a20d-4ec4-a255-e1fd19338df3,Ashwini J2EE Developer,,,,,,38
2812,Asma Ait Lahcen,asma.ait2812@mail.com,HR Officer,Marrakech,Senior,,20
4140,Asma Ait Lahcen,asma.ait4140@mail.com,HR Officer,Tanger,Senior,,16
3152,Asma Ait Lahcen,asma.ait3152@mail.com,Marketing Specialist,Rabat,Senior,,14
1763,Asma Ait Lahcen,asma.ait1763@mail.com,Data Analyst,Fes,Senior,,20
4295,Asma Ait Lahcen,asma.ait4295@mail.com,Marketing Specialist,Rabat,Mid,,16
4077,Asma Ait Lahcen,asma.ait4077@mail.com,Network Technician,Fes,Senior,,18
1186,Asma Ait Lahcen,asma.ait1186@mail.com,Project Manager,Rabat,Senior,,20
1230,Asma Ait Lahcen,asma.ait1230@mail.com,Accountant,Marrakech,Senior,,24
546,Asma Ait Lahcen,asma.ait546@mail.com,Project Manager,Marrakech,Senior,,14
449,Asma Ait Lahcen,asma.ait449@mail.com,Project Manager,Marrakech,Mid,,22
208,Asma Ait Lahcen,asma.ait208@mail.com,HR Officer,Fes,Senior,,20
633,Asma Ait Lahcen,asma.ait633@mail.com,Software Engineer,Tanger,Senior,,16
3533,Asma Ait Lahcen,asma.ait3533@mail.com,HR Officer,Tanger,Senior,,22
348,Asma Ait Lahcen,asma.ait348@mail.com,Junior trainee,Rabat,Junior,,18
944,Asma Ait Lahcen,asma.ait944@mail.com,Junior trainee,Rabat,Junior,,20
3934,Asma Ait Lahcen,asma.ait3934@mail.com,Junior trainee,Marrakech,Junior,,12
1628,Asma Ait Lahcen,asma.ait1628@mail.com,Accountant,Fes,Junior,,14
3728,Asma Ait Lahcen,asma.ait3728@mail.com,Software Engineer,Tanger,Senior,,16
405,Asma Ait Lahcen,asma.ait405@mail.com,Software Engineer,Tanger,Senior,,14
3035,Asma Ait Lahcen,asma.ait3035@mail.com,Project Manager,Agadir,Senior,,22
3038,Asma Ait Lahcen,asma.ait3038@mail.com,Accountant,Tanger,Senior,,20
2276,Asma Ait Lahcen,asma.ait2276@mail.com,Sales Executive,Casablanca,Senior,,18
320,Asma Ait Lahcen,asma.ait320@mail.com,Software Engineer,Marrakech,Senior,,20
4675,Asma Ait Lahcen,asma.ait4675@mail.com,Project Manager,Agadir,Senior,,18
4686,Asma Ait Lahcen,asma.ait4686@mail.com,Sales Executive,Rabat,Senior,,18
4677,Asma Benali,asma.benali4677@mail.com,Data Analyst,Casablanca,Senior,,18
1737,Asma Benali,asma.benali1737@mail.com,Sales Executive,Tanger,Senior,,20
2750,Asma Benali,asma.benali2750@mail.com,Network Technician,Tanger,Mid,,20
4810,Asma Benali,asma.benali4810@mail.com,Sales Executive,Marrakech,Senior,,20
3665,Asma Benali,asma.benali3665@mail.com,Software Engineer,Agadir,Senior,,22
779,Asma Benali,asma.benali779@mail.com,Network Technician,Agadir,Junior,,20
794,Asma Benali,asma.benali794@mail.com,Sales Executive,Marrakech,Mid,,20
2843,Asma Benali,asma.benali2843@mail.com,Software Engineer,Marrakech,Senior,,22
104,Asma Benali,asma.benali104@mail.com,Accountant,Agadir,Mid,,20
4947,Asma Benali,asma.benali4947@mail.com,Network Technician,Marrakech,Senior,,22
4953,Asma Benali,asma.benali4953@mail.com,Data Analyst,Fes,Mid,,20
2575,Asma Benali,asma.benali2575@mail.com,HR Officer,Agadir,Mid,,20
3102,Asma Benali,asma.benali3102@mail.com,Network Technician,Casablanca,Senior,,18
3613,Asma Benali,asma.benali3613@mail.com,Customer Support Agent,Tanger,Senior,,18
1420,Asma Benali,asma.benali1420@mail.com,Marketing Specialist,Agadir,Senior,,22
2398,Asma Benali,asma.benali2398@mail.com,Network Technician,Agadir,Mid,,22
4450,Asma Benali,asma.benali4450@mail.com,Accountant,Tanger,Mid,,20
2466,Asma Benali,asma.benali2466@mail.com,Project Manager,Agadir,Senior,,22
2084,Asma Benali,asma.benali2084@mail.com,Marketing Specialist,Fes,Senior,,22
1329,Asma Benali,asma.benali1329@mail.com,Accountant,Agadir,Senior,,20
3911,Asma Benali,asma.benali3911@mail.com,Accountant,Rabat,Senior,,20
3881,Asma Benali,asma.benali3881@mail.com,Accountant,Marrakech,Senior,,18
4027,Asma Benali,asma.benali4027@mail.com,Customer Support Agent,Tanger,Senior,,20
4041,Asma Benali,asma.benali4041@mail.com,Sales Executive,Rabat,Junior,,18
1515,Asma Benali,asma.benali1515@mail.com,Project Manager,Marrakech,Mid,,22
3063,Asma Benali,asma.benali3063@mail.com,Sales Executive,Rabat,Senior,,20
1411,Asma Boulahfa,asma.boulahfa1411@mail.com,Accountant,Casablanca,Senior,,24
4806,Asma Boulahfa,asma.boulahfa4806@mail.com,Software Engineer,Agadir,Senior,,22
322,Asma Boulahfa,asma.boulahfa322@mail.com,Accountant,Casablanca,Junior,,22
829,Asma Boulahfa,asma.boulahfa829@mail.com,Customer Support Agent,Rabat,Senior,,22
2017,Asma Boulahfa,asma.boulahfa2017@mail.com,Marketing Specialist,Rabat,Senior,,22
4253,Asma Boulahfa,asma.boulahfa4253@mail.com,Data Analyst,Casablanca,Senior,,18
1210,Asma Boulahfa,asma.boulahfa1210@mail.com,Customer Support Agent,Fes,Senior,,20
2484,Asma Boulahfa,asma.boulahfa2484@mail.com,Software Engineer,Rabat,Senior,,22
137,Asma Boulahfa,asma.boulahfa137@mail.com,Project Manager,Tanger,Mid,,22
3844,Asma Boulahfa,asma.boulahfa3844@mail.com,HR Officer,Marrakech,Mid,,24
4305,Asma Boulahfa,asma.boulahfa4305@mail.com,Marketing Specialist,Tanger,Mid,,16
2155,Asma Boulahfa,asma.boulahfa2155@mail.com,Software Engineer,Fes,Senior,,16
1624,Asma Boulahfa,asma.boulahfa1624@mail.com,Data Analyst,Marrakech,Junior,,24
262,Asma Boulahfa,asma.boulahfa262@mail.com,Customer Support Agent,Fes,Mid,,20
2072,Asma Boulahfa,asma.boulahfa2072@mail.com,Marketing Specialist,Casablanca,Senior,,22
924,Asma Boulahfa,asma.boulahfa924@mail.com,HR Officer,Casablanca,Senior,,24
2301,Asma Boulahfa,asma.boulahfa2301@mail.com,Data Analyst,Rabat,Senior,,24
2555,Asma Boulahfa,asma.boulahfa2555@mail.com,Software Engineer,Marrakech,Senior,,16
2564,Asma Boulahfa,asma.boulahfa2564@mail.com,Sales Executive,Rabat,Senior,,20
4956,Asma Chafik,asma.chafik4956@mail.com,Software Engineer,Fes,Senior,,20
4430,Asma Chafik,asma.chafik4430@mail.com,Network Technician,Casablanca,Senior,,22
2798,Asma Chafik,asma.chafik2798@mail.com,Sales Executive,Casablanca,Senior,,20
3384,Asma Chafik,asma.chafik3384@mail.com,Data Analyst,Fes,Senior,,20
781,Asma Chafik,asma.chafik781@mail.com,HR Officer,Casablanca,Senior,,20
3353,Asma Chafik,asma.chafik3353@mail.com,HR Officer,Rabat,Senior,,22
2612,Asma Chafik,asma.chafik2612@mail.com,Sales Executive,Fes,Junior,,20
1938,Asma Chafik,asma.chafik1938@mail.com,Accountant,Fes,Junior,,16
13,Asma Chafik,asma.chafik13@mail.com,Network Technician,Tanger,Mid,,22
40,Asma Chafik,asma.chafik40@mail.com,Project Manager,Tanger,Senior,,20
3790,Asma Chafik,asma.chafik3790@mail.com,Sales Executive,Agadir,Senior,,18
1064,Asma Chafik,asma.chafik1064@mail.com,Junior trainee,Rabat,Junior,,22
4501,Asma Chafik,asma.chafik4501@mail.com,Project Manager,Casablanca,Senior,,18
172,Asma Chafik,asma.chafik172@mail.com,Network Technician,Tanger,Senior,,20
253,Asma Chafik,asma.chafik253@mail.com,Accountant,Tanger,Senior,,24
495,Asma Chafik,asma.chafik495@mail.com,HR Officer,Casablanca,Senior,,22
1908,Asma Chafik,asma.chafik1908@mail.com,Marketing Specialist,Tanger,Senior,,14
3726,Asma Chafik,asma.chafik3726@mail.com,Data Analyst,Rabat,Junior,,20
2998,Asma Chafik,asma.chafik2998@mail.com,Marketing Specialist,Agadir,Senior,,20
3023,Asma Chafik,asma.chafik3023@mail.com,Project Manager,Agadir,Mid,,18
4026,Asma Chafik,asma.chafik4026@mail.com,Marketing Specialist,Agadir,Junior,,20
4038,Asma Chafik,asma.chafik4038@mail.com,Accountant,Marrakech,Senior,,22
411,Asma Chafik,asma.chafik411@mail.com,Customer Support Agent,Tanger,Senior,,18
3928,Asma Chafik,asma.chafik3928@mail.com,Data Analyst,Tanger,Junior,,16
1447,Asma El Amrani,asma.el1447@mail.com,Network Technician,Agadir,Senior,,16
1731,Asma El Amrani,asma.el1731@mail.com,Marketing Specialist,Marrakech,Senior,,18
3113,Asma El Amrani,asma.el3113@mail.com,Customer Support Agent,Casablanca,Mid,,22
2210,Asma El Amrani,asma.el2210@mail.com,Data Analyst,Tanger,Senior,,26
4263,Asma El Amrani,asma.el4263@mail.com,Sales Executive,Marrakech,Junior,,24
4638,Asma El Amrani,asma.el4638@mail.com,HR Officer,Tanger,Junior,,16
786,Asma El Amrani,asma.el786@mail.com,Sales Executive,Tanger,Senior,,14
3768,Asma El Amrani,asma.el3768@mail.com,HR Officer,Fes,Mid,,16
591,Asma El Amrani,asma.el591@mail.com,Network Technician,Rabat,Senior,,18
117,Asma El Amrani,asma.el117@mail.com,Data Analyst,Rabat,Senior,,20
131,Asma El Amrani,asma.el131@mail.com,HR Officer,Tanger,Senior,,20
2318,Asma El Amrani,asma.el2318@mail.com,Software Engineer,Agadir,Senior,,22
2359,Asma El Amrani,asma.el2359@mail.com,Accountant,Tanger,Senior,,18
2132,Asma El Amrani,asma.el2132@mail.com,Sales Executive,Fes,Senior,,18
4454,Asma El Amrani,asma.el4454@mail.com,Accountant,Agadir,Senior,,20
2197,Asma El Amrani,asma.el2197@mail.com,Data Analyst,Agadir,Senior,,26
930,Asma El Amrani,asma.el930@mail.com,Sales Executive,Tanger,Mid,,22
932,Asma El Amrani,asma.el932@mail.com,Network Technician,Marrakech,Senior,,16
4900,Asma El Amrani,asma.el4900@mail.com,HR Officer,Agadir,Mid,,22
2629,Asma El Amrani,asma.el2629@mail.com,Network Technician,Rabat,Senior,,18
3007,Asma El Amrani,asma.el3007@mail.com,HR Officer,Tanger,Junior,,18
3887,Asma El Amrani,asma.el3887@mail.com,Data Analyst,Rabat,Mid,,20
1914,Asma El Amrani,asma.el1914@mail.com,Project Manager,Fes,Senior,,20
4536,Asma El Idrissi,asma.el4536@mail.com,HR Officer,Tanger,Senior,,20
2523,Asma El Idrissi,asma.el2523@mail.com,Accountant,Tanger,Junior,,18
4779,Asma El Idrissi,asma.el4779@mail.com,Customer Support Agent,Marrakech,Mid,,14
846,Asma El Idrissi,asma.el846@mail.com,HR Officer,Fes,Senior,,20
2782,Asma El Idrissi,asma.el2782@mail.com,Accountant,Marrakech,Junior,,22
4338,Asma El Idrissi,asma.el4338@mail.com,Marketing Specialist,Rabat,Senior,,22
4375,Asma El Idrissi,asma.el4375@mail.com,Project Manager,Rabat,Mid,,18
2698,Asma El Idrissi,asma.el2698@mail.com,Sales Executive,Rabat,Senior,,16
3659,Asma El Idrissi,asma.el3659@mail.com,Network Technician,Fes,Senior,,18
3501,Asma El Idrissi,asma.el3501@mail.com,Project Manager,Fes,Mid,,20
2515,Asma El Idrissi,asma.el2515@mail.com,HR Officer,Fes,Senior,,18
3764,Asma El Idrissi,asma.el3764@mail.com,Software Engineer,Casablanca,Senior,,22
3773,Asma El Idrissi,asma.el3773@mail.com,Software Engineer,Marrakech,Mid,,18
4243,Asma El Idrissi,asma.el4243@mail.com,Project Manager,Rabat,Senior,,18
4277,Asma El Idrissi,asma.el4277@mail.com,Project Manager,Rabat,Senior,,22
4747,Asma El Idrissi,asma.el4747@mail.com,Software Engineer,Marrakech,Senior,,16
221,Asma El Idrissi,asma.el221@mail.com,HR Officer,Rabat,Mid,,22
1262,Asma El Idrissi,asma.el1262@mail.com,Network Technician,Rabat,Senior,,22
1276,Asma El Idrissi,asma.el1276@mail.com,Marketing Specialist,Rabat,Mid,,20
2458,Asma El Idrissi,asma.el2458@mail.com,Customer Support Agent,Casablanca,Mid,,24
1473,Asma El Idrissi,asma.el1473@mail.com,Customer Support Agent,Tanger,Senior,,24
2900,Asma El Idrissi,asma.el2900@mail.com,Project Manager,Marrakech,Senior,,18
939,Asma El Idrissi,asma.el939@mail.com,Software Engineer,Fes,Junior,,16
4269,Asma Fassi,asma.fassi4269@mail.com,Data Analyst,Marrakech,Senior,,24
2531,Asma Fassi,asma.fassi2531@mail.com,Junior trainee,Marrakech,Junior,,22
109,Asma Fassi,asma.fassi109@mail.com,Customer Support Agent,Agadir,Senior,,22
2997,Asma Fassi,asma.fassi2997@mail.com,Project Manager,Marrakech,Senior,,22
3413,Asma Fassi,asma.fassi3413@mail.com,Sales Executive,Agadir,Senior,,16
4659,Asma Fassi,asma.fassi4659@mail.com,Data Analyst,Agadir,Senior,,22
3054,Asma Fassi,asma.fassi3054@mail.com,Data Analyst,Fes,Senior,,22
4339,Asma Fassi,asma.fassi4339@mail.com,Customer Support Agent,Casablanca,Mid,,16
4142,Asma Fassi,asma.fassi4142@mail.com,Customer Support Agent,Casablanca,Senior,,18
981,Asma Fassi,asma.fassi981@mail.com,Software Engineer,Marrakech,Senior,,20
2611,Asma Fassi,asma.fassi2611@mail.com,Data Analyst,Marrakech,Senior,,18
4114,Asma Fassi,asma.fassi4114@mail.com,Network Technician,Casablanca,Senior,,22
3593,Asma Fassi,asma.fassi3593@mail.com,Project Manager,Fes,Senior,,20
1978,Asma Fassi,asma.fassi1978@mail.com,Accountant,Casablanca,Senior,,14
4625,Asma Fassi,asma.fassi4625@mail.com,Network Technician,Casablanca,Senior,,20
3082,Asma Fassi,asma.fassi3082@mail.com,Sales Executive,Fes,Senior,,20
3094,Asma Fassi,asma.fassi3094@mail.com,Data Analyst,Rabat,Senior,,16
3204,Asma Fassi,asma.fassi3204@mail.com,Data Analyst,Agadir,Mid,,22
2895,Asma Fassi,asma.fassi2895@mail.com,Data Analyst,Fes,Senior,,20
2134,Asma Fassi,asma.fassi2134@mail.com,Project Manager,Fes,Senior,,20
413,Asma Fassi,asma.fassi413@mail.com,Junior trainee,Agadir,Junior,,14
746,Asma Fassi,asma.fassi746@mail.com,Project Manager,Fes,Senior,,22
3995,Asma Fassi,asma.fassi3995@mail.com,Sales Executive,Rabat,Junior,,20
1483,Asma Fassi,asma.fassi1483@mail.com,Software Engineer,Rabat,Senior,,24
4018,Asma Fassi,asma.fassi4018@mail.com,HR Officer,Marrakech,Senior,,24
4177,Asma Fassi,asma.fassi4177@mail.com,Sales Executive,Casablanca,Senior,,14
2452,Asma Fassi,asma.fassi2452@mail.com,Customer Support Agent,Agadir,Senior,,18
507,Asma Fassi,asma.fassi507@mail.com,Customer Support Agent,Agadir,Mid,,22
521,Asma Raji,asma.raji521@mail.com,Data Analyst,Casablanca,Senior,,22
4353,Asma Raji,asma.raji4353@mail.com,Project Manager,Marrakech,Senior,,20
2973,Asma Raji,asma.raji2973@mail.com,Software Engineer,Fes,Senior,,18
947,Asma Raji,asma.raji947@mail.com,Marketing Specialist,Marrakech,Senior,,20
124,Asma Raji,asma.raji124@mail.com,Sales Executive,Tanger,Senior,,20
1586,Asma Raji,asma.raji1586@mail.com,HR Officer,Fes,Senior,,22
91,Asma Raji,asma.raji91@mail.com,Sales Executive,Marrakech,Senior,,18
1810,Asma Raji,asma.raji1810@mail.com,Network Technician,Agadir,Senior,,20
2846,Asma Raji,asma.raji2846@mail.com,Project Manager,Rabat,Mid,,20
3912,Asma Raji,asma.raji3912@mail.com,Marketing Specialist,Fes,Senior,,18
601,Asma Raji,asma.raji601@mail.com,Accountant,Fes,Junior,,20
3836,Asma Raji,asma.raji3836@mail.com,Project Manager,Tanger,Senior,,24
3747,Asma Raji,asma.raji3747@mail.com,Project Manager,Marrakech,Senior,,24
3276,Asma Raji,asma.raji3276@mail.com,Marketing Specialist,Casablanca,Senior,,14
3645,Asma Raji,asma.raji3645@mail.com,Sales Executive,Agadir,Senior,,18
3674,Asma Raji,asma.raji3674@mail.com,Software Engineer,Marrakech,Senior,,20
16,Asma Raji,asma.raji16@mail.com,Customer Support Agent,Marrakech,Senior,,20
481,Asma Raji,asma.raji481@mail.com,Accountant,Rabat,Mid,,16
2455,Asma Raji,asma.raji2455@mail.com,Software Engineer,Agadir,Senior,,18
380,Asma Raji,asma.raji380@mail.com,Accountant,Marrakech,Senior,,18
1849,Asma Raji,asma.raji1849@mail.com,HR Officer,Fes,Senior,,18
1653,Asma Raji,asma.raji1653@mail.com,Sales Executive,Agadir,Mid,,24
4734,Asma Raji,asma.raji4734@mail.com,Marketing Specialist,Rabat,Senior,,20
4736,Asma Raji,asma.raji4736@mail.com,HR Officer,Rabat,Senior,,18
3029,Asma Raji,asma.raji3029@mail.com,Data Analyst,Fes,Senior,,18
2074,Asma Raji,asma.raji2074@mail.com,Software Engineer,Marrakech,Senior,,20
2091,Asma Raji,asma.raji2091@mail.com,Software Engineer,Marrakech,Mid,,18
1455,Asma Raji,asma.raji1455@mail.com,Software Engineer,Fes,Senior,,20
17,Asma Tahiri,asma.tahiri17@mail.com,Sales Executive,Tanger,Senior,,22
1804,Asma Tahiri,asma.tahiri1804@mail.com,Software Engineer,Agadir,Senior,,18
2953,Asma Tahiri,asma.tahiri2953@mail.com,Project Manager,Rabat,Senior,,14
2700,Asma Tahiri,asma.tahiri2700@mail.com,Network Technician,Tanger,Senior,,16
1881,Asma Tahiri,asma.tahiri1881@mail.com,Data Analyst,Fes,Senior,,14
1893,Asma Tahiri,asma.tahiri1893@mail.com,Customer Support Agent,Agadir,Senior,,20
4980,Asma Tahiri,asma.tahiri4980@mail.com,Accountant,Marrakech,Mid,,20
4930,Asma Tahiri,asma.tahiri4930@mail.com,Data Analyst,Fes,Senior,,14
4232,Asma Tahiri,asma.tahiri4232@mail.com,Software Engineer,Rabat,Senior,,24
3374,Asma Tahiri,asma.tahiri3374@mail.com,Customer Support Agent,Fes,Senior,,22
3390,Asma Tahiri,asma.tahiri3390@mail.com,Software Engineer,Agadir,Senior,,18
354,Asma Tahiri,asma.tahiri354@mail.com,Data Analyst,Marrakech,Senior,,20
1421,Asma Tahiri,asma.tahiri1421@mail.com,Junior trainee,Tanger,Junior,,22
1426,Asma Tahiri,asma.tahiri1426@mail.com,Marketing Specialist,Tanger,Senior,,20
142,Asma Tahiri,asma.tahiri142@mail.com,Customer Support Agent,Marrakech,Senior,,14
4157,Asma Tahiri,asma.tahiri4157@mail.com,Data Analyst,Casablanca,Mid,,26
2208,Asma Tahiri,asma.tahiri2208@mail.com,Project Manager,Rabat,Junior,,12
4086,Asma Tahiri,asma.tahiri4086@mail.com,Sales Executive,Marrakech,Senior,,20
3277,Asma Tahiri,asma.tahiri3277@mail.com,Data Analyst,Tanger,Senior,,20
1936,Asma Tahiri,asma.tahiri1936@mail.com,Network Technician,Fes,Senior,,20
1971,Asma Tahiri,asma.tahiri1971@mail.com,Customer Support Agent,Marrakech,Mid,,18
4867,Asma Tahiri,asma.tahiri4867@mail.com,Data Analyst,Marrakech,Mid,,22
801,Asma Tahiri,asma.tahiri801@mail.com,Marketing Specialist,Marrakech,Mid,,20
3843,Asma Tahiri,asma.tahiri3843@mail.com,Sales Executive,Tanger,Senior,,18
536,Asma Tahiri,asma.tahiri536@mail.com,Data Analyst,Tanger,Mid,,20
543,Asma Tahiri,asma.tahiri543@mail.com,HR Officer,Tanger,Mid,,24
2893,Asma Tahiri,asma.tahiri2893@mail.com,Data Analyst,Marrakech,Senior,,22
1544,Asma Tahiri,asma.tahiri1544@mail.com,Data Analyst,Fes,Senior,,18
910,Asma Tahiri,asma.tahiri910@mail.com,Data Analyst,Marrakech,Mid,,16
3971,Asma Tahiri,asma.tahiri3971@mail.com,Customer Support Agent,Rabat,Mid,,24
4907,Asma Tahiri,asma.tahiri4907@mail.com,Customer Support Agent,Fes,Mid,,18
1736,Asma Zerouali,asma.zerouali1736@mail.com,Customer Support Agent,Agadir,Senior,,18
1452,Asma Zerouali,asma.zerouali1452@mail.com,Marketing Specialist,Fes,Senior,,16
3075,Asma Zerouali,asma.zerouali3075@mail.com,HR Officer,Marrakech,Senior,,22
4366,Asma Zerouali,asma.zerouali4366@mail.com,HR Officer,Casablanca,Senior,,18
4380,Asma Zerouali,asma.zerouali4380@mail.com,Data Analyst,Marrakech,Senior,,18
4975,Asma Zerouali,asma.zerouali4975@mail.com,Data Analyst,Fes,Senior,,18
3066,Asma Zerouali,asma.zerouali3066@mail.com,Data Analyst,Agadir,Senior,,16
803,Asma Zerouali,asma.zerouali803@mail.com,Accountant,Marrakech,Mid,,22
2835,Asma Zerouali,asma.zerouali2835@mail.com,Network Technician,Rabat,Mid,,20
4998,Asma Zerouali,asma.zerouali4998@mail.com,HR Officer,Tanger,Mid,,18
4252,Asma Zerouali,asma.zerouali4252@mail.com,Data Analyst,Fes,Junior,,14
3685,Asma Zerouali,asma.zerouali3685@mail.com,Accountant,Fes,Mid,,20
2884,Asma Zerouali,asma.zerouali2884@mail.com,Software Engineer,Tanger,Senior,,22
1993,Asma Zerouali,asma.zerouali1993@mail.com,Project Manager,Marrakech,Senior,,18
1190,Asma Zerouali,asma.zerouali1190@mail.com,Accountant,Casablanca,Senior,,20
3454,Asma Zerouali,asma.zerouali3454@mail.com,Customer Support Agent,Rabat,Senior,,20
3780,Asma Zerouali,asma.zerouali3780@mail.com,Project Manager,Rabat,Senior,,20
4099,Asma Zerouali,asma.zerouali4099@mail.com,Software Engineer,Casablanca,Senior,,24
4069,Asma Zerouali,asma.zerouali4069@mail.com,Accountant,Tanger,Senior,,16
1850,Asma Zerouali,asma.zerouali1850@mail.com,Marketing Specialist,Fes,Senior,,22
1879,Asma Zerouali,asma.zerouali1879@mail.com,Customer Support Agent,Marrakech,Senior,,14
3878,Asma Zerouali,asma.zerouali3878@mail.com,Customer Support Agent,Agadir,Mid,,14
2061,Asma Zerouali,asma.zerouali2061@mail.com,Sales Executive,Tanger,Mid,,20
870,Asma Zerouali,asma.zerouali870@mail.com,Customer Support Agent,Fes,Mid,,18
1242,Asma Zerouali,asma.zerouali1242@mail.com,Software Engineer,Rabat,Senior,,20
4493,Asma Zerouali,asma.zerouali4493@mail.com,Customer Support Agent,Rabat,Senior,,16
bb7addf2-4eb6-4c3c-b329-12e87f1f7798,Atul Mathur Resume,,,,,,17
f8cc12d4-4537-415d-81a3-4fbc425494b0,Avathika BA-Healthcare ,,,,,,28
042ecaf0-092f-49bb-befb-90e2c735c05f,B Shaker-Sr BSA-Scrum Master ,,,,,,32
7326581b-c2fa-4393-90db-c42dd5026e27,B Suresh Kumar Project Manager 1,,,,,,34
9abf50ac-9fca-497f-9ac2-52728d6a2695,BA - Abhishek,,,,,,34
de3965d7-8cca-4178-b7e3-124bb01c9e34,BA - Navneet,,,,,,34
0253b2d5-9504-43af-9f1b-6c19688d240d,BA Kiran,,,,,,23
c245450a-8fbe-4d20-86d7-c1137f36b802,BA with INV,,,,,,28
fdb94c03-ec18-4e58-9365-2b07bcff69b0,Balaji Gopalakrishnan Project Manager,,,,,,32
39c06075-7ea3-4e96-b619-f861e6230804,Balakrishna Sudabathula,,,,,,32
312922f1-c7da-49a7-81a2-efd6b27eb54d,Bapuji Hadoop developer,,,,,,24
478bcb67-d295-4300-b09f-ed3f66a8bdca,Bharat Arora CV PMP   ERP1,,,,,,24
d5b6fdb8-232d-404c-8efc-360b7aead659,Bharatha BA Resume,,,,,,29
30b43598-1f09-4d37-9dac-dea209bd0545,Brahma-Resume (BA),,,,,,37
7f9ff5d3-308f-4c8d-8d3d-8a7413a3aabd,Business Analyst GHyma,,,,,,32
11f3336b-434f-4895-8cef-07856f83add8,CHETAN Sr Java Developer,,,,,,32
a61222c3-d007-48e5-b216-4abc02f13cb2,Camel Chafii,chafii.camel@emsi-edu.com,Etudiant,Casablanca,,,0
b2656fe4-4f2f-4b15-accf-1a6404f4075d,Chandler BA,,,,,,32
017100d5-2679-414d-a5a7-46c64885181e,Dantu Padmasri - Project Manager,,,,,,25
ebd720d0-d2ee-4157-9e60-4a78b697e13c,Dave,,,,,,44
57117717-1aa9-432d-beff-1fd73f2d180d,Deepika Chintalapati,,,,,,37
f4d6fba9-dc96-4b6c-9cac-73d3ee0a4671,Deepika DC,,,,,,24
a073901c-498b-432d-8c11-bf9310e80d33,Derik,,,,,,44
04763ee7-4bb7-4375-b0bf-d72e67ff0f7c,Dhanalaxmi -BA,,,,,,16
e643e473-7760-41bd-bff0-129e30cd2ab7,Drakshajavauidev,,,,,,38
369,Fatima Ait Lahcen,fatima.ait369@mail.com,Software Engineer,Marrakech,Mid,,18
529,Fatima Ait Lahcen,fatima.ait529@mail.com,Project Manager,Marrakech,Senior,,18
1784,Fatima Ait Lahcen,fatima.ait1784@mail.com,HR Officer,Rabat,Senior,,16
1498,Fatima Ait Lahcen,fatima.ait1498@mail.com,HR Officer,Agadir,Senior,,24
68,Fatima Ait Lahcen,fatima.ait68@mail.com,Accountant,Marrakech,Senior,,22
4685,Fatima Ait Lahcen,fatima.ait4685@mail.com,Sales Executive,Marrakech,Senior,,18
3110,Fatima Ait Lahcen,fatima.ait3110@mail.com,Data Analyst,Agadir,Senior,,16
3159,Fatima Ait Lahcen,fatima.ait3159@mail.com,Junior trainee,Marrakech,Junior,,18
3561,Fatima Ait Lahcen,fatima.ait3561@mail.com,HR Officer,Marrakech,Senior,,18
3468,Fatima Ait Lahcen,fatima.ait3468@mail.com,Customer Support Agent,Marrakech,Senior,,26
4823,Fatima Ait Lahcen,fatima.ait4823@mail.com,Software Engineer,Casablanca,Senior,,18
2472,Fatima Ait Lahcen,fatima.ait2472@mail.com,Customer Support Agent,Fes,Senior,,24
3274,Fatima Ait Lahcen,fatima.ait3274@mail.com,Data Analyst,Tanger,Senior,,22
1828,Fatima Ait Lahcen,fatima.ait1828@mail.com,Network Technician,Marrakech,Senior,,20
1860,Fatima Ait Lahcen,fatima.ait1860@mail.com,Marketing Specialist,Agadir,Senior,,20
4072,Fatima Ait Lahcen,fatima.ait4072@mail.com,Marketing Specialist,Tanger,Senior,,18
2932,Fatima Ait Lahcen,fatima.ait2932@mail.com,Sales Executive,Fes,Mid,,16
429,Fatima Ait Lahcen,fatima.ait429@mail.com,Accountant,Casablanca,Senior,,12
893,Fatima Ait Lahcen,fatima.ait893@mail.com,HR Officer,Tanger,Junior,,18
3050,Fatima Ait Lahcen,fatima.ait3050@mail.com,Marketing Specialist,Marrakech,Senior,,16
2153,Fatima Ait Lahcen,fatima.ait2153@mail.com,Marketing Specialist,Agadir,Senior,,20
3867,Fatima Ait Lahcen,fatima.ait3867@mail.com,Network Technician,Tanger,Senior,,16
1523,Fatima Ait Lahcen,fatima.ait1523@mail.com,Sales Executive,Fes,Mid,,20
1126,Fatima Benali,fatima.benali1126@mail.com,Sales Executive,Agadir,Senior,,16
4300,Fatima Benali,fatima.benali4300@mail.com,Software Engineer,Marrakech,Senior,,20
2703,Fatima Benali,fatima.benali2703@mail.com,Sales Executive,Tanger,Mid,,20
1002,Fatima Benali,fatima.benali1002@mail.com,Project Manager,Agadir,Mid,,22
1671,Fatima Benali,fatima.benali1671@mail.com,Sales Executive,Marrakech,Senior,,16
4238,Fatima Benali,fatima.benali4238@mail.com,Software Engineer,Casablanca,Senior,,16
1409,Fatima Benali,fatima.benali1409@mail.com,Software Engineer,Rabat,Senior,,16
3325,Fatima Benali,fatima.benali3325@mail.com,Project Manager,Fes,Senior,,22
4673,Fatima Benali,fatima.benali4673@mail.com,Marketing Specialist,Agadir,Senior,,22
3518,Fatima Benali,fatima.benali3518@mail.com,Junior trainee,Marrakech,Junior,,16
3854,Fatima Benali,fatima.benali3854@mail.com,Accountant,Tanger,Senior,,16
274,Fatima Benali,fatima.benali274@mail.com,Junior trainee,Casablanca,Junior,,16
3960,Fatima Benali,fatima.benali3960@mail.com,HR Officer,Casablanca,Senior,,16
2367,Fatima Benali,fatima.benali2367@mail.com,HR Officer,Marrakech,Mid,,18
1180,Fatima Benali,fatima.benali1180@mail.com,Customer Support Agent,Marrakech,Mid,,16
447,Fatima Benali,fatima.benali447@mail.com,Software Engineer,Casablanca,Senior,,24
4181,Fatima Benali,fatima.benali4181@mail.com,Accountant,Tanger,Senior,,22
2639,Fatima Benali,fatima.benali2639@mail.com,Project Manager,Tanger,Junior,,16
683,Fatima Benali,fatima.benali683@mail.com,Marketing Specialist,Agadir,Mid,,18
4731,Fatima Benali,fatima.benali4731@mail.com,Software Engineer,Agadir,Senior,,16
1114,Fatima Boulahfa,fatima.boulahfa1114@mail.com,Accountant,Agadir,Senior,,24
3804,Fatima Boulahfa,fatima.boulahfa3804@mail.com,Customer Support Agent,Fes,Junior,,20
2498,Fatima Boulahfa,fatima.boulahfa2498@mail.com,Customer Support Agent,Agadir,Mid,,20
4532,Fatima Boulahfa,fatima.boulahfa4532@mail.com,Customer Support Agent,Casablanca,Senior,,20
4893,Fatima Boulahfa,fatima.boulahfa4893@mail.com,Network Technician,Tanger,Senior,,18
1773,Fatima Boulahfa,fatima.boulahfa1773@mail.com,Network Technician,Fes,Junior,,22
4943,Fatima Boulahfa,fatima.boulahfa4943@mail.com,Network Technician,Fes,Junior,,14
4950,Fatima Boulahfa,fatima.boulahfa4950@mail.com,Software Engineer,Rabat,Senior,,20
3382,Fatima Boulahfa,fatima.boulahfa3382@mail.com,Sales Executive,Rabat,Senior,,20
502,Fatima Boulahfa,fatima.boulahfa502@mail.com,Customer Support Agent,Agadir,Senior,,22
101,Fatima Boulahfa,fatima.boulahfa101@mail.com,Customer Support Agent,Rabat,Senior,,18
969,Fatima Boulahfa,fatima.boulahfa969@mail.com,HR Officer,Marrakech,Senior,,18
986,Fatima Boulahfa,fatima.boulahfa986@mail.com,Data Analyst,Tanger,Senior,,18
4313,Fatima Boulahfa,fatima.boulahfa4313@mail.com,Data Analyst,Rabat,Senior,,22
1441,Fatima Boulahfa,fatima.boulahfa1441@mail.com,Accountant,Rabat,Senior,,18
3458,Fatima Boulahfa,fatima.boulahfa3458@mail.com,Network Technician,Agadir,Mid,,22
2596,Fatima Boulahfa,fatima.boulahfa2596@mail.com,Data Analyst,Tanger,Mid,,20
3155,Fatima Boulahfa,fatima.boulahfa3155@mail.com,HR Officer,Agadir,Senior,,16
2221,Fatima Boulahfa,fatima.boulahfa2221@mail.com,HR Officer,Fes,Senior,,16
1976,Fatima Boulahfa,fatima.boulahfa1976@mail.com,Sales Executive,Casablanca,Mid,,18
1237,Fatima Boulahfa,fatima.boulahfa1237@mail.com,Software Engineer,Marrakech,Senior,,20
416,Fatima Boulahfa,fatima.boulahfa416@mail.com,Network Technician,Casablanca,Senior,,20
426,Fatima Boulahfa,fatima.boulahfa426@mail.com,Software Engineer,Fes,Junior,,20
1162,Fatima Boulahfa,fatima.boulahfa1162@mail.com,Customer Support Agent,Tanger,Senior,,20
2497,Fatima Chafik,fatima.chafik2497@mail.com,Customer Support Agent,Fes,Mid,,22
811,Fatima Chafik,fatima.chafik811@mail.com,Junior trainee,Casablanca,Junior,,20
4381,Fatima Chafik,fatima.chafik4381@mail.com,HR Officer,Rabat,Senior,,22
4597,Fatima Chafik,fatima.chafik4597@mail.com,Network Technician,Casablanca,Mid,,16
1665,Fatima Chafik,fatima.chafik1665@mail.com,Software Engineer,Agadir,Junior,,18
114,Fatima Chafik,fatima.chafik114@mail.com,Customer Support Agent,Fes,Senior,,20
143,Fatima Chafik,fatima.chafik143@mail.com,Accountant,Rabat,Senior,,14
594,Fatima Chafik,fatima.chafik594@mail.com,Network Technician,Marrakech,Senior,,18
2040,Fatima Chafik,fatima.chafik2040@mail.com,Software Engineer,Tanger,Senior,,18
3450,Fatima Chafik,fatima.chafik3450@mail.com,Sales Executive,Tanger,Senior,,12
4236,Fatima Chafik,fatima.chafik4236@mail.com,Customer Support Agent,Rabat,Senior,,20
383,Fatima Chafik,fatima.chafik383@mail.com,Marketing Specialist,Marrakech,Senior,,20
228,Fatima Chafik,fatima.chafik228@mail.com,Marketing Specialist,Rabat,Senior,,16
3493,Fatima Chafik,fatima.chafik3493@mail.com,HR Officer,Marrakech,Senior,,22
644,Fatima Chafik,fatima.chafik644@mail.com,Customer Support Agent,Agadir,Mid,,24
658,Fatima Chafik,fatima.chafik658@mail.com,Network Technician,Tanger,Mid,,22
673,Fatima Chafik,fatima.chafik673@mail.com,Project Manager,Casablanca,Senior,,16
1853,Fatima Chafik,fatima.chafik1853@mail.com,HR Officer,Rabat,Senior,,18
1873,Fatima Chafik,fatima.chafik1873@mail.com,Customer Support Agent,Marrakech,Senior,,20
2119,Fatima Chafik,fatima.chafik2119@mail.com,Software Engineer,Fes,Mid,,20
2347,Fatima Chafik,fatima.chafik2347@mail.com,Network Technician,Casablanca,Junior,,22
4022,Fatima Chafik,fatima.chafik4022@mail.com,Project Manager,Tanger,Junior,,18
3715,Fatima Chafik,fatima.chafik3715@mail.com,Customer Support Agent,Rabat,Junior,,22
3736,Fatima El Amrani,fatima.el3736@mail.com,Network Technician,Tanger,Senior,,24
3805,Fatima El Amrani,fatima.el3805@mail.com,Data Analyst,Agadir,Senior,,16
3823,Fatima El Amrani,fatima.el3823@mail.com,Accountant,Agadir,Mid,,16
1368,Fatima El Amrani,fatima.el1368@mail.com,Software Engineer,Marrakech,Senior,,18
1491,Fatima El Amrani,fatima.el1491@mail.com,Junior trainee,Marrakech,Junior,,22
1501,Fatima El Amrani,fatima.el1501@mail.com,Project Manager,Fes,Senior,,18
1089,Fatima El Amrani,fatima.el1089@mail.com,Customer Support Agent,Tanger,Senior,,24
1099,Fatima El Amrani,fatima.el1099@mail.com,HR Officer,Fes,Senior,,16
2987,Fatima El Amrani,fatima.el2987@mail.com,Software Engineer,Fes,Senior,,18
2486,Fatima El Amrani,fatima.el2486@mail.com,Data Analyst,Rabat,Senior,,22
2514,Fatima El Amrani,fatima.el2514@mail.com,HR Officer,Fes,Mid,,18
345,Fatima El Amrani,fatima.el345@mail.com,Sales Executive,Agadir,Junior,,16
3104,Fatima El Amrani,fatima.el3104@mail.com,HR Officer,Tanger,Senior,,24
2745,Fatima El Amrani,fatima.el2745@mail.com,Sales Executive,Fes,Mid,,20
1585,Fatima El Amrani,fatima.el1585@mail.com,Customer Support Agent,Fes,Senior,,16
4333,Fatima El Amrani,fatima.el4333@mail.com,HR Officer,Tanger,Senior,,20
3678,Fatima El Amrani,fatima.el3678@mail.com,Project Manager,Fes,Mid,,22
499,Fatima El Amrani,fatima.el499@mail.com,Marketing Specialist,Fes,Senior,,20
793,Fatima El Amrani,fatima.el793@mail.com,Sales Executive,Agadir,Senior,,22
3584,Fatima El Amrani,fatima.el3584@mail.com,Software Engineer,Agadir,Mid,,22
4233,Fatima El Amrani,fatima.el4233@mail.com,Accountant,Casablanca,Senior,,22
1335,Fatima El Amrani,fatima.el1335@mail.com,Marketing Specialist,Fes,Mid,,22
4988,Fatima El Amrani,fatima.el4988@mail.com,HR Officer,Rabat,Junior,,22
3187,Fatima El Amrani,fatima.el3187@mail.com,Marketing Specialist,Agadir,Senior,,18
1939,Fatima El Amrani,fatima.el1939@mail.com,Customer Support Agent,Fes,Senior,,16
399,Fatima El Amrani,fatima.el399@mail.com,Project Manager,Marrakech,Senior,,20
3525,Fatima El Amrani,fatima.el3525@mail.com,HR Officer,Marrakech,Senior,,18
2423,Fatima El Amrani,fatima.el2423@mail.com,Marketing Specialist,Marrakech,Senior,,20
2354,Fatima El Amrani,fatima.el2354@mail.com,Project Manager,Fes,Junior,,18
2897,Fatima El Amrani,fatima.el2897@mail.com,HR Officer,Casablanca,Senior,,20
27,Fatima El Idrissi,fatima.el27@mail.com,Junior trainee,Casablanca,Junior,,18
45,Fatima El Idrissi,fatima.el45@mail.com,Software Engineer,Tanger,Senior,,18
3835,Fatima El Idrissi,fatima.el3835@mail.com,Network Technician,Agadir,Senior,,20
4707,Fatima El Idrissi,fatima.el4707@mail.com,Accountant,Tanger,Senior,,24
2551,Fatima El Idrissi,fatima.el2551@mail.com,Software Engineer,Agadir,Senior,,18
347,Fatima El Idrissi,fatima.el347@mail.com,Customer Support Agent,Rabat,Senior,,18
1097,Fatima El Idrissi,fatima.el1097@mail.com,Sales Executive,Marrakech,Mid,,18
4781,Fatima El Idrissi,fatima.el4781@mail.com,Sales Executive,Tanger,Senior,,20
1134,Fatima El Idrissi,fatima.el1134@mail.com,Software Engineer,Agadir,Senior,,18
926,Fatima El Idrissi,fatima.el926@mail.com,Network Technician,Fes,Junior,,22
1053,Fatima El Idrissi,fatima.el1053@mail.com,Software Engineer,Marrakech,Mid,,20
1066,Fatima El Idrissi,fatima.el1066@mail.com,Software Engineer,Tanger,Senior,,18
991,Fatima El Idrissi,fatima.el991@mail.com,Data Analyst,Fes,Mid,,22
3870,Fatima El Idrissi,fatima.el3870@mail.com,HR Officer,Agadir,Senior,,16
3900,Fatima El Idrissi,fatima.el3900@mail.com,Accountant,Agadir,Mid,,16
1852,Fatima El Idrissi,fatima.el1852@mail.com,Network Technician,Fes,Mid,,22
696,Fatima El Idrissi,fatima.el696@mail.com,Software Engineer,Casablanca,Senior,,16
257,Fatima El Idrissi,fatima.el257@mail.com,Data Analyst,Marrakech,Senior,,18
2275,Fatima El Idrissi,fatima.el2275@mail.com,Junior trainee,Casablanca,Junior,,18
2418,Fatima El Idrissi,fatima.el2418@mail.com,Software Engineer,Fes,Mid,,26
3532,Fatima El Idrissi,fatima.el3532@mail.com,HR Officer,Casablanca,Senior,,22
3994,Fatima El Idrissi,fatima.el3994@mail.com,Accountant,Agadir,Senior,,24
2105,Fatima El Idrissi,fatima.el2105@mail.com,Software Engineer,Marrakech,Senior,,16
3033,Fatima El Idrissi,fatima.el3033@mail.com,Marketing Specialist,Rabat,Senior,,16
4745,Fatima Fassi,fatima.fassi4745@mail.com,Project Manager,Tanger,Mid,,20
791,Fatima Fassi,fatima.fassi791@mail.com,Customer Support Agent,Rabat,Senior,,18
1470,Fatima Fassi,fatima.fassi1470@mail.com,Sales Executive,Rabat,Junior,,18
3820,Fatima Fassi,fatima.fassi3820@mail.com,Data Analyst,Tanger,Senior,,14
2560,Fatima Fassi,fatima.fassi2560@mail.com,Accountant,Rabat,Junior,,20
2989,Fatima Fassi,fatima.fassi2989@mail.com,HR Officer,Rabat,Senior,,20
4417,Fatima Fassi,fatima.fassi4417@mail.com,Marketing Specialist,Fes,Junior,,22
1602,Fatima Fassi,fatima.fassi1602@mail.com,Network Technician,Rabat,Senior,,16
4581,Fatima Fassi,fatima.fassi4581@mail.com,Network Technician,Fes,Mid,,20
2760,Fatima Fassi,fatima.fassi2760@mail.com,Network Technician,Agadir,Senior,,20
4836,Fatima Fassi,fatima.fassi4836@mail.com,Marketing Specialist,Marrakech,Senior,,24
4358,Fatima Fassi,fatima.fassi4358@mail.com,HR Officer,Tanger,Senior,,20
3358,Fatima Fassi,fatima.fassi3358@mail.com,Accountant,Agadir,Senior,,20
3401,Fatima Fassi,fatima.fassi3401@mail.com,Network Technician,Agadir,Junior,,24
1432,Fatima Fassi,fatima.fassi1432@mail.com,Software Engineer,Rabat,Senior,,18
84,Fatima Fassi,fatima.fassi84@mail.com,Customer Support Agent,Tanger,Mid,,20
130,Fatima Fassi,fatima.fassi130@mail.com,Accountant,Agadir,Junior,,20
2866,Fatima Fassi,fatima.fassi2866@mail.com,Data Analyst,Marrakech,Senior,,18
1203,Fatima Fassi,fatima.fassi1203@mail.com,HR Officer,Agadir,Mid,,18
3595,Fatima Fassi,fatima.fassi3595@mail.com,Network Technician,Casablanca,Senior,,18
2357,Fatima Fassi,fatima.fassi2357@mail.com,Customer Support Agent,Fes,Senior,,16
1322,Fatima Fassi,fatima.fassi1322@mail.com,Project Manager,Rabat,Senior,,20
1331,Fatima Fassi,fatima.fassi1331@mail.com,HR Officer,Tanger,Junior,,24
4033,Fatima Fassi,fatima.fassi4033@mail.com,Network Technician,Fes,Senior,,24
4092,Fatima Fassi,fatima.fassi4092@mail.com,Junior trainee,Marrakech,Junior,,18
3883,Fatima Fassi,fatima.fassi3883@mail.com,Project Manager,Tanger,Junior,,22
4993,Fatima Fassi,fatima.fassi4993@mail.com,Marketing Specialist,Marrakech,Senior,,14
706,Fatima Fassi,fatima.fassi706@mail.com,Network Technician,Fes,Mid,,26
718,Fatima Fassi,fatima.fassi718@mail.com,Customer Support Agent,Tanger,Senior,,18
3514,Fatima Fassi,fatima.fassi3514@mail.com,Accountant,Fes,Senior,,18
2632,Fatima Fassi,fatima.fassi2632@mail.com,Network Technician,Agadir,Senior,,20
2662,Fatima Fassi,fatima.fassi2662@mail.com,Junior trainee,Casablanca,Junior,,16
1055,Fatima Raji,fatima.raji1055@mail.com,Network Technician,Fes,Senior,,16
1360,Fatima Raji,fatima.raji1360@mail.com,Junior trainee,Rabat,Junior,,22
817,Fatima Raji,fatima.raji817@mail.com,Accountant,Casablanca,Mid,,16
2923,Fatima Raji,fatima.raji2923@mail.com,Data Analyst,Rabat,Senior,,20
3079,Fatima Raji,fatima.raji3079@mail.com,HR Officer,Tanger,Senior,,18
36,Fatima Raji,fatima.raji36@mail.com,Customer Support Agent,Rabat,Mid,,18
50,Fatima Raji,fatima.raji50@mail.com,Project Manager,Rabat,Senior,,16
3698,Fatima Raji,fatima.raji3698@mail.com,Sales Executive,Casablanca,Senior,,24
4690,Fatima Raji,fatima.raji4690@mail.com,Data Analyst,Tanger,Senior,,24
2246,Fatima Raji,fatima.raji2246@mail.com,Data Analyst,Rabat,Senior,,20
4881,Fatima Raji,fatima.raji4881@mail.com,HR Officer,Marrakech,Junior,,14
2889,Fatima Raji,fatima.raji2889@mail.com,Accountant,Rabat,Senior,,22
4429,Fatima Raji,fatima.raji4429@mail.com,Marketing Specialist,Rabat,Senior,,16
2957,Fatima Raji,fatima.raji2957@mail.com,Accountant,Fes,Senior,,20
2984,Fatima Raji,fatima.raji2984@mail.com,Junior trainee,Casablanca,Junior,,20
3950,Fatima Raji,fatima.raji3950@mail.com,Data Analyst,Rabat,Mid,,22
144,Fatima Raji,fatima.raji144@mail.com,Data Analyst,Fes,Senior,,14
3639,Fatima Raji,fatima.raji3639@mail.com,Marketing Specialist,Marrakech,Senior,,18
4082,Fatima Raji,fatima.raji4082@mail.com,Network Technician,Agadir,Senior,,24
3539,Fatima Raji,fatima.raji3539@mail.com,HR Officer,Fes,Senior,,22
3568,Fatima Raji,fatima.raji3568@mail.com,Junior trainee,Fes,Junior,,20
3249,Fatima Raji,fatima.raji3249@mail.com,Marketing Specialist,Fes,Senior,,18
4047,Fatima Raji,fatima.raji4047@mail.com,Accountant,Agadir,Junior,,18
2282,Fatima Raji,fatima.raji2282@mail.com,Project Manager,Tanger,Senior,,20
1196,Fatima Tahiri,fatima.tahiri1196@mail.com,Junior trainee,Fes,Junior,,16
3437,Fatima Tahiri,fatima.tahiri3437@mail.com,Customer Support Agent,Marrakech,Mid,,22
1727,Fatima Tahiri,fatima.tahiri1727@mail.com,Sales Executive,Casablanca,Mid,,18
2837,Fatima Tahiri,fatima.tahiri2837@mail.com,Software Engineer,Marrakech,Senior,,26
3733,Fatima Tahiri,fatima.tahiri3733@mail.com,Data Analyst,Fes,Senior,,18
39,Fatima Tahiri,fatima.tahiri39@mail.com,HR Officer,Tanger,Senior,,22
2519,Fatima Tahiri,fatima.tahiri2519@mail.com,Accountant,Casablanca,Senior,,20
2231,Fatima Tahiri,fatima.tahiri2231@mail.com,Sales Executive,Marrakech,Junior,,22
921,Fatima Tahiri,fatima.tahiri921@mail.com,Project Manager,Rabat,Senior,,18
4101,Fatima Tahiri,fatima.tahiri4101@mail.com,Marketing Specialist,Tanger,Junior,,20
2717,Fatima Tahiri,fatima.tahiri2717@mail.com,Network Technician,Rabat,Senior,,18
4568,Fatima Tahiri,fatima.tahiri4568@mail.com,Accountant,Marrakech,Senior,,20
2966,Fatima Tahiri,fatima.tahiri2966@mail.com,Network Technician,Agadir,Junior,,18
615,Fatima Tahiri,fatima.tahiri615@mail.com,Junior trainee,Fes,Junior,,22
1406,Fatima Tahiri,fatima.tahiri1406@mail.com,Marketing Specialist,Tanger,Senior,,26
3655,Fatima Tahiri,fatima.tahiri3655@mail.com,HR Officer,Casablanca,Senior,,22
3668,Fatima Tahiri,fatima.tahiri3668@mail.com,Software Engineer,Casablanca,Senior,,20
3275,Fatima Tahiri,fatima.tahiri3275@mail.com,Accountant,Tanger,Mid,,20
3303,Fatima Tahiri,fatima.tahiri3303@mail.com,Project Manager,Fes,Mid,,18
1944,Fatima Tahiri,fatima.tahiri1944@mail.com,Data Analyst,Fes,Junior,,14
289,Fatima Tahiri,fatima.tahiri289@mail.com,Customer Support Agent,Rabat,Senior,,24
315,Fatima Tahiri,fatima.tahiri315@mail.com,Accountant,Marrakech,Senior,,18
2053,Fatima Tahiri,fatima.tahiri2053@mail.com,Project Manager,Casablanca,Senior,,22
2177,Fatima Tahiri,fatima.tahiri2177@mail.com,Software Engineer,Rabat,Senior,,18
1254,Fatima Tahiri,fatima.tahiri1254@mail.com,Accountant,Rabat,Mid,,14
1285,Fatima Tahiri,fatima.tahiri1285@mail.com,Marketing Specialist,Marrakech,Senior,,16
3706,Fatima Zerouali,fatima.zerouali3706@mail.com,Accountant,Agadir,Senior,,22
3724,Fatima Zerouali,fatima.zerouali3724@mail.com,Network Technician,Tanger,Senior,,18
1505,Fatima Zerouali,fatima.zerouali1505@mail.com,Data Analyst,Casablanca,Senior,,20
2669,Fatima Zerouali,fatima.zerouali2669@mail.com,Network Technician,Tanger,Senior,,16
4492,Fatima Zerouali,fatima.zerouali4492@mail.com,Data Analyst,Casablanca,Senior,,22
841,Fatima Zerouali,fatima.zerouali841@mail.com,Project Manager,Rabat,Senior,,16
848,Fatima Zerouali,fatima.zerouali848@mail.com,Marketing Specialist,Casablanca,Mid,,18
1033,Fatima Zerouali,fatima.zerouali1033@mail.com,Marketing Specialist,Casablanca,Mid,,20
4531,Fatima Zerouali,fatima.zerouali4531@mail.com,Software Engineer,Casablanca,Mid,,20
4960,Fatima Zerouali,fatima.zerouali4960@mail.com,Junior trainee,Tanger,Junior,,14
337,Fatima Zerouali,fatima.zerouali337@mail.com,Junior trainee,Rabat,Junior,,18
370,Fatima Zerouali,fatima.zerouali370@mail.com,Data Analyst,Casablanca,Senior,,20
954,Fatima Zerouali,fatima.zerouali954@mail.com,Project Manager,Fes,Senior,,18
508,Fatima Zerouali,fatima.zerouali508@mail.com,Accountant,Rabat,Senior,,18
4872,Fatima Zerouali,fatima.zerouali4872@mail.com,Junior trainee,Tanger,Junior,,16
2493,Fatima Zerouali,fatima.zerouali2493@mail.com,Network Technician,Tanger,Senior,,18
2751,Fatima Zerouali,fatima.zerouali2751@mail.com,Software Engineer,Marrakech,Junior,,18
1181,Fatima Zerouali,fatima.zerouali1181@mail.com,Software Engineer,Rabat,Senior,,20
3337,Fatima Zerouali,fatima.zerouali3337@mail.com,Junior trainee,Marrakech,Junior,,16
1988,Fatima Zerouali,fatima.zerouali1988@mail.com,Data Analyst,Agadir,Mid,,16
1991,Fatima Zerouali,fatima.zerouali1991@mail.com,Accountant,Marrakech,Senior,,22
3295,Fatima Zerouali,fatima.zerouali3295@mail.com,Marketing Specialist,Marrakech,Senior,,22
407,Fatima Zerouali,fatima.zerouali407@mail.com,Sales Executive,Fes,Senior,,20
3512,Fatima Zerouali,fatima.zerouali3512@mail.com,Marketing Specialist,Marrakech,Senior,,18
3521,Fatima Zerouali,fatima.zerouali3521@mail.com,Sales Executive,Rabat,Senior,,18
4231,Fatima Zerouali,fatima.zerouali4231@mail.com,HR Officer,Fes,Senior,,18
3657,Fatima Zerouali,fatima.zerouali3657@mail.com,Accountant,Casablanca,Senior,,18
1957,Fatima Zerouali,fatima.zerouali1957@mail.com,Junior trainee,Marrakech,Junior,,26
2377,Fatima Zerouali,fatima.zerouali2377@mail.com,Software Engineer,Agadir,Junior,,16
250,Fatima Zerouali,fatima.zerouali250@mail.com,Project Manager,Fes,Senior,,20
256,Fatima Zerouali,fatima.zerouali256@mail.com,Accountant,Rabat,Mid,,24
cfcc6ec6-0149-4ae5-a93a-e4c8c0faf387,Francis Gomes Resume,,,,,,20
3d6a6337-2de9-44e9-a67b-54897f52bdcc,Gautami Bulusu Mobile Testing 3,,,,,,20
cd173397-a420-41d8-90db-684ff875e98b,Gokul Selvam S PM,,,,,,21
a9ca6732-517f-4b68-a9d9-19d2c43c296e,Gopi,,,,,,39
149ee39a-bc03-4675-a692-96f73820372c,Gururaja Murthy PMCPCSM,,,,,,31
49312a8c-0b6a-43a1-b287-a9e915cf5f12,HARI Sr.Java Developer,,,,,,36
d210fe4d-3fb3-4a6c-b487-7d7a0c0ceb0c,Haarika BA,,,,,,34
133,Hajar Ait Lahcen,hajar.ait133@mail.com,Data Analyst,Rabat,Senior,,22
4770,Hajar Ait Lahcen,hajar.ait4770@mail.com,Sales Executive,Fes,Senior,,16
1273,Hajar Ait Lahcen,hajar.ait1273@mail.com,Network Technician,Casablanca,Senior,,16
1371,Hajar Ait Lahcen,hajar.ait1371@mail.com,Accountant,Fes,Senior,,20
3026,Hajar Ait Lahcen,hajar.ait3026@mail.com,Marketing Specialist,Tanger,Mid,,18
2799,Hajar Ait Lahcen,hajar.ait2799@mail.com,Network Technician,Fes,Senior,,22
777,Hajar Ait Lahcen,hajar.ait777@mail.com,Marketing Specialist,Fes,Senior,,20
522,Hajar Ait Lahcen,hajar.ait522@mail.com,Data Analyst,Rabat,Senior,,22
4932,Hajar Ait Lahcen,hajar.ait4932@mail.com,Project Manager,Casablanca,Senior,,20
4967,Hajar Ait Lahcen,hajar.ait4967@mail.com,Project Manager,Rabat,Senior,,24
3125,Hajar Ait Lahcen,hajar.ait3125@mail.com,HR Officer,Rabat,Senior,,20
3153,Hajar Ait Lahcen,hajar.ait3153@mail.com,Network Technician,Agadir,Senior,,20
4564,Hajar Ait Lahcen,hajar.ait4564@mail.com,Customer Support Agent,Rabat,Senior,,20
3283,Hajar Ait Lahcen,hajar.ait3283@mail.com,Project Manager,Tanger,Senior,,20
553,Hajar Ait Lahcen,hajar.ait553@mail.com,Marketing Specialist,Tanger,Mid,,18
693,Hajar Ait Lahcen,hajar.ait693@mail.com,Project Manager,Marrakech,Mid,,16
3602,Hajar Ait Lahcen,hajar.ait3602@mail.com,Software Engineer,Tanger,Senior,,20
400,Hajar Ait Lahcen,hajar.ait400@mail.com,Project Manager,Agadir,Senior,,20
3190,Hajar Ait Lahcen,hajar.ait3190@mail.com,Software Engineer,Casablanca,Senior,,22
3652,Hajar Ait Lahcen,hajar.ait3652@mail.com,HR Officer,Rabat,Mid,,20
881,Hajar Ait Lahcen,hajar.ait881@mail.com,Project Manager,Marrakech,Senior,,24
2441,Hajar Ait Lahcen,hajar.ait2441@mail.com,Data Analyst,Rabat,Mid,,20
2434,Hajar Benali,hajar.benali2434@mail.com,Software Engineer,Tanger,Senior,,18
2448,Hajar Benali,hajar.benali2448@mail.com,Accountant,Tanger,Senior,,18
2682,Hajar Benali,hajar.benali2682@mail.com,Project Manager,Rabat,Mid,,18
1202,Hajar Benali,hajar.benali1202@mail.com,Sales Executive,Agadir,Senior,,18
1224,Hajar Benali,hajar.benali1224@mail.com,Network Technician,Tanger,Senior,,16
599,Hajar Benali,hajar.benali599@mail.com,Project Manager,Fes,Senior,,18
235,Hajar Benali,hajar.benali235@mail.com,Data Analyst,Fes,Senior,,12
3103,Hajar Benali,hajar.benali3103@mail.com,Project Manager,Agadir,Junior,,14
1038,Hajar Benali,hajar.benali1038@mail.com,Marketing Specialist,Casablanca,Junior,,14
1081,Hajar Benali,hajar.benali1081@mail.com,Software Engineer,Rabat,Senior,,20
3927,Hajar Benali,hajar.benali3927@mail.com,Customer Support Agent,Marrakech,Senior,,18
2888,Hajar Benali,hajar.benali2888@mail.com,Marketing Specialist,Fes,Senior,,22
933,Hajar Benali,hajar.benali933@mail.com,Junior trainee,Tanger,Junior,,20
350,Hajar Benali,hajar.benali350@mail.com,Marketing Specialist,Fes,Senior,,18
2220,Hajar Benali,hajar.benali2220@mail.com,Sales Executive,Casablanca,Mid,,24
3772,Hajar Benali,hajar.benali3772@mail.com,Project Manager,Tanger,Senior,,24
4365,Hajar Benali,hajar.benali4365@mail.com,Sales Executive,Agadir,Senior,,18
4141,Hajar Benali,hajar.benali4141@mail.com,HR Officer,Agadir,Senior,,20
2604,Hajar Benali,hajar.benali2604@mail.com,Sales Executive,Tanger,Senior,,14
3608,Hajar Benali,hajar.benali3608@mail.com,Sales Executive,Agadir,Senior,,16
2395,Hajar Benali,hajar.benali2395@mail.com,Accountant,Tanger,Mid,,20
2103,Hajar Benali,hajar.benali2103@mail.com,Junior trainee,Agadir,Junior,,14
1996,Hajar Benali,hajar.benali1996@mail.com,Sales Executive,Marrakech,Senior,,20
2187,Hajar Benali,hajar.benali2187@mail.com,Sales Executive,Tanger,Senior,,14
4087,Hajar Benali,hajar.benali4087@mail.com,Software Engineer,Rabat,Senior,,20
4270,Hajar Benali,hajar.benali4270@mail.com,HR Officer,Fes,Senior,,22
3252,Hajar Benali,hajar.benali3252@mail.com,Data Analyst,Agadir,Junior,,18
3196,Hajar Benali,hajar.benali3196@mail.com,Sales Executive,Tanger,Senior,,22
304,Hajar Benali,hajar.benali304@mail.com,Accountant,Fes,Senior,,24
1612,Hajar Benali,hajar.benali1612@mail.com,Junior trainee,Marrakech,Junior,,16
2654,Hajar Boulahfa,hajar.boulahfa2654@mail.com,HR Officer,Marrakech,Mid,,16
4679,Hajar Boulahfa,hajar.boulahfa4679@mail.com,Marketing Specialist,Rabat,Senior,,20
2907,Hajar Boulahfa,hajar.boulahfa2907@mail.com,Customer Support Agent,Tanger,Junior,,18
1897,Hajar Boulahfa,hajar.boulahfa1897@mail.com,Accountant,Tanger,Senior,,24
1902,Hajar Boulahfa,hajar.boulahfa1902@mail.com,Data Analyst,Casablanca,Mid,,18
3149,Hajar Boulahfa,hajar.boulahfa3149@mail.com,Software Engineer,Fes,Mid,,20
3341,Hajar Boulahfa,hajar.boulahfa3341@mail.com,Accountant,Marrakech,Mid,,18
4818,Hajar Boulahfa,hajar.boulahfa4818@mail.com,Project Manager,Marrakech,Senior,,20
1270,Hajar Boulahfa,hajar.boulahfa1270@mail.com,Accountant,Fes,Senior,,22
1272,Hajar Boulahfa,hajar.boulahfa1272@mail.com,Network Technician,Tanger,Senior,,20
1494,Hajar Boulahfa,hajar.boulahfa1494@mail.com,Software Engineer,Agadir,Junior,,16
4751,Hajar Boulahfa,hajar.boulahfa4751@mail.com,Sales Executive,Casablanca,Senior,,20
2800,Hajar Boulahfa,hajar.boulahfa2800@mail.com,HR Officer,Fes,Senior,,18
1175,Hajar Boulahfa,hajar.boulahfa1175@mail.com,Marketing Specialist,Casablanca,Senior,,18
6,Hajar Boulahfa,hajar.boulahfa6@mail.com,HR Officer,Marrakech,Senior,,18
1105,Hajar Boulahfa,hajar.boulahfa1105@mail.com,Project Manager,Agadir,Senior,,20
3771,Hajar Boulahfa,hajar.boulahfa3771@mail.com,Software Engineer,Rabat,Senior,,24
2496,Hajar Boulahfa,hajar.boulahfa2496@mail.com,Project Manager,Rabat,Mid,,20
312,Hajar Boulahfa,hajar.boulahfa312@mail.com,Customer Support Agent,Agadir,Senior,,24
2594,Hajar Boulahfa,hajar.boulahfa2594@mail.com,Project Manager,Tanger,Senior,,20
2094,Hajar Boulahfa,hajar.boulahfa2094@mail.com,Data Analyst,Marrakech,Senior,,20
180,Hajar Boulahfa,hajar.boulahfa180@mail.com,HR Officer,Rabat,Senior,,20
1290,Hajar Boulahfa,hajar.boulahfa1290@mail.com,Data Analyst,Rabat,Mid,,14
1843,Hajar Boulahfa,hajar.boulahfa1843@mail.com,HR Officer,Tanger,Senior,,16
3179,Hajar Boulahfa,hajar.boulahfa3179@mail.com,Data Analyst,Agadir,Junior,,20
3266,Hajar Boulahfa,hajar.boulahfa3266@mail.com,Junior trainee,Fes,Junior,,20
3746,Hajar Chafik,hajar.chafik3746@mail.com,Software Engineer,Casablanca,Junior,,14
2291,Hajar Chafik,hajar.chafik2291@mail.com,Sales Executive,Marrakech,Senior,,18
1518,Hajar Chafik,hajar.chafik1518@mail.com,Marketing Specialist,Fes,Senior,,24
1226,Hajar Chafik,hajar.chafik1226@mail.com,HR Officer,Agadir,Senior,,22
847,Hajar Chafik,hajar.chafik847@mail.com,Marketing Specialist,Fes,Mid,,20
4370,Hajar Chafik,hajar.chafik4370@mail.com,Marketing Specialist,Casablanca,Senior,,18
761,Hajar Chafik,hajar.chafik761@mail.com,Network Technician,Marrakech,Senior,,18
1593,Hajar Chafik,hajar.chafik1593@mail.com,Data Analyst,Agadir,Mid,,16
4896,Hajar Chafik,hajar.chafik4896@mail.com,Network Technician,Casablanca,Senior,,24
2219,Hajar Chafik,hajar.chafik2219@mail.com,Accountant,Fes,Mid,,16
4834,Hajar Chafik,hajar.chafik4834@mail.com,Sales Executive,Agadir,Senior,,16
3213,Hajar Chafik,hajar.chafik3213@mail.com,Project Manager,Tanger,Senior,,16
2019,Hajar Chafik,hajar.chafik2019@mail.com,Sales Executive,Rabat,Senior,,14
3517,Hajar Chafik,hajar.chafik3517@mail.com,Customer Support Agent,Casablanca,Senior,,24
3600,Hajar Chafik,hajar.chafik3600@mail.com,Network Technician,Rabat,Senior,,24
3628,Hajar Chafik,hajar.chafik3628@mail.com,HR Officer,Rabat,Senior,,22
2584,Hajar Chafik,hajar.chafik2584@mail.com,Network Technician,Agadir,Senior,,14
1877,Hajar Chafik,hajar.chafik1877@mail.com,Project Manager,Casablanca,Senior,,20
1298,Hajar Chafik,hajar.chafik1298@mail.com,Software Engineer,Casablanca,Senior,,22
1318,Hajar Chafik,hajar.chafik1318@mail.com,Software Engineer,Rabat,Senior,,18
3876,Hajar Chafik,hajar.chafik3876@mail.com,Marketing Specialist,Fes,Senior,,20
4995,Hajar Chafik,hajar.chafik4995@mail.com,Accountant,Casablanca,Senior,,20
1514,Hajar El Amrani,hajar.el1514@mail.com,Accountant,Rabat,Mid,,22
1635,Hajar El Amrani,hajar.el1635@mail.com,Network Technician,Rabat,Senior,,22
4522,Hajar El Amrani,hajar.el4522@mail.com,Sales Executive,Agadir,Junior,,16
225,Hajar El Amrani,hajar.el225@mail.com,Marketing Specialist,Fes,Senior,,18
233,Hajar El Amrani,hajar.el233@mail.com,Accountant,Fes,Senior,,22
1357,Hajar El Amrani,hajar.el1357@mail.com,Sales Executive,Agadir,Mid,,22
3763,Hajar El Amrani,hajar.el3763@mail.com,Accountant,Rabat,Senior,,16
3429,Hajar El Amrani,hajar.el3429@mail.com,Customer Support Agent,Marrakech,Senior,,24
3448,Hajar El Amrani,hajar.el3448@mail.com,Sales Executive,Fes,Senior,,20
3359,Hajar El Amrani,hajar.el3359@mail.com,Accountant,Fes,Junior,,16
4884,Hajar El Amrani,hajar.el4884@mail.com,Sales Executive,Marrakech,Senior,,20
1108,Hajar El Amrani,hajar.el1108@mail.com,Software Engineer,Marrakech,Senior,,20
38,Hajar El Amrani,hajar.el38@mail.com,Marketing Specialist,Rabat,Senior,,22
526,Hajar El Amrani,hajar.el526@mail.com,Customer Support Agent,Rabat,Senior,,20
4278,Hajar El Amrani,hajar.el4278@mail.com,Sales Executive,Tanger,Junior,,20
2729,Hajar El Amrani,hajar.el2729@mail.com,Marketing Specialist,Agadir,Senior,,22
4551,Hajar El Amrani,hajar.el4551@mail.com,Network Technician,Casablanca,Junior,,22
2140,Hajar El Amrani,hajar.el2140@mail.com,Customer Support Agent,Tanger,Senior,,22
1937,Hajar El Amrani,hajar.el1937@mail.com,Software Engineer,Marrakech,Senior,,18
3682,Hajar El Amrani,hajar.el3682@mail.com,HR Officer,Tanger,Senior,,20
4005,Hajar El Amrani,hajar.el4005@mail.com,Marketing Specialist,Tanger,Senior,,18
437,Hajar El Amrani,hajar.el437@mail.com,Sales Executive,Agadir,Senior,,20
2232,Hajar El Idrissi,hajar.el2232@mail.com,Marketing Specialist,Marrakech,Senior,,18
2559,Hajar El Idrissi,hajar.el2559@mail.com,Marketing Specialist,Marrakech,Senior,,16
2563,Hajar El Idrissi,hajar.el2563@mail.com,Junior trainee,Fes,Junior,,20
2644,Hajar El Idrissi,hajar.el2644@mail.com,Software Engineer,Marrakech,Senior,,20
4473,Hajar El Idrissi,hajar.el4473@mail.com,Sales Executive,Rabat,Senior,,20
219,Hajar El Idrissi,hajar.el219@mail.com,HR Officer,Agadir,Senior,,18
1911,Hajar El Idrissi,hajar.el1911@mail.com,Accountant,Casablanca,Mid,,22
2956,Hajar El Idrissi,hajar.el2956@mail.com,Network Technician,Fes,Senior,,14
4602,Hajar El Idrissi,hajar.el4602@mail.com,HR Officer,Rabat,Senior,,22
824,Hajar El Idrissi,hajar.el824@mail.com,Sales Executive,Casablanca,Senior,,14
1211,Hajar El Idrissi,hajar.el1211@mail.com,Accountant,Fes,Senior,,16
1221,Hajar El Idrissi,hajar.el1221@mail.com,Project Manager,Rabat,Senior,,22
4713,Hajar El Idrissi,hajar.el4713@mail.com,HR Officer,Tanger,Senior,,16
4887,Hajar El Idrissi,hajar.el4887@mail.com,Sales Executive,Agadir,Senior,,16
1574,Hajar El Idrissi,hajar.el1574@mail.com,Marketing Specialist,Fes,Mid,,18
1167,Hajar El Idrissi,hajar.el1167@mail.com,HR Officer,Rabat,Mid,,16
3383,Hajar El Idrissi,hajar.el3383@mail.com,Marketing Specialist,Rabat,Senior,,20
3424,Hajar El Idrissi,hajar.el3424@mail.com,Junior trainee,Agadir,Junior,,22
3484,Hajar El Idrissi,hajar.el3484@mail.com,Customer Support Agent,Rabat,Senior,,18
4057,Hajar El Idrissi,hajar.el4057@mail.com,Sales Executive,Marrakech,Senior,,16
886,Hajar El Idrissi,hajar.el886@mail.com,Software Engineer,Agadir,Mid,,20
3211,Hajar El Idrissi,hajar.el3211@mail.com,Customer Support Agent,Marrakech,Senior,,18
2468,Hajar El Idrissi,hajar.el2468@mail.com,Accountant,Fes,Senior,,20
1412,Hajar El Idrissi,hajar.el1412@mail.com,Data Analyst,Rabat,Senior,,22
1995,Hajar El Idrissi,hajar.el1995@mail.com,Project Manager,Rabat,Senior,,24
2010,Hajar El Idrissi,hajar.el2010@mail.com,Customer Support Agent,Marrakech,Senior,,20
2118,Hajar El Idrissi,hajar.el2118@mail.com,Customer Support Agent,Casablanca,Mid,,20
2070,Hajar El Idrissi,hajar.el2070@mail.com,HR Officer,Casablanca,Senior,,16
1315,Hajar El Idrissi,hajar.el1315@mail.com,Sales Executive,Agadir,Senior,,18
4984,Hajar Fassi,hajar.fassi4984@mail.com,Network Technician,Fes,Mid,,16
4123,Hajar Fassi,hajar.fassi4123@mail.com,HR Officer,Rabat,Senior,,14
1552,Hajar Fassi,hajar.fassi1552@mail.com,Network Technician,Rabat,Junior,,18
3831,Hajar Fassi,hajar.fassi3831@mail.com,Marketing Specialist,Casablanca,Mid,,14
618,Hajar Fassi,hajar.fassi618@mail.com,Software Engineer,Tanger,Senior,,18
1799,Hajar Fassi,hajar.fassi1799@mail.com,Customer Support Agent,Tanger,Senior,,20
1570,Hajar Fassi,hajar.fassi1570@mail.com,Customer Support Agent,Tanger,Senior,,24
239,Hajar Fassi,hajar.fassi239@mail.com,Accountant,Fes,Senior,,20
764,Hajar Fassi,hajar.fassi764@mail.com,Data Analyst,Casablanca,Junior,,18
1706,Hajar Fassi,hajar.fassi1706@mail.com,Customer Support Agent,Fes,Senior,,18
2060,Hajar Fassi,hajar.fassi2060@mail.com,Software Engineer,Casablanca,Mid,,20
3972,Hajar Fassi,hajar.fassi3972@mail.com,Marketing Specialist,Agadir,Senior,,20
190,Hajar Fassi,hajar.fassi190@mail.com,Marketing Specialist,Marrakech,Mid,,20
2308,Hajar Fassi,hajar.fassi2308@mail.com,Accountant,Fes,Senior,,18
2695,Hajar Fassi,hajar.fassi2695@mail.com,Marketing Specialist,Marrakech,Mid,,18
3585,Hajar Fassi,hajar.fassi3585@mail.com,Data Analyst,Rabat,Senior,,22
1003,Hajar Fassi,hajar.fassi1003@mail.com,Sales Executive,Agadir,Senior,,20
900,Hajar Fassi,hajar.fassi900@mail.com,Customer Support Agent,Fes,Senior,,20
586,Hajar Fassi,hajar.fassi586@mail.com,Sales Executive,Tanger,Senior,,18
3653,Hajar Fassi,hajar.fassi3653@mail.com,Sales Executive,Casablanca,Senior,,20
703,Hajar Fassi,hajar.fassi703@mail.com,Project Manager,Casablanca,Senior,,24
1446,Hajar Fassi,hajar.fassi1446@mail.com,Accountant,Tanger,Mid,,24
1940,Hajar Fassi,hajar.fassi1940@mail.com,Software Engineer,Agadir,Mid,,16
1968,Hajar Fassi,hajar.fassi1968@mail.com,Project Manager,Agadir,Mid,,24
4091,Hajar Fassi,hajar.fassi4091@mail.com,Network Technician,Rabat,Mid,,20
1168,Hajar Raji,hajar.raji1168@mail.com,HR Officer,Marrakech,Mid,,18
3047,Hajar Raji,hajar.raji3047@mail.com,Software Engineer,Tanger,Senior,,20
1245,Hajar Raji,hajar.raji1245@mail.com,Software Engineer,Rabat,Senior,,20
2431,Hajar Raji,hajar.raji2431@mail.com,Junior trainee,Tanger,Junior,,22
4124,Hajar Raji,hajar.raji4124@mail.com,Junior trainee,Agadir,Junior,,18
1338,Hajar Raji,hajar.raji1338@mail.com,Data Analyst,Rabat,Senior,,20
1393,Hajar Raji,hajar.raji1393@mail.com,Accountant,Fes,Senior,,20
2680,Hajar Raji,hajar.raji2680@mail.com,Network Technician,Agadir,Senior,,16
1765,Hajar Raji,hajar.raji1765@mail.com,Accountant,Fes,Senior,,18
2203,Hajar Raji,hajar.raji2203@mail.com,Data Analyst,Fes,Junior,,18
3139,Hajar Raji,hajar.raji3139@mail.com,Marketing Specialist,Fes,Senior,,16
4612,Hajar Raji,hajar.raji4612@mail.com,Network Technician,Rabat,Senior,,20
2875,Hajar Raji,hajar.raji2875@mail.com,Network Technician,Agadir,Senior,,16
1887,Hajar Raji,hajar.raji1887@mail.com,Accountant,Marrakech,Senior,,22
1460,Hajar Raji,hajar.raji1460@mail.com,Junior trainee,Rabat,Junior,,16
1492,Hajar Raji,hajar.raji1492@mail.com,Software Engineer,Casablanca,Senior,,18
1567,Hajar Raji,hajar.raji1567@mail.com,HR Officer,Agadir,Senior,,22
4423,Hajar Raji,hajar.raji4423@mail.com,Customer Support Agent,Casablanca,Senior,,16
4438,Hajar Raji,hajar.raji4438@mail.com,Marketing Specialist,Tanger,Senior,,20
2735,Hajar Raji,hajar.raji2735@mail.com,HR Officer,Fes,Senior,,18
3305,Hajar Raji,hajar.raji3305@mail.com,HR Officer,Tanger,Senior,,20
1700,Hajar Raji,hajar.raji1700@mail.com,Data Analyst,Agadir,Senior,,20
2375,Hajar Raji,hajar.raji2375@mail.com,Customer Support Agent,Fes,Senior,,14
4062,Hajar Raji,hajar.raji4062@mail.com,Software Engineer,Rabat,Junior,,22
2032,Hajar Raji,hajar.raji2032@mail.com,Customer Support Agent,Fes,Senior,,22
4239,Hajar Raji,hajar.raji4239@mail.com,HR Officer,Tanger,Senior,,20
4276,Hajar Raji,hajar.raji4276@mail.com,Data Analyst,Marrakech,Senior,,22
4389,Hajar Tahiri,hajar.tahiri4389@mail.com,Marketing Specialist,Casablanca,Senior,,16
1726,Hajar Tahiri,hajar.tahiri1726@mail.com,Data Analyst,Tanger,Senior,,22
3218,Hajar Tahiri,hajar.tahiri3218@mail.com,Project Manager,Fes,Mid,,16
762,Hajar Tahiri,hajar.tahiri762@mail.com,Marketing Specialist,Rabat,Senior,,16
3004,Hajar Tahiri,hajar.tahiri3004@mail.com,Software Engineer,Rabat,Senior,,20
1592,Hajar Tahiri,hajar.tahiri1592@mail.com,Accountant,Tanger,Mid,,22
4629,Hajar Tahiri,hajar.tahiri4629@mail.com,Marketing Specialist,Casablanca,Junior,,20
4644,Hajar Tahiri,hajar.tahiri4644@mail.com,Customer Support Agent,Tanger,Senior,,14
3464,Hajar Tahiri,hajar.tahiri3464@mail.com,Data Analyst,Rabat,Senior,,22
2808,Hajar Tahiri,hajar.tahiri2808@mail.com,HR Officer,Rabat,Senior,,16
2951,Hajar Tahiri,hajar.tahiri2951@mail.com,HR Officer,Marrakech,Senior,,16
620,Hajar Tahiri,hajar.tahiri620@mail.com,Sales Executive,Tanger,Senior,,18
2223,Hajar Tahiri,hajar.tahiri2223@mail.com,Project Manager,Rabat,Senior,,18
1052,Hajar Tahiri,hajar.tahiri1052@mail.com,Network Technician,Tanger,Senior,,18
3951,Hajar Tahiri,hajar.tahiri3951@mail.com,Marketing Specialist,Tanger,Senior,,24
2876,Hajar Tahiri,hajar.tahiri2876@mail.com,Project Manager,Rabat,Senior,,14
52,Hajar Tahiri,hajar.tahiri52@mail.com,Project Manager,Fes,Senior,,18
3348,Hajar Tahiri,hajar.tahiri3348@mail.com,Marketing Specialist,Marrakech,Senior,,20
3861,Hajar Tahiri,hajar.tahiri3861@mail.com,Network Technician,Marrakech,Senior,,22
2335,Hajar Tahiri,hajar.tahiri2335@mail.com,HR Officer,Rabat,Junior,,20
286,Hajar Tahiri,hajar.tahiri286@mail.com,Sales Executive,Marrakech,Senior,,18
1403,Hajar Tahiri,hajar.tahiri1403@mail.com,Data Analyst,Casablanca,Senior,,18
403,Hajar Tahiri,hajar.tahiri403@mail.com,Data Analyst,Tanger,Senior,,18
4559,Hajar Tahiri,hajar.tahiri4559@mail.com,Accountant,Fes,Senior,,24
2363,Hajar Tahiri,hajar.tahiri2363@mail.com,HR Officer,Rabat,Senior,,18
3637,Hajar Tahiri,hajar.tahiri3637@mail.com,Project Manager,Marrakech,Senior,,20
53,Hajar Zerouali,hajar.zerouali53@mail.com,HR Officer,Tanger,Senior,,18
3227,Hajar Zerouali,hajar.zerouali3227@mail.com,Customer Support Agent,Marrakech,Senior,,16
1150,Hajar Zerouali,hajar.zerouali1150@mail.com,Network Technician,Rabat,Senior,,22
455,Hajar Zerouali,hajar.zerouali455@mail.com,Network Technician,Casablanca,Senior,,14
3717,Hajar Zerouali,hajar.zerouali3717@mail.com,Marketing Specialist,Fes,Senior,,18
1743,Hajar Zerouali,hajar.zerouali1743@mail.com,HR Officer,Rabat,Senior,,20
4801,Hajar Zerouali,hajar.zerouali4801@mail.com,Project Manager,Rabat,Senior,,18
2289,Hajar Zerouali,hajar.zerouali2289@mail.com,Junior trainee,Rabat,Junior,,18
1376,Hajar Zerouali,hajar.zerouali1376@mail.com,HR Officer,Casablanca,Senior,,20
1383,Hajar Zerouali,hajar.zerouali1383@mail.com,Customer Support Agent,Marrakech,Senior,,14
2569,Hajar Zerouali,hajar.zerouali2569@mail.com,Data Analyst,Casablanca,Mid,,20
1638,Hajar Zerouali,hajar.zerouali1638@mail.com,Customer Support Agent,Rabat,Mid,,16
4146,Hajar Zerouali,hajar.zerouali4146@mail.com,Customer Support Agent,Marrakech,Senior,,18
2878,Hajar Zerouali,hajar.zerouali2878@mail.com,Customer Support Agent,Rabat,Senior,,20
4621,Hajar Zerouali,hajar.zerouali4621@mail.com,Software Engineer,Agadir,Senior,,18
3921,Hajar Zerouali,hajar.zerouali3921@mail.com,Customer Support Agent,Marrakech,Senior,,20
822,Hajar Zerouali,hajar.zerouali822@mail.com,Data Analyst,Casablanca,Senior,,18
830,Hajar Zerouali,hajar.zerouali830@mail.com,Customer Support Agent,Casablanca,Mid,,16
321,Hajar Zerouali,hajar.zerouali321@mail.com,Marketing Specialist,Rabat,Senior,,18
1188,Hajar Zerouali,hajar.zerouali1188@mail.com,HR Officer,Agadir,Senior,,24
2360,Hajar Zerouali,hajar.zerouali2360@mail.com,Marketing Specialist,Casablanca,Senior,,20
2362,Hajar Zerouali,hajar.zerouali2362@mail.com,Marketing Specialist,Tanger,Mid,,20
2492,Hajar Zerouali,hajar.zerouali2492@mail.com,Marketing Specialist,Fes,Mid,,22
3498,Hajar Zerouali,hajar.zerouali3498@mail.com,Software Engineer,Fes,Junior,,24
3522,Hajar Zerouali,hajar.zerouali3522@mail.com,HR Officer,Fes,Mid,,18
4842,Hajar Zerouali,hajar.zerouali4842@mail.com,Network Technician,Casablanca,Senior,,18
4848,Hajar Zerouali,hajar.zerouali4848@mail.com,Software Engineer,Tanger,Senior,,22
4858,Hajar Zerouali,hajar.zerouali4858@mail.com,Project Manager,Agadir,Mid,,20
3271,Hajar Zerouali,hajar.zerouali3271@mail.com,Network Technician,Casablanca,Mid,,20
3197,Hajar Zerouali,hajar.zerouali3197@mail.com,Network Technician,Casablanca,Mid,,20
1670,Hajar Zerouali,hajar.zerouali1670@mail.com,Accountant,Casablanca,Mid,,20
415,Hajar Zerouali,hajar.zerouali415@mail.com,Junior trainee,Agadir,Junior,,22
4178,Hajar Zerouali,hajar.zerouali4178@mail.com,HR Officer,Agadir,Senior,,18
2628,Hajar Zerouali,hajar.zerouali2628@mail.com,HR Officer,Tanger,Senior,,20
2528,Hamza Ait Lahcen,hamza.ait2528@mail.com,Project Manager,Marrakech,Senior,,18
4485,Hamza Ait Lahcen,hamza.ait4485@mail.com,Network Technician,Marrakech,Senior,,16
1506,Hamza Ait Lahcen,hamza.ait1506@mail.com,Marketing Specialist,Tanger,Senior,,18
1265,Hamza Ait Lahcen,hamza.ait1265@mail.com,HR Officer,Marrakech,Senior,,18
4982,Hamza Ait Lahcen,hamza.ait4982@mail.com,Customer Support Agent,Marrakech,Mid,,14
4775,Hamza Ait Lahcen,hamza.ait4775@mail.com,Marketing Specialist,Tanger,Senior,,24
844,Hamza Ait Lahcen,hamza.ait844@mail.com,Marketing Specialist,Fes,Senior,,20
4973,Hamza Ait Lahcen,hamza.ait4973@mail.com,Customer Support Agent,Casablanca,Senior,,18
756,Hamza Ait Lahcen,hamza.ait756@mail.com,Network Technician,Rabat,Senior,,18
4376,Hamza Ait Lahcen,hamza.ait4376@mail.com,Software Engineer,Marrakech,Mid,,18
2995,Hamza Ait Lahcen,hamza.ait2995@mail.com,Accountant,Fes,Senior,,22
2831,Hamza Ait Lahcen,hamza.ait2831@mail.com,Data Analyst,Tanger,Mid,,22
1900,Hamza Ait Lahcen,hamza.ait1900@mail.com,Network Technician,Agadir,Senior,,20
4921,Hamza Ait Lahcen,hamza.ait4921@mail.com,Data Analyst,Marrakech,Senior,,16
1112,Hamza Ait Lahcen,hamza.ait1112@mail.com,Accountant,Fes,Mid,,20
1233,Hamza Ait Lahcen,hamza.ait1233@mail.com,Data Analyst,Casablanca,Senior,,14
319,Hamza Ait Lahcen,hamza.ait319@mail.com,Network Technician,Rabat,Senior,,20
1673,Hamza Ait Lahcen,hamza.ait1673@mail.com,Customer Support Agent,Casablanca,Mid,,24
1711,Hamza Ait Lahcen,hamza.ait1711@mail.com,Project Manager,Agadir,Senior,,22
4549,Hamza Ait Lahcen,hamza.ait4549@mail.com,Customer Support Agent,Fes,Senior,,24
3171,Hamza Ait Lahcen,hamza.ait3171@mail.com,HR Officer,Marrakech,Senior,,22
2925,Hamza Benali,hamza.benali2925@mail.com,Software Engineer,Casablanca,Senior,,18
4241,Hamza Benali,hamza.benali4241@mail.com,Data Analyst,Casablanca,Senior,,20
2621,Hamza Benali,hamza.benali2621@mail.com,Data Analyst,Agadir,Senior,,18
4803,Hamza Benali,hamza.benali4803@mail.com,Junior trainee,Tanger,Junior,,20
957,Hamza Benali,hamza.benali957@mail.com,Network Technician,Tanger,Senior,,16
1657,Hamza Benali,hamza.benali1657@mail.com,Network Technician,Agadir,Senior,,16
4963,Hamza Benali,hamza.benali4963@mail.com,HR Officer,Agadir,Senior,,20
1587,Hamza Benali,hamza.benali1587@mail.com,Data Analyst,Tanger,Mid,,16
251,Hamza Benali,hamza.benali251@mail.com,Project Manager,Casablanca,Junior,,22
261,Hamza Benali,hamza.benali261@mail.com,Network Technician,Agadir,Senior,,14
3118,Hamza Benali,hamza.benali3118@mail.com,Data Analyst,Fes,Senior,,22
3924,Hamza Benali,hamza.benali3924@mail.com,Marketing Specialist,Tanger,Senior,,18
2842,Hamza Benali,hamza.benali2842@mail.com,Marketing Specialist,Casablanca,Mid,,20
4167,Hamza Benali,hamza.benali4167@mail.com,Sales Executive,Agadir,Junior,,18
4653,Hamza Benali,hamza.benali4653@mail.com,Marketing Specialist,Fes,Junior,,26
4756,Hamza Benali,hamza.benali4756@mail.com,Project Manager,Rabat,Mid,,16
3293,Hamza Benali,hamza.benali3293@mail.com,Sales Executive,Tanger,Mid,,24
3310,Hamza Benali,hamza.benali3310@mail.com,Sales Executive,Marrakech,Mid,,22
3902,Hamza Benali,hamza.benali3902@mail.com,Network Technician,Casablanca,Senior,,20
2752,Hamza Benali,hamza.benali2752@mail.com,Software Engineer,Casablanca,Senior,,24
3977,Hamza Benali,hamza.benali3977@mail.com,Customer Support Agent,Agadir,Senior,,18
1010,Hamza Benali,hamza.benali1010@mail.com,HR Officer,Marrakech,Senior,,22
3357,Hamza Benali,hamza.benali3357@mail.com,Software Engineer,Fes,Junior,,22
419,Hamza Benali,hamza.benali419@mail.com,HR Officer,Tanger,Senior,,18
2128,Hamza Benali,hamza.benali2128@mail.com,HR Officer,Marrakech,Senior,,16
2352,Hamza Benali,hamza.benali2352@mail.com,Junior trainee,Rabat,Junior,,24
906,Hamza Benali,hamza.benali906@mail.com,Data Analyst,Tanger,Mid,,22
4056,Hamza Benali,hamza.benali4056@mail.com,Accountant,Rabat,Senior,,18
1401,Hamza Benali,hamza.benali1401@mail.com,Project Manager,Marrakech,Senior,,22
3220,Hamza Boulahfa,hamza.boulahfa3220@mail.com,Accountant,Fes,Senior,,18
4397,Hamza Boulahfa,hamza.boulahfa4397@mail.com,Project Manager,Rabat,Mid,,18
4315,Hamza Boulahfa,hamza.boulahfa4315@mail.com,Accountant,Casablanca,Senior,,22
2527,Hamza Boulahfa,hamza.boulahfa2527@mail.com,Sales Executive,Rabat,Mid,,18
3732,Hamza Boulahfa,hamza.boulahfa3732@mail.com,Accountant,Casablanca,Senior,,16
1293,Hamza Boulahfa,hamza.boulahfa1293@mail.com,Junior trainee,Casablanca,Junior,,18
1327,Hamza Boulahfa,hamza.boulahfa1327@mail.com,Sales Executive,Marrakech,Senior,,16
4145,Hamza Boulahfa,hamza.boulahfa4145@mail.com,HR Officer,Rabat,Junior,,18
4148,Hamza Boulahfa,hamza.boulahfa4148@mail.com,Customer Support Agent,Agadir,Mid,,24
4268,Hamza Boulahfa,hamza.boulahfa4268@mail.com,Junior trainee,Casablanca,Junior,,18
491,Hamza Boulahfa,hamza.boulahfa491@mail.com,HR Officer,Fes,Senior,,20
530,Hamza Boulahfa,hamza.boulahfa530@mail.com,Accountant,Casablanca,Senior,,20
1643,Hamza Boulahfa,hamza.boulahfa1643@mail.com,Marketing Specialist,Rabat,Senior,,18
2794,Hamza Boulahfa,hamza.boulahfa2794@mail.com,Data Analyst,Tanger,Senior,,18
1060,Hamza Boulahfa,hamza.boulahfa1060@mail.com,Software Engineer,Rabat,Senior,,20
1562,Hamza Boulahfa,hamza.boulahfa1562@mail.com,Software Engineer,Fes,Senior,,20
2236,Hamza Boulahfa,hamza.boulahfa2236@mail.com,Data Analyst,Rabat,Senior,,16
4348,Hamza Boulahfa,hamza.boulahfa4348@mail.com,Data Analyst,Agadir,Senior,,18
1781,Hamza Boulahfa,hamza.boulahfa1781@mail.com,Data Analyst,Casablanca,Senior,,20
3989,Hamza Boulahfa,hamza.boulahfa3989@mail.com,Software Engineer,Fes,Junior,,24
4729,Hamza Boulahfa,hamza.boulahfa4729@mail.com,Sales Executive,Tanger,Senior,,18
2410,Hamza Boulahfa,hamza.boulahfa2410@mail.com,Sales Executive,Rabat,Senior,,18
4871,Hamza Boulahfa,hamza.boulahfa4871@mail.com,Project Manager,Tanger,Senior,,16
2510,Hamza Boulahfa,hamza.boulahfa2510@mail.com,Software Engineer,Casablanca,Senior,,22
3537,Hamza Boulahfa,hamza.boulahfa3537@mail.com,Sales Executive,Agadir,Mid,,20
2725,Hamza Boulahfa,hamza.boulahfa2725@mail.com,Network Technician,Fes,Senior,,22
894,Hamza Boulahfa,hamza.boulahfa894@mail.com,Marketing Specialist,Tanger,Senior,,14
3344,Hamza Boulahfa,hamza.boulahfa3344@mail.com,Marketing Specialist,Rabat,Senior,,20
1201,Hamza Boulahfa,hamza.boulahfa1201@mail.com,HR Officer,Tanger,Senior,,24
742,Hamza Boulahfa,hamza.boulahfa742@mail.com,Customer Support Agent,Rabat,Senior,,20
3617,Hamza Chafik,hamza.chafik3617@mail.com,Sales Executive,Agadir,Senior,,20
4878,Hamza Chafik,hamza.chafik4878@mail.com,Network Technician,Casablanca,Senior,,22
4920,Hamza Chafik,hamza.chafik4920@mail.com,HR Officer,Agadir,Mid,,24
140,Hamza Chafik,hamza.chafik140@mail.com,Data Analyst,Fes,Mid,,16
4676,Hamza Chafik,hamza.chafik4676@mail.com,Data Analyst,Agadir,Mid,,18
1388,Hamza Chafik,hamza.chafik1388@mail.com,Marketing Specialist,Casablanca,Junior,,18
1554,Hamza Chafik,hamza.chafik1554@mail.com,Software Engineer,Casablanca,Senior,,24
4530,Hamza Chafik,hamza.chafik4530@mail.com,Accountant,Agadir,Senior,,26
2237,Hamza Chafik,hamza.chafik2237@mail.com,HR Officer,Rabat,Senior,,20
4119,Hamza Chafik,hamza.chafik4119@mail.com,Project Manager,Tanger,Senior,,14
3731,Hamza Chafik,hamza.chafik3731@mail.com,Customer Support Agent,Tanger,Senior,,16
1929,Hamza Chafik,hamza.chafik1929@mail.com,Junior trainee,Fes,Junior,,18
639,Hamza Chafik,hamza.chafik639@mail.com,Accountant,Agadir,Senior,,20
1572,Hamza Chafik,hamza.chafik1572@mail.com,Software Engineer,Rabat,Senior,,22
2890,Hamza Chafik,hamza.chafik2890@mail.com,Accountant,Marrakech,Senior,,18
65,Hamza Chafik,hamza.chafik65@mail.com,Customer Support Agent,Tanger,Senior,,24
80,Hamza Chafik,hamza.chafik80@mail.com,Network Technician,Fes,Senior,,20
4192,Hamza Chafik,hamza.chafik4192@mail.com,Accountant,Agadir,Senior,,20
4210,Hamza Chafik,hamza.chafik4210@mail.com,Software Engineer,Marrakech,Senior,,16
4860,Hamza Chafik,hamza.chafik4860@mail.com,HR Officer,Agadir,Mid,,16
3580,Hamza Chafik,hamza.chafik3580@mail.com,Data Analyst,Casablanca,Senior,,16
1668,Hamza Chafik,hamza.chafik1668@mail.com,Sales Executive,Marrakech,Junior,,18
538,Hamza Chafik,hamza.chafik538@mail.com,Software Engineer,Rabat,Junior,,18
979,Hamza Chafik,hamza.chafik979@mail.com,HR Officer,Marrakech,Senior,,20
2685,Hamza Chafik,hamza.chafik2685@mail.com,Data Analyst,Agadir,Senior,,24
2529,Hamza El Amrani,hamza.el2529@mail.com,Network Technician,Rabat,Senior,,18
1442,Hamza El Amrani,hamza.el1442@mail.com,Project Manager,Tanger,Mid,,18
4604,Hamza El Amrani,hamza.el4604@mail.com,HR Officer,Tanger,Senior,,24
1274,Hamza El Amrani,hamza.el1274@mail.com,Project Manager,Rabat,Mid,,20
1281,Hamza El Amrani,hamza.el1281@mail.com,HR Officer,Casablanca,Senior,,22
4874,Hamza El Amrani,hamza.el4874@mail.com,Software Engineer,Agadir,Senior,,16
3177,Hamza El Amrani,hamza.el3177@mail.com,Project Manager,Rabat,Senior,,20
2449,Hamza El Amrani,hamza.el2449@mail.com,Junior trainee,Tanger,Junior,,18
3053,Hamza El Amrani,hamza.el3053@mail.com,Customer Support Agent,Rabat,Senior,,18
1719,Hamza El Amrani,hamza.el1719@mail.com,Customer Support Agent,Marrakech,Mid,,20
4505,Hamza El Amrani,hamza.el4505@mail.com,Customer Support Agent,Casablanca,Senior,,20
4802,Hamza El Amrani,hamza.el4802@mail.com,Project Manager,Marrakech,Senior,,14
1340,Hamza El Amrani,hamza.el1340@mail.com,Project Manager,Rabat,Senior,,18
3695,Hamza El Amrani,hamza.el3695@mail.com,Data Analyst,Tanger,Mid,,22
3710,Hamza El Amrani,hamza.el3710@mail.com,Sales Executive,Fes,Senior,,16
240,Hamza El Amrani,hamza.el240@mail.com,Accountant,Agadir,Senior,,18
3151,Hamza El Amrani,hamza.el3151@mail.com,Accountant,Tanger,Junior,,22
2790,Hamza El Amrani,hamza.el2790@mail.com,Marketing Specialist,Rabat,Mid,,24
4096,Hamza El Amrani,hamza.el4096@mail.com,Sales Executive,Tanger,Senior,,20
976,Hamza El Amrani,hamza.el976@mail.com,Software Engineer,Agadir,Senior,,16
103,Hamza El Amrani,hamza.el103@mail.com,Marketing Specialist,Marrakech,Mid,,16
105,Hamza El Amrani,hamza.el105@mail.com,HR Officer,Fes,Senior,,22
198,Hamza El Amrani,hamza.el198@mail.com,Network Technician,Marrakech,Senior,,20
2085,Hamza El Amrani,hamza.el2085@mail.com,Data Analyst,Rabat,Senior,,20
4040,Hamza El Amrani,hamza.el4040@mail.com,Sales Executive,Fes,Senior,,20
1953,Hamza El Amrani,hamza.el1953@mail.com,Accountant,Rabat,Junior,,20
2406,Hamza El Amrani,hamza.el2406@mail.com,Marketing Specialist,Fes,Senior,,22
2182,Hamza El Amrani,hamza.el2182@mail.com,Project Manager,Tanger,Mid,,22
2355,Hamza El Amrani,hamza.el2355@mail.com,Software Engineer,Marrakech,Senior,,22
2437,Hamza El Idrissi,hamza.el2437@mail.com,Customer Support Agent,Agadir,Senior,,18
2454,Hamza El Idrissi,hamza.el2454@mail.com,Marketing Specialist,Agadir,Mid,,16
1389,Hamza El Idrissi,hamza.el1389@mail.com,Accountant,Marrakech,Senior,,16
3091,Hamza El Idrissi,hamza.el3091@mail.com,Accountant,Rabat,Mid,,18
3757,Hamza El Idrissi,hamza.el3757@mail.com,Accountant,Fes,Senior,,20
3789,Hamza El Idrissi,hamza.el3789@mail.com,Data Analyst,Rabat,Senior,,18
4626,Hamza El Idrissi,hamza.el4626@mail.com,HR Officer,Fes,Mid,,18
2260,Hamza El Idrissi,hamza.el2260@mail.com,Marketing Specialist,Tanger,Senior,,18
825,Hamza El Idrissi,hamza.el825@mail.com,Marketing Specialist,Marrakech,Mid,,14
1898,Hamza El Idrissi,hamza.el1898@mail.com,Customer Support Agent,Fes,Senior,,20
1910,Hamza El Idrissi,hamza.el1910@mail.com,Accountant,Fes,Senior,,16
2171,Hamza El Idrissi,hamza.el2171@mail.com,Marketing Specialist,Marrakech,Senior,,20
2173,Hamza El Idrissi,hamza.el2173@mail.com,Network Technician,Casablanca,Senior,,20
985,Hamza El Idrissi,hamza.el985@mail.com,Sales Executive,Rabat,Senior,,16
2059,Hamza El Idrissi,hamza.el2059@mail.com,Software Engineer,Tanger,Senior,,24
2075,Hamza El Idrissi,hamza.el2075@mail.com,Data Analyst,Marrakech,Senior,,24
3993,Hamza El Idrissi,hamza.el3993@mail.com,Accountant,Fes,Junior,,14
4220,Hamza El Idrissi,hamza.el4220@mail.com,Software Engineer,Rabat,Senior,,14
308,Hamza El Idrissi,hamza.el308@mail.com,HR Officer,Rabat,Senior,,20
3664,Hamza El Idrissi,hamza.el3664@mail.com,Project Manager,Marrakech,Mid,,22
806,Hamza Fassi,hamza.fassi806@mail.com,Customer Support Agent,Casablanca,Senior,,12
3775,Hamza Fassi,hamza.fassi3775@mail.com,Accountant,Rabat,Senior,,18
2894,Hamza Fassi,hamza.fassi2894@mail.com,Project Manager,Rabat,Senior,,22
3587,Hamza Fassi,hamza.fassi3587@mail.com,Software Engineer,Tanger,Mid,,20
3594,Hamza Fassi,hamza.fassi3594@mail.com,Software Engineer,Rabat,Senior,,14
732,Hamza Fassi,hamza.fassi732@mail.com,Data Analyst,Fes,Senior,,16
3076,Hamza Fassi,hamza.fassi3076@mail.com,Data Analyst,Casablanca,Mid,,22
4308,Hamza Fassi,hamza.fassi4308@mail.com,Junior trainee,Tanger,Junior,,22
4322,Hamza Fassi,hamza.fassi4322@mail.com,Accountant,Agadir,Senior,,16
2673,Hamza Fassi,hamza.fassi2673@mail.com,Project Manager,Fes,Senior,,22
1258,Hamza Fassi,hamza.fassi1258@mail.com,Data Analyst,Fes,Senior,,22
1269,Hamza Fassi,hamza.fassi1269@mail.com,HR Officer,Fes,Senior,,22
2278,Hamza Fassi,hamza.fassi2278@mail.com,Customer Support Agent,Casablanca,Junior,,16
4170,Hamza Fassi,hamza.fassi4170@mail.com,Software Engineer,Marrakech,Senior,,18
1546,Hamza Fassi,hamza.fassi1546@mail.com,Data Analyst,Marrakech,Mid,,16
1770,Hamza Fassi,hamza.fassi1770@mail.com,HR Officer,Agadir,Senior,,18
1571,Hamza Fassi,hamza.fassi1571@mail.com,Marketing Specialist,Tanger,Senior,,16
1616,Hamza Fassi,hamza.fassi1616@mail.com,Junior trainee,Tanger,Junior,,18
1662,Hamza Fassi,hamza.fassi1662@mail.com,Customer Support Agent,Casablanca,Senior,,20
234,Hamza Fassi,hamza.fassi234@mail.com,HR Officer,Fes,Senior,,22
2947,Hamza Fassi,hamza.fassi2947@mail.com,Accountant,Fes,Senior,,20
2969,Hamza Fassi,hamza.fassi2969@mail.com,Junior trainee,Marrakech,Junior,,20
1047,Hamza Fassi,hamza.fassi1047@mail.com,Data Analyst,Rabat,Senior,,16
668,Hamza Fassi,hamza.fassi668@mail.com,Sales Executive,Agadir,Senior,,22
3575,Hamza Fassi,hamza.fassi3575@mail.com,Project Manager,Casablanca,Senior,,16
3786,Hamza Raji,hamza.raji3786@mail.com,Sales Executive,Tanger,Senior,,20
2337,Hamza Raji,hamza.raji2337@mail.com,Customer Support Agent,Tanger,Senior,,20
3599,Hamza Raji,hamza.raji3599@mail.com,Data Analyst,Rabat,Senior,,20
1166,Hamza Raji,hamza.raji1166@mail.com,Software Engineer,Tanger,Junior,,18
3212,Hamza Raji,hamza.raji3212@mail.com,Marketing Specialist,Rabat,Senior,,18
728,Hamza Raji,hamza.raji728@mail.com,Data Analyst,Casablanca,Senior,,18
3248,Hamza Raji,hamza.raji3248@mail.com,Project Manager,Fes,Junior,,14
3020,Hamza Raji,hamza.raji3020@mail.com,Data Analyst,Tanger,Senior,,18
4958,Hamza Raji,hamza.raji4958@mail.com,Network Technician,Rabat,Mid,,26
4521,Hamza Raji,hamza.raji4521@mail.com,Project Manager,Fes,Senior,,18
494,Hamza Raji,hamza.raji494@mail.com,Data Analyst,Rabat,Senior,,16
1556,Hamza Raji,hamza.raji1556@mail.com,Data Analyst,Agadir,Mid,,16
4049,Hamza Raji,hamza.raji4049@mail.com,Customer Support Agent,Marrakech,Senior,,24
4598,Hamza Raji,hamza.raji4598@mail.com,Customer Support Agent,Casablanca,Senior,,22
2759,Hamza Raji,hamza.raji2759@mail.com,Software Engineer,Tanger,Senior,,24
2371,Hamza Raji,hamza.raji2371@mail.com,Software Engineer,Marrakech,Senior,,22
418,Hamza Raji,hamza.raji418@mail.com,Marketing Specialist,Marrakech,Senior,,18
1688,Hamza Raji,hamza.raji1688@mail.com,Software Engineer,Marrakech,Senior,,18
1698,Hamza Tahiri,hamza.tahiri1698@mail.com,Project Manager,Marrakech,Senior,,22
515,Hamza Tahiri,hamza.tahiri515@mail.com,Data Analyst,Marrakech,Senior,,18
3169,Hamza Tahiri,hamza.tahiri3169@mail.com,Project Manager,Agadir,Mid,,16
2422,Hamza Tahiri,hamza.tahiri2422@mail.com,Sales Executive,Tanger,Senior,,22
1151,Hamza Tahiri,hamza.tahiri1151@mail.com,Accountant,Rabat,Mid,,18
4419,Hamza Tahiri,hamza.tahiri4419@mail.com,Sales Executive,Fes,Senior,,22
2274,Hamza Tahiri,hamza.tahiri2274@mail.com,Software Engineer,Tanger,Mid,,18
2582,Hamza Tahiri,hamza.tahiri2582@mail.com,Customer Support Agent,Marrakech,Mid,,16
4938,Hamza Tahiri,hamza.tahiri4938@mail.com,Marketing Specialist,Casablanca,Senior,,16
4645,Hamza Tahiri,hamza.tahiri4645@mail.com,Software Engineer,Rabat,Senior,,16
592,Hamza Tahiri,hamza.tahiri592@mail.com,Accountant,Tanger,Senior,,24
3009,Hamza Tahiri,hamza.tahiri3009@mail.com,Junior trainee,Rabat,Junior,,24
3720,Hamza Tahiri,hamza.tahiri3720@mail.com,Accountant,Rabat,Senior,,14
3744,Hamza Tahiri,hamza.tahiri3744@mail.com,HR Officer,Fes,Senior,,22
3952,Hamza Tahiri,hamza.tahiri3952@mail.com,Junior trainee,Agadir,Junior,,24
196,Hamza Tahiri,hamza.tahiri196@mail.com,Sales Executive,Marrakech,Junior,,18
997,Hamza Tahiri,hamza.tahiri997@mail.com,Network Technician,Fes,Senior,,20
2170,Hamza Tahiri,hamza.tahiri2170@mail.com,Accountant,Marrakech,Senior,,16
4186,Hamza Tahiri,hamza.tahiri4186@mail.com,Junior trainee,Agadir,Junior,,14
2113,Hamza Tahiri,hamza.tahiri2113@mail.com,Project Manager,Tanger,Senior,,14
1116,Hamza Tahiri,hamza.tahiri1116@mail.com,Data Analyst,Fes,Senior,,20
3997,Hamza Tahiri,hamza.tahiri3997@mail.com,Network Technician,Fes,Senior,,20
2964,Hamza Zerouali,hamza.zerouali2964@mail.com,Marketing Specialist,Casablanca,Senior,,18
3851,Hamza Zerouali,hamza.zerouali3851@mail.com,Data Analyst,Tanger,Senior,,22
3184,Hamza Zerouali,hamza.zerouali3184@mail.com,Network Technician,Tanger,Senior,,16
1418,Hamza Zerouali,hamza.zerouali1418@mail.com,Software Engineer,Casablanca,Senior,,16
2921,Hamza Zerouali,hamza.zerouali2921@mail.com,Software Engineer,Tanger,Junior,,20
4458,Hamza Zerouali,hamza.zerouali4458@mail.com,Data Analyst,Tanger,Senior,,18
4494,Hamza Zerouali,hamza.zerouali4494@mail.com,Network Technician,Marrakech,Mid,,20
3601,Hamza Zerouali,hamza.zerouali3601@mail.com,Accountant,Tanger,Junior,,24
246,Hamza Zerouali,hamza.zerouali246@mail.com,Accountant,Agadir,Senior,,18
750,Hamza Zerouali,hamza.zerouali750@mail.com,HR Officer,Fes,Senior,,20
1625,Hamza Zerouali,hamza.zerouali1625@mail.com,Customer Support Agent,Casablanca,Senior,,18
4631,Hamza Zerouali,hamza.zerouali4631@mail.com,Accountant,Fes,Mid,,20
1122,Hamza Zerouali,hamza.zerouali1122@mail.com,Project Manager,Marrakech,Senior,,24
3388,Hamza Zerouali,hamza.zerouali3388@mail.com,Accountant,Marrakech,Senior,,14
1044,Hamza Zerouali,hamza.zerouali1044@mail.com,Project Manager,Casablanca,Junior,,16
1070,Hamza Zerouali,hamza.zerouali1070@mail.com,Network Technician,Marrakech,Senior,,20
13612305-1137-4612-9b93-100c56fab21b,Harika java,,,,,,41
bb39d0d5-250c-443c-a406-775f6369bbf0,Harish K,,,,,,44
0ed4a562-b5b8-473f-afad-e1e4a61e147e,Harshitha Challa,,,,,,35
2443,Hassan Ait Lahcen,hassan.ait2443@mail.com,Network Technician,Rabat,Senior,,20
2542,Hassan Ait Lahcen,hassan.ait2542@mail.com,Network Technician,Tanger,Senior,,22
3991,Hassan Ait Lahcen,hassan.ait3991@mail.com,Marketing Specialist,Marrakech,Senior,,24
4008,Hassan Ait Lahcen,hassan.ait4008@mail.com,Sales Executive,Rabat,Mid,,18
2343,Hassan Ait Lahcen,hassan.ait2343@mail.com,Software Engineer,Rabat,Senior,,16
2655,Hassan Ait Lahcen,hassan.ait2655@mail.com,Accountant,Tanger,Senior,,22
3067,Hassan Ait Lahcen,hassan.ait3067@mail.com,Data Analyst,Marrakech,Senior,,18
588,Hassan Ait Lahcen,hassan.ait588@mail.com,Data Analyst,Rabat,Junior,,22
3250,Hassan Ait Lahcen,hassan.ait3250@mail.com,Accountant,Agadir,Senior,,22
3604,Hassan Ait Lahcen,hassan.ait3604@mail.com,Junior trainee,Agadir,Junior,,18
4020,Hassan Ait Lahcen,hassan.ait4020@mail.com,Data Analyst,Rabat,Mid,,22
695,Hassan Ait Lahcen,hassan.ait695@mail.com,Marketing Specialist,Agadir,Senior,,18
2110,Hassan Ait Lahcen,hassan.ait2110@mail.com,HR Officer,Agadir,Senior,,20
4562,Hassan Ait Lahcen,hassan.ait4562@mail.com,Customer Support Agent,Tanger,Senior,,20
3336,Hassan Ait Lahcen,hassan.ait3336@mail.com,Customer Support Agent,Casablanca,Senior,,18
995,Hassan Ait Lahcen,hassan.ait995@mail.com,Data Analyst,Agadir,Senior,,18
2781,Hassan Ait Lahcen,hassan.ait2781@mail.com,Data Analyst,Casablanca,Senior,,22
2190,Hassan Ait Lahcen,hassan.ait2190@mail.com,HR Officer,Tanger,Mid,,18
904,Hassan Ait Lahcen,hassan.ait904@mail.com,Sales Executive,Tanger,Senior,,16
1654,Hassan Benali,hassan.benali1654@mail.com,Sales Executive,Fes,Senior,,18
1655,Hassan Benali,hassan.benali1655@mail.com,HR Officer,Rabat,Senior,,18
9,Hassan Benali,hassan.benali9@mail.com,Customer Support Agent,Casablanca,Senior,,20
1424,Hassan Benali,hassan.benali1424@mail.com,Data Analyst,Marrakech,Senior,,24
3544,Hassan Benali,hassan.benali3544@mail.com,Software Engineer,Tanger,Senior,,18
532,Hassan Benali,hassan.benali532@mail.com,Accountant,Tanger,Mid,,22
3837,Hassan Benali,hassan.benali3837@mail.com,Marketing Specialist,Casablanca,Senior,,20
4987,Hassan Benali,hassan.benali4987@mail.com,Accountant,Agadir,Senior,,16
1283,Hassan Benali,hassan.benali1283@mail.com,Project Manager,Agadir,Senior,,24
2311,Hassan Benali,hassan.benali2311@mail.com,Project Manager,Rabat,Mid,,22
218,Hassan Benali,hassan.benali218@mail.com,Network Technician,Rabat,Mid,,16
1507,Hassan Benali,hassan.benali1507@mail.com,Sales Executive,Marrakech,Senior,,22
3609,Hassan Benali,hassan.benali3609@mail.com,Project Manager,Tanger,Senior,,18
3292,Hassan Benali,hassan.benali3292@mail.com,Customer Support Agent,Agadir,Mid,,18
3319,Hassan Benali,hassan.benali3319@mail.com,Sales Executive,Fes,Senior,,14
1798,Hassan Benali,hassan.benali1798@mail.com,HR Officer,Fes,Senior,,16
3954,Hassan Benali,hassan.benali3954@mail.com,Data Analyst,Tanger,Junior,,16
1915,Hassan Benali,hassan.benali1915@mail.com,Software Engineer,Rabat,Junior,,18
3528,Hassan Benali,hassan.benali3528@mail.com,Accountant,Agadir,Senior,,14
4560,Hassan Benali,hassan.benali4560@mail.com,HR Officer,Agadir,Mid,,12
238,Hassan Boulahfa,hassan.boulahfa238@mail.com,Marketing Specialist,Rabat,Junior,,16
1695,Hassan Boulahfa,hassan.boulahfa1695@mail.com,Network Technician,Agadir,Junior,,14
1708,Hassan Boulahfa,hassan.boulahfa1708@mail.com,Software Engineer,Rabat,Mid,,18
3686,Hassan Boulahfa,hassan.boulahfa3686@mail.com,Junior trainee,Fes,Junior,,22
4282,Hassan Boulahfa,hassan.boulahfa4282@mail.com,Marketing Specialist,Tanger,Senior,,20
4316,Hassan Boulahfa,hassan.boulahfa4316@mail.com,Project Manager,Fes,Senior,,16
4350,Hassan Boulahfa,hassan.boulahfa4350@mail.com,HR Officer,Tanger,Senior,,22
2535,Hassan Boulahfa,hassan.boulahfa2535@mail.com,Sales Executive,Marrakech,Senior,,20
828,Hassan Boulahfa,hassan.boulahfa828@mail.com,Project Manager,Agadir,Senior,,22
4691,Hassan Boulahfa,hassan.boulahfa4691@mail.com,Network Technician,Agadir,Senior,,22
518,Hassan Boulahfa,hassan.boulahfa518@mail.com,Marketing Specialist,Marrakech,Senior,,18
3046,Hassan Boulahfa,hassan.boulahfa3046@mail.com,Sales Executive,Tanger,Senior,,22
4150,Hassan Boulahfa,hassan.boulahfa4150@mail.com,Customer Support Agent,Marrakech,Senior,,20
2253,Hassan Boulahfa,hassan.boulahfa2253@mail.com,Data Analyst,Fes,Senior,,16
4648,Hassan Boulahfa,hassan.boulahfa4648@mail.com,Software Engineer,Rabat,Mid,,18
166,Hassan Boulahfa,hassan.boulahfa166@mail.com,HR Officer,Marrakech,Senior,,18
1125,Hassan Boulahfa,hassan.boulahfa1125@mail.com,Customer Support Agent,Marrakech,Junior,,18
542,Hassan Boulahfa,hassan.boulahfa542@mail.com,Customer Support Agent,Tanger,Junior,,20
2739,Hassan Boulahfa,hassan.boulahfa2739@mail.com,Junior trainee,Marrakech,Junior,,18
1876,Hassan Boulahfa,hassan.boulahfa1876@mail.com,Sales Executive,Marrakech,Senior,,14
4287,Hassan Chafik,hassan.chafik4287@mail.com,HR Officer,Tanger,Senior,,14
2905,Hassan Chafik,hassan.chafik2905@mail.com,Accountant,Fes,Senior,,20
2802,Hassan Chafik,hassan.chafik2802@mail.com,Sales Executive,Marrakech,Mid,,24
2822,Hassan Chafik,hassan.chafik2822@mail.com,Sales Executive,Marrakech,Junior,,24
2844,Hassan Chafik,hassan.chafik2844@mail.com,Project Manager,Fes,Junior,,14
4079,Hassan Chafik,hassan.chafik4079@mail.com,Data Analyst,Fes,Senior,,20
332,Hassan Chafik,hassan.chafik332@mail.com,HR Officer,Rabat,Senior,,16
443,Hassan Chafik,hassan.chafik443@mail.com,HR Officer,Rabat,Mid,,18
2438,Hassan Chafik,hassan.chafik2438@mail.com,HR Officer,Fes,Senior,,22
3167,Hassan Chafik,hassan.chafik3167@mail.com,Network Technician,Agadir,Senior,,18
4906,Hassan Chafik,hassan.chafik4906@mail.com,Network Technician,Rabat,Mid,,18
915,Hassan Chafik,hassan.chafik915@mail.com,Project Manager,Tanger,Senior,,20
4392,Hassan Chafik,hassan.chafik4392@mail.com,Junior trainee,Tanger,Junior,,20
3849,Hassan Chafik,hassan.chafik3849@mail.com,Data Analyst,Fes,Mid,,20
3850,Hassan Chafik,hassan.chafik3850@mail.com,Project Manager,Agadir,Mid,,18
4117,Hassan Chafik,hassan.chafik4117@mail.com,Customer Support Agent,Agadir,Senior,,16
1504,Hassan Chafik,hassan.chafik1504@mail.com,Marketing Specialist,Tanger,Senior,,20
1551,Hassan Chafik,hassan.chafik1551@mail.com,Software Engineer,Casablanca,Junior,,18
1236,Hassan Chafik,hassan.chafik1236@mail.com,Software Engineer,Marrakech,Mid,,20
541,Hassan Chafik,hassan.chafik541@mail.com,Customer Support Agent,Tanger,Senior,,22
1918,Hassan Chafik,hassan.chafik1918@mail.com,Project Manager,Casablanca,Senior,,24
4030,Hassan Chafik,hassan.chafik4030@mail.com,Accountant,Casablanca,Senior,,14
4052,Hassan Chafik,hassan.chafik4052@mail.com,Accountant,Fes,Senior,,20
4822,Hassan Chafik,hassan.chafik4822@mail.com,Data Analyst,Rabat,Mid,,14
2062,Hassan Chafik,hassan.chafik2062@mail.com,Network Technician,Casablanca,Mid,,16
2052,Hassan El Amrani,hassan.el2052@mail.com,Network Technician,Fes,Junior,,18
2090,Hassan El Amrani,hassan.el2090@mail.com,Marketing Specialist,Fes,Senior,,18
2806,Hassan El Amrani,hassan.el2806@mail.com,Customer Support Agent,Tanger,Mid,,20
252,Hassan El Amrani,hassan.el252@mail.com,Sales Executive,Casablanca,Mid,,14
3581,Hassan El Amrani,hassan.el3581@mail.com,Project Manager,Tanger,Mid,,20
4563,Hassan El Amrani,hassan.el4563@mail.com,Marketing Specialist,Agadir,Senior,,14
4594,Hassan El Amrani,hassan.el4594@mail.com,Marketing Specialist,Marrakech,Junior,,18
4601,Hassan El Amrani,hassan.el4601@mail.com,Network Technician,Rabat,Senior,,24
2692,Hassan El Amrani,hassan.el2692@mail.com,HR Officer,Rabat,Mid,,20
471,Hassan El Amrani,hassan.el471@mail.com,Marketing Specialist,Agadir,Senior,,18
475,Hassan El Amrani,hassan.el475@mail.com,Project Manager,Marrakech,Senior,,24
1400,Hassan El Amrani,hassan.el1400@mail.com,Data Analyst,Marrakech,Senior,,20
1434,Hassan El Amrani,hassan.el1434@mail.com,HR Officer,Fes,Senior,,22
887,Hassan El Amrani,hassan.el887@mail.com,Marketing Specialist,Casablanca,Senior,,20
125,Hassan El Amrani,hassan.el125@mail.com,Software Engineer,Marrakech,Junior,,20
3039,Hassan El Amrani,hassan.el3039@mail.com,Marketing Specialist,Fes,Senior,,22
637,Hassan El Amrani,hassan.el637@mail.com,Customer Support Agent,Tanger,Mid,,26
3052,Hassan El Amrani,hassan.el3052@mail.com,Data Analyst,Rabat,Senior,,16
3483,Hassan El Amrani,hassan.el3483@mail.com,Customer Support Agent,Tanger,Mid,,20
306,Hassan El Amrani,hassan.el306@mail.com,Sales Executive,Agadir,Senior,,16
1809,Hassan El Amrani,hassan.el1809@mail.com,Software Engineer,Rabat,Senior,,18
4013,Hassan El Amrani,hassan.el4013@mail.com,Network Technician,Rabat,Senior,,24
2388,Hassan El Amrani,hassan.el2388@mail.com,Customer Support Agent,Rabat,Senior,,14
605,Hassan El Idrissi,hassan.el605@mail.com,Customer Support Agent,Rabat,Junior,,20
241,Hassan El Idrissi,hassan.el241@mail.com,HR Officer,Casablanca,Mid,,18
4402,Hassan El Idrissi,hassan.el4402@mail.com,Project Manager,Tanger,Senior,,22
4414,Hassan El Idrissi,hassan.el4414@mail.com,Software Engineer,Rabat,Senior,,20
2568,Hassan El Idrissi,hassan.el2568@mail.com,Customer Support Agent,Marrakech,Senior,,16
1687,Hassan El Idrissi,hassan.el1687@mail.com,HR Officer,Agadir,Junior,,20
434,Hassan El Idrissi,hassan.el434@mail.com,Customer Support Agent,Marrakech,Mid,,18
446,Hassan El Idrissi,hassan.el446@mail.com,Software Engineer,Rabat,Senior,,22
461,Hassan El Idrissi,hassan.el461@mail.com,HR Officer,Marrakech,Senior,,22
3071,Hassan El Idrissi,hassan.el3071@mail.com,Customer Support Agent,Marrakech,Senior,,20
2701,Hassan El Idrissi,hassan.el2701@mail.com,Software Engineer,Tanger,Senior,,20
338,Hassan El Idrissi,hassan.el338@mail.com,HR Officer,Rabat,Mid,,20
1373,Hassan El Idrissi,hassan.el1373@mail.com,Marketing Specialist,Marrakech,Senior,,20
2349,Hassan El Idrissi,hassan.el2349@mail.com,Sales Executive,Tanger,Senior,,16
113,Hassan El Idrissi,hassan.el113@mail.com,Sales Executive,Casablanca,Mid,,16
3181,Hassan El Idrissi,hassan.el3181@mail.com,Customer Support Agent,Agadir,Mid,,18
3857,Hassan El Idrissi,hassan.el3857@mail.com,Sales Executive,Fes,Senior,,20
2293,Hassan El Idrissi,hassan.el2293@mail.com,Network Technician,Marrakech,Mid,,20
4739,Hassan El Idrissi,hassan.el4739@mail.com,Network Technician,Rabat,Senior,,18
3297,Hassan El Idrissi,hassan.el3297@mail.com,HR Officer,Marrakech,Mid,,22
275,Hassan El Idrissi,hassan.el275@mail.com,Sales Executive,Marrakech,Senior,,26
1512,Hassan El Idrissi,hassan.el1512@mail.com,Accountant,Marrakech,Senior,,16
550,Hassan El Idrissi,hassan.el550@mail.com,Network Technician,Fes,Senior,,16
1920,Hassan El Idrissi,hassan.el1920@mail.com,Network Technician,Marrakech,Mid,,20
4193,Hassan El Idrissi,hassan.el4193@mail.com,Project Manager,Casablanca,Junior,,18
4182,Hassan Fassi,hassan.fassi4182@mail.com,Sales Executive,Casablanca,Senior,,20
4122,Hassan Fassi,hassan.fassi4122@mail.com,Network Technician,Casablanca,Senior,,20
3233,Hassan Fassi,hassan.fassi3233@mail.com,Sales Executive,Rabat,Senior,,18
1027,Hassan Fassi,hassan.fassi1027@mail.com,Customer Support Agent,Fes,Senior,,16
1069,Hassan Fassi,hassan.fassi1069@mail.com,Network Technician,Rabat,Senior,,20
1428,Hassan Fassi,hassan.fassi1428@mail.com,HR Officer,Rabat,Senior,,20
2456,Hassan Fassi,hassan.fassi2456@mail.com,Customer Support Agent,Tanger,Senior,,18
2796,Hassan Fassi,hassan.fassi2796@mail.com,Customer Support Agent,Agadir,Senior,,26
4432,Hassan Fassi,hassan.fassi4432@mail.com,Customer Support Agent,Casablanca,Senior,,20
3793,Hassan Fassi,hassan.fassi3793@mail.com,Sales Executive,Tanger,Senior,,18
4570,Hassan Fassi,hassan.fassi4570@mail.com,HR Officer,Casablanca,Senior,,22
700,Hassan Fassi,hassan.fassi700@mail.com,Customer Support Agent,Rabat,Senior,,24
1352,Hassan Fassi,hassan.fassi1352@mail.com,Sales Executive,Fes,Senior,,14
4237,Hassan Fassi,hassan.fassi4237@mail.com,Accountant,Rabat,Junior,,20
2172,Hassan Fassi,hassan.fassi2172@mail.com,Project Manager,Marrakech,Senior,,16
2199,Hassan Fassi,hassan.fassi2199@mail.com,Data Analyst,Tanger,Senior,,20
2783,Hassan Fassi,hassan.fassi2783@mail.com,Software Engineer,Fes,Senior,,20
2516,Hassan Fassi,hassan.fassi2516@mail.com,Software Engineer,Tanger,Senior,,22
3505,Hassan Fassi,hassan.fassi3505@mail.com,Data Analyst,Casablanca,Senior,,20
69,Hassan Fassi,hassan.fassi69@mail.com,Junior trainee,Rabat,Junior,,20
414,Hassan Fassi,hassan.fassi414@mail.com,Sales Executive,Fes,Senior,,20
1559,Hassan Fassi,hassan.fassi1559@mail.com,Junior trainee,Agadir,Junior,,20
1573,Hassan Fassi,hassan.fassi1573@mail.com,Network Technician,Agadir,Senior,,18
3812,Hassan Fassi,hassan.fassi3812@mail.com,Data Analyst,Rabat,Senior,,20
1983,Hassan Fassi,hassan.fassi1983@mail.com,Junior trainee,Rabat,Junior,,20
2690,Hassan Raji,hassan.raji2690@mail.com,HR Officer,Casablanca,Senior,,22
2057,Hassan Raji,hassan.raji2057@mail.com,Accountant,Casablanca,Senior,,22
610,Hassan Raji,hassan.raji610@mail.com,Network Technician,Agadir,Mid,,16
2789,Hassan Raji,hassan.raji2789@mail.com,Sales Executive,Agadir,Senior,,18
3540,Hassan Raji,hassan.raji3540@mail.com,Junior trainee,Rabat,Junior,,16
707,Hassan Raji,hassan.raji707@mail.com,Accountant,Fes,Senior,,18
3796,Hassan Raji,hassan.raji3796@mail.com,Customer Support Agent,Tanger,Mid,,22
2653,Hassan Raji,hassan.raji2653@mail.com,Network Technician,Marrakech,Senior,,18
2618,Hassan Raji,hassan.raji2618@mail.com,Project Manager,Agadir,Senior,,18
2624,Hassan Raji,hassan.raji2624@mail.com,Software Engineer,Agadir,Senior,,16
3799,Hassan Raji,hassan.raji3799@mail.com,Data Analyst,Casablanca,Senior,,16
4023,Hassan Raji,hassan.raji4023@mail.com,Sales Executive,Agadir,Mid,,20
64,Hassan Raji,hassan.raji64@mail.com,Sales Executive,Tanger,Senior,,14
3612,Hassan Raji,hassan.raji3612@mail.com,HR Officer,Tanger,Senior,,14
3180,Hassan Raji,hassan.raji3180@mail.com,Software Engineer,Rabat,Senior,,16
4603,Hassan Raji,hassan.raji4603@mail.com,Marketing Specialist,Marrakech,Senior,,16
2144,Hassan Raji,hassan.raji2144@mail.com,Project Manager,Rabat,Mid,,18
661,Hassan Raji,hassan.raji661@mail.com,Network Technician,Tanger,Senior,,16
165,Hassan Raji,hassan.raji165@mail.com,Customer Support Agent,Casablanca,Senior,,16
195,Hassan Raji,hassan.raji195@mail.com,Junior trainee,Casablanca,Junior,,24
999,Hassan Raji,hassan.raji999@mail.com,Network Technician,Rabat,Mid,,20
3320,Hassan Raji,hassan.raji3320@mail.com,Accountant,Agadir,Senior,,18
3346,Hassan Tahiri,hassan.tahiri3346@mail.com,Data Analyst,Casablanca,Senior,,20
1977,Hassan Tahiri,hassan.tahiri1977@mail.com,Data Analyst,Rabat,Senior,,20
4158,Hassan Tahiri,hassan.tahiri4158@mail.com,Customer Support Agent,Fes,Senior,,18
2930,Hassan Tahiri,hassan.tahiri2930@mail.com,HR Officer,Tanger,Senior,,18
1864,Hassan Tahiri,hassan.tahiri1864@mail.com,HR Officer,Marrakech,Mid,,16
1869,Hassan Tahiri,hassan.tahiri1869@mail.com,Accountant,Rabat,Senior,,22
2055,Hassan Tahiri,hassan.tahiri2055@mail.com,Marketing Specialist,Rabat,Senior,,22
2326,Hassan Tahiri,hassan.tahiri2326@mail.com,Data Analyst,Marrakech,Senior,,24
3968,Hassan Tahiri,hassan.tahiri3968@mail.com,Network Technician,Marrakech,Junior,,20
1163,Hassan Tahiri,hassan.tahiri1163@mail.com,Data Analyst,Fes,Junior,,20
3112,Hassan Tahiri,hassan.tahiri3112@mail.com,Accountant,Casablanca,Junior,,22
4483,Hassan Tahiri,hassan.tahiri4483@mail.com,Customer Support Agent,Fes,Junior,,18
4682,Hassan Tahiri,hassan.tahiri4682@mail.com,Data Analyst,Marrakech,Senior,,16
4877,Hassan Tahiri,hassan.tahiri4877@mail.com,HR Officer,Casablanca,Senior,,20
4899,Hassan Tahiri,hassan.tahiri4899@mail.com,Network Technician,Fes,Mid,,20
1758,Hassan Tahiri,hassan.tahiri1758@mail.com,Marketing Specialist,Casablanca,Mid,,22
4990,Hassan Tahiri,hassan.tahiri4990@mail.com,Network Technician,Agadir,Senior,,18
385,Hassan Tahiri,hassan.tahiri385@mail.com,Network Technician,Rabat,Senior,,18
388,Hassan Tahiri,hassan.tahiri388@mail.com,Marketing Specialist,Casablanca,Senior,,18
1883,Hassan Tahiri,hassan.tahiri1883@mail.com,Data Analyst,Tanger,Senior,,22
4837,Hassan Tahiri,hassan.tahiri4837@mail.com,HR Officer,Marrakech,Senior,,24
3291,Hassan Tahiri,hassan.tahiri3291@mail.com,Network Technician,Marrakech,Senior,,18
1079,Hassan Tahiri,hassan.tahiri1079@mail.com,Network Technician,Marrakech,Senior,,14
573,Hassan Tahiri,hassan.tahiri573@mail.com,Sales Executive,Rabat,Senior,,18
4391,Hassan Zerouali,hassan.zerouali4391@mail.com,Accountant,Rabat,Senior,,14
3237,Hassan Zerouali,hassan.zerouali3237@mail.com,Software Engineer,Marrakech,Junior,,16
2667,Hassan Zerouali,hassan.zerouali2667@mail.com,Customer Support Agent,Casablanca,Mid,,20
4292,Hassan Zerouali,hassan.zerouali4292@mail.com,Sales Executive,Tanger,Mid,,18
2691,Hassan Zerouali,hassan.zerouali2691@mail.com,Project Manager,Agadir,Senior,,18
2982,Hassan Zerouali,hassan.zerouali2982@mail.com,Customer Support Agent,Fes,Mid,,18
452,Hassan Zerouali,hassan.zerouali452@mail.com,Network Technician,Casablanca,Mid,,18
2557,Hassan Zerouali,hassan.zerouali2557@mail.com,Software Engineer,Fes,Mid,,16
1645,Hassan Zerouali,hassan.zerouali1645@mail.com,Marketing Specialist,Marrakech,Senior,,20
3765,Hassan Zerouali,hassan.zerouali3765@mail.com,Project Manager,Rabat,Senior,,22
3986,Hassan Zerouali,hassan.zerouali3986@mail.com,Software Engineer,Tanger,Senior,,18
4002,Hassan Zerouali,hassan.zerouali4002@mail.com,Project Manager,Fes,Senior,,18
503,Hassan Zerouali,hassan.zerouali503@mail.com,Project Manager,Agadir,Senior,,16
4444,Hassan Zerouali,hassan.zerouali4444@mail.com,HR Officer,Rabat,Junior,,18
3137,Hassan Zerouali,hassan.zerouali3137@mail.com,Marketing Specialist,Rabat,Junior,,16
3146,Hassan Zerouali,hassan.zerouali3146@mail.com,Sales Executive,Casablanca,Senior,,18
1326,Hassan Zerouali,hassan.zerouali1326@mail.com,Accountant,Marrakech,Mid,,24
87,Hassan Zerouali,hassan.zerouali87@mail.com,Project Manager,Tanger,Senior,,22
3389,Hassan Zerouali,hassan.zerouali3389@mail.com,Network Technician,Rabat,Senior,,18
2475,Hassan Zerouali,hassan.zerouali2475@mail.com,Software Engineer,Tanger,Senior,,20
2499,Hassan Zerouali,hassan.zerouali2499@mail.com,HR Officer,Tanger,Senior,,20
3165,Hassan Zerouali,hassan.zerouali3165@mail.com,Project Manager,Agadir,Junior,,18
4824,Hassan Zerouali,hassan.zerouali4824@mail.com,Sales Executive,Tanger,Senior,,18
1635e920-e7ec-4c9c-a27b-376bb63468ef,Hiba Ait Benyadil,hiba.aitbenyadil@emsi-edu.ma,,,,,0
3117,Imane Ait Lahcen,imane.ait3117@mail.com,Sales Executive,Marrakech,Senior,,18
1959,Imane Ait Lahcen,imane.ait1959@mail.com,Data Analyst,Agadir,Senior,,16
4189,Imane Ait Lahcen,imane.ait4189@mail.com,Sales Executive,Casablanca,Senior,,16
132,Imane Ait Lahcen,imane.ait132@mail.com,Sales Executive,Tanger,Senior,,18
134,Imane Ait Lahcen,imane.ait134@mail.com,Project Manager,Marrakech,Junior,,20
1379,Imane Ait Lahcen,imane.ait1379@mail.com,Junior trainee,Tanger,Junior,,18
2863,Imane Ait Lahcen,imane.ait2863@mail.com,HR Officer,Casablanca,Senior,,22
1440,Imane Ait Lahcen,imane.ait1440@mail.com,Network Technician,Rabat,Senior,,20
2553,Imane Ait Lahcen,imane.ait2553@mail.com,Project Manager,Marrakech,Senior,,18
2341,Imane Ait Lahcen,imane.ait2341@mail.com,HR Officer,Marrakech,Senior,,18
1835,Imane Ait Lahcen,imane.ait1835@mail.com,HR Officer,Fes,Senior,,20
4904,Imane Ait Lahcen,imane.ait4904@mail.com,HR Officer,Marrakech,Senior,,20
931,Imane Ait Lahcen,imane.ait931@mail.com,Accountant,Fes,Senior,,24
768,Imane Ait Lahcen,imane.ait768@mail.com,Project Manager,Tanger,Senior,,22
4524,Imane Ait Lahcen,imane.ait4524@mail.com,Data Analyst,Rabat,Senior,,20
3444,Imane Ait Lahcen,imane.ait3444@mail.com,Sales Executive,Rabat,Senior,,20
3570,Imane Ait Lahcen,imane.ait3570@mail.com,Network Technician,Casablanca,Mid,,22
61,Imane Ait Lahcen,imane.ait61@mail.com,Accountant,Fes,Senior,,22
2152,Imane Ait Lahcen,imane.ait2152@mail.com,Project Manager,Fes,Junior,,18
2597,Imane Ait Lahcen,imane.ait2597@mail.com,Project Manager,Rabat,Senior,,22
2098,Imane Ait Lahcen,imane.ait2098@mail.com,Network Technician,Rabat,Mid,,18
4614,Imane Ait Lahcen,imane.ait4614@mail.com,Project Manager,Rabat,Mid,,16
4636,Imane Benali,imane.benali4636@mail.com,Network Technician,Marrakech,Junior,,20
3477,Imane Benali,imane.benali3477@mail.com,Junior trainee,Rabat,Junior,,16
626,Imane Benali,imane.benali626@mail.com,Junior trainee,Fes,Junior,,20
216,Imane Benali,imane.benali216@mail.com,Accountant,Tanger,Senior,,18
1057,Imane Benali,imane.benali1057@mail.com,Data Analyst,Rabat,Junior,,18
3131,Imane Benali,imane.benali3131@mail.com,Customer Support Agent,Agadir,Senior,,16
558,Imane Benali,imane.benali558@mail.com,Sales Executive,Casablanca,Mid,,18
1730,Imane Benali,imane.benali1730@mail.com,Data Analyst,Marrakech,Senior,,18
120,Imane Benali,imane.benali120@mail.com,Data Analyst,Agadir,Mid,,18
4179,Imane Benali,imane.benali4179@mail.com,Marketing Specialist,Tanger,Senior,,14
4225,Imane Benali,imane.benali4225@mail.com,HR Officer,Rabat,Senior,,16
1715,Imane Benali,imane.benali1715@mail.com,Customer Support Agent,Fes,Junior,,20
4464,Imane Benali,imane.benali4464@mail.com,Marketing Specialist,Fes,Senior,,18
2087,Imane Benali,imane.benali2087@mail.com,Marketing Specialist,Rabat,Mid,,16
1402,Imane Benali,imane.benali1402@mail.com,Accountant,Tanger,Senior,,18
2209,Imane Benali,imane.benali2209@mail.com,Customer Support Agent,Agadir,Mid,,20
3044,Imane Benali,imane.benali3044@mail.com,Accountant,Agadir,Senior,,18
2570,Imane Benali,imane.benali2570@mail.com,Network Technician,Rabat,Senior,,18
4693,Imane Benali,imane.benali4693@mail.com,Accountant,Casablanca,Mid,,12
4565,Imane Benali,imane.benali4565@mail.com,Network Technician,Agadir,Senior,,16
721,Imane Benali,imane.benali721@mail.com,Marketing Specialist,Casablanca,Senior,,16
517,Imane Benali,imane.benali517@mail.com,Project Manager,Rabat,Junior,,22
3981,Imane Benali,imane.benali3981@mail.com,Sales Executive,Agadir,Senior,,20
1636,Imane Benali,imane.benali1636@mail.com,Software Engineer,Agadir,Senior,,18
1123,Imane Benali,imane.benali1123@mail.com,Marketing Specialist,Agadir,Senior,,20
4230,Imane Benali,imane.benali4230@mail.com,Project Manager,Rabat,Mid,,18
1297,Imane Benali,imane.benali1297@mail.com,Marketing Specialist,Marrakech,Junior,,16
3824,Imane Benali,imane.benali3824@mail.com,Sales Executive,Fes,Senior,,26
3848,Imane Benali,imane.benali3848@mail.com,Software Engineer,Marrakech,Senior,,22
2592,Imane Benali,imane.benali2592@mail.com,Accountant,Agadir,Junior,,16
203,Imane Benali,imane.benali203@mail.com,Network Technician,Fes,Senior,,18
1609,Imane Benali,imane.benali1609@mail.com,Data Analyst,Agadir,Senior,,14
3634,Imane Benali,imane.benali3634@mail.com,Sales Executive,Fes,Senior,,22
2176,Imane Benali,imane.benali2176@mail.com,Sales Executive,Tanger,Senior,,18
685,Imane Benali,imane.benali685@mail.com,Accountant,Casablanca,Senior,,16
1537,Imane Benali,imane.benali1537@mail.com,Network Technician,Casablanca,Senior,,20
2732,Imane Boulahfa,imane.boulahfa2732@mail.com,Customer Support Agent,Agadir,Junior,,18
4541,Imane Boulahfa,imane.boulahfa4541@mail.com,HR Officer,Fes,Senior,,18
734,Imane Boulahfa,imane.boulahfa734@mail.com,Network Technician,Marrakech,Senior,,20
782,Imane Boulahfa,imane.boulahfa782@mail.com,Accountant,Agadir,Mid,,20
1249,Imane Boulahfa,imane.boulahfa1249@mail.com,Software Engineer,Casablanca,Junior,,26
334,Imane Boulahfa,imane.boulahfa334@mail.com,Accountant,Fes,Junior,,20
362,Imane Boulahfa,imane.boulahfa362@mail.com,Data Analyst,Rabat,Senior,,16
4242,Imane Boulahfa,imane.boulahfa4242@mail.com,Sales Executive,Tanger,Senior,,20
4261,Imane Boulahfa,imane.boulahfa4261@mail.com,Marketing Specialist,Agadir,Senior,,26
4843,Imane Boulahfa,imane.boulahfa4843@mail.com,Sales Executive,Tanger,Senior,,18
994,Imane Boulahfa,imane.boulahfa994@mail.com,Sales Executive,Fes,Mid,,14
2755,Imane Boulahfa,imane.boulahfa2755@mail.com,Sales Executive,Marrakech,Senior,,20
3206,Imane Boulahfa,imane.boulahfa3206@mail.com,HR Officer,Agadir,Senior,,16
3920,Imane Boulahfa,imane.boulahfa3920@mail.com,Sales Executive,Casablanca,Senior,,22
1225,Imane Boulahfa,imane.boulahfa1225@mail.com,Customer Support Agent,Casablanca,Senior,,20
163,Imane Boulahfa,imane.boulahfa163@mail.com,Software Engineer,Agadir,Senior,,22
213,Imane Boulahfa,imane.boulahfa213@mail.com,Software Engineer,Rabat,Junior,,22
294,Imane Boulahfa,imane.boulahfa294@mail.com,Marketing Specialist,Agadir,Mid,,18
1882,Imane Boulahfa,imane.boulahfa1882@mail.com,Sales Executive,Marrakech,Senior,,20
1916,Imane Boulahfa,imane.boulahfa1916@mail.com,Accountant,Casablanca,Senior,,22
3416,Imane Boulahfa,imane.boulahfa3416@mail.com,Customer Support Agent,Marrakech,Senior,,18
4622,Imane Chafik,imane.chafik4622@mail.com,Marketing Specialist,Casablanca,Senior,,20
4647,Imane Chafik,imane.chafik4647@mail.com,Sales Executive,Rabat,Mid,,20
632,Imane Chafik,imane.chafik632@mail.com,Sales Executive,Casablanca,Mid,,14
3244,Imane Chafik,imane.chafik3244@mail.com,HR Officer,Agadir,Mid,,14
3247,Imane Chafik,imane.chafik3247@mail.com,HR Officer,Marrakech,Senior,,18
2955,Imane Chafik,imane.chafik2955@mail.com,Junior trainee,Rabat,Junior,,20
4120,Imane Chafik,imane.chafik4120@mail.com,Network Technician,Rabat,Senior,,22
31,Imane Chafik,imane.chafik31@mail.com,Accountant,Rabat,Senior,,18
1148,Imane Chafik,imane.chafik1148@mail.com,Accountant,Casablanca,Senior,,22
874,Imane Chafik,imane.chafik874@mail.com,Marketing Specialist,Casablanca,Junior,,20
1667,Imane Chafik,imane.chafik1667@mail.com,Sales Executive,Marrakech,Mid,,22
1878,Imane Chafik,imane.chafik1878@mail.com,Accountant,Marrakech,Senior,,22
1479,Imane Chafik,imane.chafik1479@mail.com,Software Engineer,Rabat,Senior,,20
2215,Imane Chafik,imane.chafik2215@mail.com,Data Analyst,Marrakech,Senior,,18
4583,Imane Chafik,imane.chafik4583@mail.com,Marketing Specialist,Tanger,Senior,,14
4783,Imane Chafik,imane.chafik4783@mail.com,Customer Support Agent,Fes,Senior,,20
1907,Imane Chafik,imane.chafik1907@mail.com,Project Manager,Marrakech,Junior,,16
363,Imane Chafik,imane.chafik363@mail.com,Sales Executive,Fes,Senior,,18
4098,Imane Chafik,imane.chafik4098@mail.com,Accountant,Casablanca,Senior,,16
2122,Imane Chafik,imane.chafik2122@mail.com,Project Manager,Fes,Junior,,20
1104,Imane Chafik,imane.chafik1104@mail.com,Marketing Specialist,Agadir,Senior,,16
3571,Imane Chafik,imane.chafik3571@mail.com,Software Engineer,Fes,Senior,,16
3886,Imane Chafik,imane.chafik3886@mail.com,HR Officer,Fes,Senior,,20
1640,Imane Chafik,imane.chafik1640@mail.com,Customer Support Agent,Tanger,Mid,,24
3826,Imane Chafik,imane.chafik3826@mail.com,HR Officer,Tanger,Senior,,18
4742,Imane Chafik,imane.chafik4742@mail.com,Data Analyst,Agadir,Senior,,22
3635,Imane Chafik,imane.chafik3635@mail.com,Network Technician,Tanger,Senior,,18
4400,Imane El Amrani,imane.el4400@mail.com,Project Manager,Fes,Senior,,20
4410,Imane El Amrani,imane.el4410@mail.com,HR Officer,Casablanca,Senior,,20
4415,Imane El Amrani,imane.el4415@mail.com,Junior trainee,Casablanca,Junior,,18
4007,Imane El Amrani,imane.el4007@mail.com,Data Analyst,Marrakech,Mid,,18
3446,Imane El Amrani,imane.el3446@mail.com,Network Technician,Tanger,Senior,,22
3460,Imane El Amrani,imane.el3460@mail.com,Project Manager,Agadir,Senior,,22
3328,Imane El Amrani,imane.el3328@mail.com,Project Manager,Fes,Senior,,20
126,Imane El Amrani,imane.el126@mail.com,Junior trainee,Fes,Junior,,22
1757,Imane El Amrani,imane.el1757@mail.com,Marketing Specialist,Marrakech,Senior,,16
2226,Imane El Amrani,imane.el2226@mail.com,Sales Executive,Fes,Senior,,24
1451,Imane El Amrani,imane.el1451@mail.com,Accountant,Casablanca,Senior,,16
833,Imane El Amrani,imane.el833@mail.com,Project Manager,Casablanca,Senior,,16
2851,Imane El Amrani,imane.el2851@mail.com,Customer Support Agent,Rabat,Senior,,24
4118,Imane El Amrani,imane.el4118@mail.com,Network Technician,Agadir,Senior,,18
1489,Imane El Amrani,imane.el1489@mail.com,Accountant,Agadir,Senior,,20
896,Imane El Amrani,imane.el896@mail.com,Accountant,Fes,Senior,,22
1870,Imane El Amrani,imane.el1870@mail.com,Marketing Specialist,Tanger,Senior,,20
4725,Imane El Amrani,imane.el4725@mail.com,Project Manager,Agadir,Senior,,18
3576,Imane El Amrani,imane.el3576@mail.com,HR Officer,Marrakech,Mid,,20
4805,Imane El Amrani,imane.el4805@mail.com,Project Manager,Marrakech,Mid,,18
2093,Imane El Amrani,imane.el2093@mail.com,Project Manager,Casablanca,Senior,,16
2100,Imane El Amrani,imane.el2100@mail.com,Software Engineer,Marrakech,Senior,,16
3520,Imane El Amrani,imane.el3520@mail.com,Accountant,Fes,Mid,,20
3270,Imane El Amrani,imane.el3270@mail.com,Project Manager,Marrakech,Senior,,24
1623,Imane El Amrani,imane.el1623@mail.com,HR Officer,Rabat,Senior,,22
1605,Imane El Amrani,imane.el1605@mail.com,Junior trainee,Agadir,Junior,,20
4994,Imane El Idrissi,imane.el4994@mail.com,HR Officer,Tanger,Senior,,18
1035,Imane El Idrissi,imane.el1035@mail.com,Project Manager,Fes,Senior,,22
4576,Imane El Idrissi,imane.el4576@mail.com,Data Analyst,Tanger,Senior,,18
3431,Imane El Idrissi,imane.el3431@mail.com,Software Engineer,Agadir,Junior,,22
3084,Imane El Idrissi,imane.el3084@mail.com,Data Analyst,Casablanca,Senior,,18
4633,Imane El Idrissi,imane.el4633@mail.com,HR Officer,Agadir,Senior,,18
4640,Imane El Idrissi,imane.el4640@mail.com,Customer Support Agent,Agadir,Senior,,20
4374,Imane El Idrissi,imane.el4374@mail.com,Software Engineer,Agadir,Senior,,20
2240,Imane El Idrissi,imane.el2240@mail.com,Software Engineer,Fes,Senior,,20
46,Imane El Idrissi,imane.el46@mail.com,Software Engineer,Rabat,Senior,,18
4478,Imane El Idrissi,imane.el4478@mail.com,Customer Support Agent,Tanger,Senior,,16
2323,Imane El Idrissi,imane.el2323@mail.com,Junior trainee,Casablanca,Junior,,18
834,Imane El Idrissi,imane.el834@mail.com,HR Officer,Tanger,Junior,,18
1776,Imane El Idrissi,imane.el1776@mail.com,Network Technician,Rabat,Senior,,22
1812,Imane El Idrissi,imane.el1812@mail.com,Customer Support Agent,Tanger,Mid,,16
1324,Imane El Idrissi,imane.el1324@mail.com,Sales Executive,Agadir,Senior,,22
279,Imane El Idrissi,imane.el279@mail.com,Data Analyst,Marrakech,Senior,,22
2626,Imane El Idrissi,imane.el2626@mail.com,Data Analyst,Tanger,Senior,,24
3362,Imane Fassi,imane.fassi3362@mail.com,Network Technician,Marrakech,Senior,,18
1246,Imane Fassi,imane.fassi1246@mail.com,Sales Executive,Fes,Mid,,16
1955,Imane Fassi,imane.fassi1955@mail.com,Marketing Specialist,Agadir,Senior,,18
2965,Imane Fassi,imane.fassi2965@mail.com,Software Engineer,Marrakech,Senior,,18
2937,Imane Fassi,imane.fassi2937@mail.com,Project Manager,Rabat,Senior,,20
2430,Imane Fassi,imane.fassi2430@mail.com,Customer Support Agent,Marrakech,Mid,,24
1025,Imane Fassi,imane.fassi1025@mail.com,Sales Executive,Rabat,Senior,,22
1050,Imane Fassi,imane.fassi1050@mail.com,Software Engineer,Fes,Senior,,18
3966,Imane Fassi,imane.fassi3966@mail.com,Junior trainee,Tanger,Junior,,18
2229,Imane Fassi,imane.fassi2229@mail.com,Software Engineer,Casablanca,Mid,,24
487,Imane Fassi,imane.fassi487@mail.com,Project Manager,Marrakech,Senior,,20
157,Imane Fassi,imane.fassi157@mail.com,Project Manager,Tanger,Senior,,22
964,Imane Fassi,imane.fassi964@mail.com,Project Manager,Marrakech,Mid,,14
4342,Imane Fassi,imane.fassi4342@mail.com,Marketing Specialist,Casablanca,Senior,,22
4910,Imane Fassi,imane.fassi4910@mail.com,Network Technician,Fes,Senior,,18
4169,Imane Fassi,imane.fassi4169@mail.com,Network Technician,Agadir,Senior,,22
3006,Imane Fassi,imane.fassi3006@mail.com,Accountant,Fes,Senior,,16
3041,Imane Fassi,imane.fassi3041@mail.com,Data Analyst,Fes,Mid,,20
744,Imane Fassi,imane.fassi744@mail.com,Network Technician,Fes,Senior,,20
2547,Imane Fassi,imane.fassi2547@mail.com,Software Engineer,Casablanca,Senior,,18
4961,Imane Fassi,imane.fassi4961@mail.com,HR Officer,Marrakech,Mid,,22
285,Imane Fassi,imane.fassi285@mail.com,Sales Executive,Marrakech,Mid,,22
302,Imane Fassi,imane.fassi302@mail.com,Marketing Specialist,Agadir,Senior,,18
4771,Imane Fassi,imane.fassi4771@mail.com,Software Engineer,Tanger,Senior,,18
1868,Imane Fassi,imane.fassi1868@mail.com,Data Analyst,Fes,Senior,,18
648,Imane Fassi,imane.fassi648@mail.com,Sales Executive,Marrakech,Senior,,22
652,Imane Fassi,imane.fassi652@mail.com,Project Manager,Fes,Senior,,20
996,Imane Fassi,imane.fassi996@mail.com,HR Officer,Casablanca,Senior,,20
78,Imane Fassi,imane.fassi78@mail.com,Project Manager,Marrakech,Senior,,16
3563,Imane Fassi,imane.fassi3563@mail.com,Project Manager,Tanger,Senior,,18
2020,Imane Fassi,imane.fassi2020@mail.com,Data Analyst,Agadir,Junior,,16
1800,Imane Fassi,imane.fassi1800@mail.com,Marketing Specialist,Tanger,Senior,,18
3929,Imane Fassi,imane.fassi3929@mail.com,Accountant,Rabat,Senior,,16
2460,Imane Raji,imane.raji2460@mail.com,Accountant,Agadir,Senior,,24
1569,Imane Raji,imane.raji1569@mail.com,Sales Executive,Marrakech,Senior,,20
4399,Imane Raji,imane.raji4399@mail.com,Marketing Specialist,Rabat,Senior,,20
3714,Imane Raji,imane.raji3714@mail.com,Project Manager,Agadir,Mid,,26
535,Imane Raji,imane.raji535@mail.com,Customer Support Agent,Casablanca,Junior,,20
4299,Imane Raji,imane.raji4299@mail.com,Project Manager,Casablanca,Senior,,20
753,Imane Raji,imane.raji753@mail.com,Junior trainee,Rabat,Junior,,16
1031,Imane Raji,imane.raji1031@mail.com,Project Manager,Casablanca,Senior,,16
504,Imane Raji,imane.raji504@mail.com,Network Technician,Marrakech,Senior,,18
4520,Imane Raji,imane.raji4520@mail.com,Marketing Specialist,Marrakech,Senior,,14
3787,Imane Raji,imane.raji3787@mail.com,Data Analyst,Marrakech,Senior,,18
3791,Imane Raji,imane.raji3791@mail.com,Network Technician,Agadir,Senior,,20
1831,Imane Raji,imane.raji1831@mail.com,Data Analyst,Fes,Senior,,20
1926,Imane Raji,imane.raji1926@mail.com,Project Manager,Rabat,Mid,,16
1928,Imane Raji,imane.raji1928@mail.com,Sales Executive,Casablanca,Senior,,18
1015,Imane Raji,imane.raji1015@mail.com,Network Technician,Tanger,Mid,,20
3304,Imane Raji,imane.raji3304@mail.com,Software Engineer,Fes,Senior,,16
2154,Imane Raji,imane.raji2154@mail.com,Project Manager,Tanger,Senior,,22
2191,Imane Raji,imane.raji2191@mail.com,Accountant,Tanger,Mid,,22
1229,Imane Raji,imane.raji1229@mail.com,Data Analyst,Marrakech,Senior,,20
3691,Imane Tahiri,imane.tahiri3691@mail.com,Marketing Specialist,Casablanca,Senior,,18
2348,Imane Tahiri,imane.tahiri2348@mail.com,Project Manager,Fes,Senior,,18
2401,Imane Tahiri,imane.tahiri2401@mail.com,Project Manager,Tanger,Junior,,24
1350,Imane Tahiri,imane.tahiri1350@mail.com,Data Analyst,Tanger,Senior,,14
3621,Imane Tahiri,imane.tahiri3621@mail.com,Sales Executive,Tanger,Mid,,18
1577,Imane Tahiri,imane.tahiri1577@mail.com,Marketing Specialist,Rabat,Senior,,20
572,Imane Tahiri,imane.tahiri572@mail.com,HR Officer,Marrakech,Senior,,20
4639,Imane Tahiri,imane.tahiri4639@mail.com,HR Officer,Fes,Senior,,20
3014,Imane Tahiri,imane.tahiri3014@mail.com,Project Manager,Fes,Mid,,18
4379,Imane Tahiri,imane.tahiri4379@mail.com,HR Officer,Marrakech,Junior,,22
1020,Imane Tahiri,imane.tahiri1020@mail.com,Network Technician,Rabat,Mid,,20
4658,Imane Tahiri,imane.tahiri4658@mail.com,HR Officer,Fes,Senior,,22
2764,Imane Tahiri,imane.tahiri2764@mail.com,Accountant,Rabat,Senior,,20
4926,Imane Tahiri,imane.tahiri4926@mail.com,Project Manager,Tanger,Mid,,22
4828,Imane Tahiri,imane.tahiri4828@mail.com,Data Analyst,Marrakech,Senior,,24
3755,Imane Tahiri,imane.tahiri3755@mail.com,Marketing Specialist,Fes,Senior,,16
4722,Imane Tahiri,imane.tahiri4722@mail.com,HR Officer,Marrakech,Mid,,18
3806,Imane Tahiri,imane.tahiri3806@mail.com,Accountant,Marrakech,Senior,,14
194,Imane Tahiri,imane.tahiri194@mail.com,Project Manager,Marrakech,Senior,,20
3186,Imane Tahiri,imane.tahiri3186@mail.com,HR Officer,Tanger,Mid,,20
3560,Imane Tahiri,imane.tahiri3560@mail.com,Network Technician,Rabat,Senior,,22
3566,Imane Tahiri,imane.tahiri3566@mail.com,Junior trainee,Marrakech,Junior,,22
3267,Imane Zerouali,imane.zerouali3267@mail.com,Marketing Specialist,Rabat,Senior,,18
3379,Imane Zerouali,imane.zerouali3379@mail.com,Accountant,Casablanca,Mid,,16
4425,Imane Zerouali,imane.zerouali4425@mail.com,Sales Executive,Marrakech,Senior,,16
2643,Imane Zerouali,imane.zerouali2643@mail.com,Data Analyst,Rabat,Senior,,20
606,Imane Zerouali,imane.zerouali606@mail.com,Sales Executive,Marrakech,Senior,,16
158,Imane Zerouali,imane.zerouali158@mail.com,Project Manager,Rabat,Senior,,16
1453,Imane Zerouali,imane.zerouali1453@mail.com,Project Manager,Tanger,Senior,,24
1468,Imane Zerouali,imane.zerouali1468@mail.com,Data Analyst,Casablanca,Senior,,18
4652,Imane Zerouali,imane.zerouali4652@mail.com,Customer Support Agent,Fes,Senior,,22
776,Imane Zerouali,imane.zerouali776@mail.com,Accountant,Fes,Senior,,18
4147,Imane Zerouali,imane.zerouali4147@mail.com,HR Officer,Rabat,Senior,,24
4880,Imane Zerouali,imane.zerouali4880@mail.com,Network Technician,Tanger,Senior,,14
3210,Imane Zerouali,imane.zerouali3210@mail.com,Data Analyst,Fes,Senior,,22
4668,Imane Zerouali,imane.zerouali4668@mail.com,Marketing Specialist,Fes,Senior,,16
2164,Imane Zerouali,imane.zerouali2164@mail.com,Marketing Specialist,Tanger,Senior,,20
1087,Imane Zerouali,imane.zerouali1087@mail.com,Data Analyst,Marrakech,Senior,,18
1092,Imane Zerouali,imane.zerouali1092@mail.com,Customer Support Agent,Marrakech,Senior,,16
3792,Imane Zerouali,imane.zerouali3792@mail.com,Accountant,Casablanca,Junior,,18
2096,Imane Zerouali,imane.zerouali2096@mail.com,Customer Support Agent,Rabat,Senior,,18
146f6424-69fe-4ed2-8dd2-21e8507daea4,Jagan S Iyer PM,,,,,,24
d7aa851a-07ff-4775-8c69-123575d759ab,Jaya prakash,,,,,,29
8c4b2c9f-e871-4ff7-a1d9-39f8254cf927,Jayadattaperi N,,,,,,36
b34a348b-64ea-4cb6-9e42-4a8e10f40613,Jennifer  M. Conte,,,,,,20
926e11ac-7f2c-4bea-992a-9bb80859bbe9,Jimi Desai PM,,,,,,28
31855aaa-7e36-4871-b81c-bd1b2c9b0ba6,KIRAN KUMAR,,,,,,33
bb48fb29-7444-4f72-af82-e81115055f92,KY BA PM UPDATED RESUME ,,,,,,33
2125,Karim Ait Lahcen,karim.ait2125@mail.com,Data Analyst,Agadir,Mid,,20
1198,Karim Ait Lahcen,karim.ait1198@mail.com,Customer Support Agent,Casablanca,Senior,,16
3935,Karim Ait Lahcen,karim.ait3935@mail.com,Junior trainee,Rabat,Junior,,22
3343,Karim Ait Lahcen,karim.ait3343@mail.com,Data Analyst,Casablanca,Senior,,16
3649,Karim Ait Lahcen,karim.ait3649@mail.com,Network Technician,Agadir,Mid,,24
3661,Karim Ait Lahcen,karim.ait3661@mail.com,Project Manager,Casablanca,Senior,,18
1935,Karim Ait Lahcen,karim.ait1935@mail.com,Network Technician,Agadir,Senior,,20
2379,Karim Ait Lahcen,karim.ait2379@mail.com,Accountant,Fes,Senior,,20
3375,Karim Ait Lahcen,karim.ait3375@mail.com,Project Manager,Rabat,Senior,,20
3222,Karim Ait Lahcen,karim.ait3222@mail.com,Software Engineer,Agadir,Junior,,16
3534,Karim Ait Lahcen,karim.ait3534@mail.com,Data Analyst,Casablanca,Senior,,20
1734,Karim Ait Lahcen,karim.ait1734@mail.com,Sales Executive,Casablanca,Mid,,20
493,Karim Ait Lahcen,karim.ait493@mail.com,HR Officer,Agadir,Junior,,20
511,Karim Ait Lahcen,karim.ait511@mail.com,Marketing Specialist,Fes,Senior,,24
1431,Karim Ait Lahcen,karim.ait1431@mail.com,Network Technician,Agadir,Senior,,20
925,Karim Ait Lahcen,karim.ait925@mail.com,Accountant,Marrakech,Senior,,16
942,Karim Ait Lahcen,karim.ait942@mail.com,Data Analyst,Agadir,Mid,,18
951,Karim Ait Lahcen,karim.ait951@mail.com,Software Engineer,Agadir,Mid,,22
2869,Karim Ait Lahcen,karim.ait2869@mail.com,Marketing Specialist,Rabat,Senior,,16
3759,Karim Ait Lahcen,karim.ait3759@mail.com,Software Engineer,Fes,Mid,,18
4254,Karim Ait Lahcen,karim.ait4254@mail.com,Sales Executive,Casablanca,Senior,,22
3189,Karim Ait Lahcen,karim.ait3189@mail.com,Marketing Specialist,Rabat,Senior,,18
2741,Karim Ait Lahcen,karim.ait2741@mail.com,Data Analyst,Marrakech,Senior,,24
681,Karim Ait Lahcen,karim.ait681@mail.com,Customer Support Agent,Agadir,Mid,,16
3299,Karim Ait Lahcen,karim.ait3299@mail.com,Network Technician,Agadir,Senior,,22
3842,Karim Ait Lahcen,karim.ait3842@mail.com,Software Engineer,Rabat,Senior,,18
2450,Karim Benali,karim.benali2450@mail.com,Network Technician,Fes,Senior,,18
4132,Karim Benali,karim.benali4132@mail.com,Data Analyst,Rabat,Senior,,18
871,Karim Benali,karim.benali871@mail.com,Junior trainee,Fes,Junior,,18
892,Karim Benali,karim.benali892@mail.com,Customer Support Agent,Fes,Junior,,18
4385,Karim Benali,karim.benali4385@mail.com,HR Officer,Marrakech,Senior,,22
2945,Karim Benali,karim.benali2945@mail.com,Data Analyst,Rabat,Senior,,22
3672,Karim Benali,karim.benali3672@mail.com,Network Technician,Tanger,Senior,,20
2906,Karim Benali,karim.benali2906@mail.com,Network Technician,Tanger,Junior,,16
3235,Karim Benali,karim.benali3235@mail.com,Customer Support Agent,Casablanca,Mid,,18
3240,Karim Benali,karim.benali3240@mail.com,Project Manager,Marrakech,Senior,,22
4191,Karim Benali,karim.benali4191@mail.com,Software Engineer,Marrakech,Mid,,20
4217,Karim Benali,karim.benali4217@mail.com,Junior trainee,Fes,Junior,,22
4301,Karim Benali,karim.benali4301@mail.com,Software Engineer,Casablanca,Senior,,18
483,Karim Benali,karim.benali483@mail.com,Accountant,Tanger,Senior,,20
4611,Karim Benali,karim.benali4611@mail.com,HR Officer,Fes,Senior,,20
4634,Karim Benali,karim.benali4634@mail.com,Data Analyst,Fes,Senior,,18
1042,Karim Benali,karim.benali1042@mail.com,HR Officer,Agadir,Senior,,18
1045,Karim Benali,karim.benali1045@mail.com,HR Officer,Marrakech,Senior,,14
1541,Karim Benali,karim.benali1541@mail.com,Network Technician,Tanger,Senior,,20
2721,Karim Benali,karim.benali2721@mail.com,Customer Support Agent,Marrakech,Senior,,16
317,Karim Benali,karim.benali317@mail.com,Accountant,Marrakech,Mid,,18
77,Karim Benali,karim.benali77@mail.com,Software Engineer,Tanger,Senior,,18
424,Karim Benali,karim.benali424@mail.com,Accountant,Fes,Senior,,24
4846,Karim Benali,karim.benali4846@mail.com,Project Manager,Agadir,Senior,,18
4228,Karim Benali,karim.benali4228@mail.com,Junior trainee,Casablanca,Junior,,20
3784,Karim Benali,karim.benali3784@mail.com,Network Technician,Fes,Senior,,20
1922,Karim Benali,karim.benali1922@mail.com,Junior trainee,Marrakech,Junior,,18
2762,Karim Benali,karim.benali2762@mail.com,Customer Support Agent,Casablanca,Mid,,20
1012,Karim Benali,karim.benali1012@mail.com,HR Officer,Marrakech,Senior,,20
3834,Karim Boulahfa,karim.boulahfa3834@mail.com,Customer Support Agent,Marrakech,Senior,,18
1287,Karim Boulahfa,karim.boulahfa1287@mail.com,Accountant,Marrakech,Mid,,16
4065,Karim Boulahfa,karim.boulahfa4065@mail.com,Customer Support Agent,Casablanca,Mid,,14
2435,Karim Boulahfa,karim.boulahfa2435@mail.com,Sales Executive,Casablanca,Senior,,18
3629,Karim Boulahfa,karim.boulahfa3629@mail.com,Project Manager,Agadir,Junior,,22
2042,Karim Boulahfa,karim.boulahfa2042@mail.com,Customer Support Agent,Marrakech,Senior,,20
1165,Karim Boulahfa,karim.boulahfa1165@mail.com,HR Officer,Casablanca,Senior,,18
2049,Karim Boulahfa,karim.boulahfa2049@mail.com,Software Engineer,Agadir,Senior,,16
4286,Karim Boulahfa,karim.boulahfa4286@mail.com,Sales Executive,Rabat,Senior,,20
3028,Karim Boulahfa,karim.boulahfa3028@mail.com,Data Analyst,Rabat,Senior,,22
3048,Karim Boulahfa,karim.boulahfa3048@mail.com,Software Engineer,Agadir,Senior,,16
2737,Karim Boulahfa,karim.boulahfa2737@mail.com,Sales Executive,Fes,Mid,,18
2780,Karim Boulahfa,karim.boulahfa2780@mail.com,Software Engineer,Rabat,Senior,,22
269,Karim Boulahfa,karim.boulahfa269@mail.com,HR Officer,Agadir,Senior,,22
309,Karim Boulahfa,karim.boulahfa309@mail.com,Network Technician,Marrakech,Junior,,20
1842,Karim Boulahfa,karim.boulahfa1842@mail.com,Software Engineer,Fes,Senior,,20
3193,Karim Boulahfa,karim.boulahfa3193@mail.com,Network Technician,Agadir,Mid,,18
2684,Karim Boulahfa,karim.boulahfa2684@mail.com,Data Analyst,Marrakech,Senior,,24
2733,Karim Boulahfa,karim.boulahfa2733@mail.com,Data Analyst,Fes,Mid,,20
4924,Karim Boulahfa,karim.boulahfa4924@mail.com,Marketing Specialist,Rabat,Senior,,18
4937,Karim Boulahfa,karim.boulahfa4937@mail.com,Data Analyst,Casablanca,Junior,,18
1341,Karim Boulahfa,karim.boulahfa1341@mail.com,Junior trainee,Tanger,Junior,,16
2186,Karim Boulahfa,karim.boulahfa2186@mail.com,Sales Executive,Agadir,Senior,,16
2470,Karim Boulahfa,karim.boulahfa2470@mail.com,Accountant,Agadir,Senior,,20
3480,Karim Boulahfa,karim.boulahfa3480@mail.com,HR Officer,Agadir,Senior,,16
3482,Karim Boulahfa,karim.boulahfa3482@mail.com,HR Officer,Casablanca,Junior,,16
3411,Karim Chafik,karim.chafik3411@mail.com,Marketing Specialist,Marrakech,Senior,,20
2590,Karim Chafik,karim.chafik2590@mail.com,Software Engineer,Fes,Senior,,22
3120,Karim Chafik,karim.chafik3120@mail.com,Network Technician,Agadir,Junior,,16
4981,Karim Chafik,karim.chafik4981@mail.com,Data Analyst,Agadir,Mid,,18
1943,Karim Chafik,karim.chafik1943@mail.com,HR Officer,Agadir,Mid,,16
4407,Karim Chafik,karim.chafik4407@mail.com,Software Engineer,Fes,Senior,,18
4439,Karim Chafik,karim.chafik4439@mail.com,Sales Executive,Tanger,Senior,,18
3996,Karim Chafik,karim.chafik3996@mail.com,Customer Support Agent,Rabat,Senior,,20
1433,Karim Chafik,karim.chafik1433@mail.com,Marketing Specialist,Marrakech,Mid,,22
4377,Karim Chafik,karim.chafik4377@mail.com,Data Analyst,Marrakech,Mid,,22
1576,Karim Chafik,karim.chafik1576@mail.com,Accountant,Casablanca,Senior,,16
2834,Karim Chafik,karim.chafik2834@mail.com,Accountant,Agadir,Senior,,12
1682,Karim Chafik,karim.chafik1682@mail.com,Customer Support Agent,Marrakech,Senior,,22
3022,Karim Chafik,karim.chafik3022@mail.com,Project Manager,Tanger,Senior,,18
3311,Karim Chafik,karim.chafik3311@mail.com,Marketing Specialist,Agadir,Mid,,20
355,Karim Chafik,karim.chafik355@mail.com,Network Technician,Fes,Mid,,20
2874,Karim Chafik,karim.chafik2874@mail.com,Sales Executive,Agadir,Senior,,16
689,Karim Chafik,karim.chafik689@mail.com,Sales Executive,Tanger,Senior,,20
835,Karim Chafik,karim.chafik835@mail.com,Network Technician,Rabat,Senior,,16
4271,Karim Chafik,karim.chafik4271@mail.com,Customer Support Agent,Rabat,Senior,,16
4711,Karim Chafik,karim.chafik4711@mail.com,Marketing Specialist,Tanger,Mid,,24
4746,Karim Chafik,karim.chafik4746@mail.com,Data Analyst,Rabat,Senior,,18
2552,Karim El Amrani,karim.el2552@mail.com,Marketing Specialist,Tanger,Senior,,18
2104,Karim El Amrani,karim.el2104@mail.com,Marketing Specialist,Agadir,Senior,,18
3500,Karim El Amrani,karim.el3500@mail.com,Accountant,Tanger,Senior,,24
2602,Karim El Amrani,karim.el2602@mail.com,Network Technician,Casablanca,Senior,,18
3364,Karim El Amrani,karim.el3364@mail.com,Software Engineer,Agadir,Senior,,22
4463,Karim El Amrani,karim.el4463@mail.com,Software Engineer,Casablanca,Senior,,14
1984,Karim El Amrani,karim.el1984@mail.com,HR Officer,Rabat,Mid,,22
3535,Karim El Amrani,karim.el3535@mail.com,Network Technician,Rabat,Senior,,20
4212,Karim El Amrani,karim.el4212@mail.com,Data Analyst,Fes,Junior,,18
3245,Karim El Amrani,karim.el3245@mail.com,Data Analyst,Rabat,Senior,,20
150,Karim El Amrani,karim.el150@mail.com,Customer Support Agent,Casablanca,Junior,,22
2709,Karim El Amrani,karim.el2709@mail.com,Customer Support Agent,Casablanca,Senior,,20
4817,Karim El Amrani,karim.el4817@mail.com,Marketing Specialist,Fes,Senior,,20
4055,Karim El Amrani,karim.el4055@mail.com,HR Officer,Fes,Mid,,16
1705,Karim El Amrani,karim.el1705@mail.com,Network Technician,Marrakech,Senior,,20
1710,Karim El Amrani,karim.el1710@mail.com,Accountant,Agadir,Mid,,22
401,Karim El Amrani,karim.el401@mail.com,Network Technician,Marrakech,Senior,,18
1332,Karim El Amrani,karim.el1332@mail.com,Project Manager,Tanger,Senior,,18
1313,Karim El Idrissi,karim.el1313@mail.com,Project Manager,Fes,Junior,,22
1334,Karim El Idrissi,karim.el1334@mail.com,Project Manager,Marrakech,Senior,,14
2788,Karim El Idrissi,karim.el2788@mail.com,Customer Support Agent,Casablanca,Junior,,12
2970,Karim El Idrissi,karim.el2970@mail.com,Marketing Specialist,Rabat,Senior,,20
2975,Karim El Idrissi,karim.el2975@mail.com,Network Technician,Tanger,Mid,,20
1240,Karim El Idrissi,karim.el1240@mail.com,Data Analyst,Rabat,Senior,,20
3916,Karim El Idrissi,karim.el3916@mail.com,Accountant,Fes,Junior,,20
4078,Karim El Idrissi,karim.el4078@mail.com,Project Manager,Casablanca,Senior,,18
3598,Karim El Idrissi,karim.el3598@mail.com,Accountant,Fes,Senior,,14
704,Karim El Idrissi,karim.el704@mail.com,Data Analyst,Marrakech,Senior,,18
2600,Karim El Idrissi,karim.el2600@mail.com,Customer Support Agent,Rabat,Senior,,22
2427,Karim El Idrissi,karim.el2427@mail.com,Network Technician,Fes,Senior,,20
509,Karim El Idrissi,karim.el509@mail.com,Project Manager,Fes,Senior,,16
564,Karim El Idrissi,karim.el564@mail.com,Junior trainee,Fes,Junior,,20
1969,Karim El Idrissi,karim.el1969@mail.com,Marketing Specialist,Fes,Senior,,20
1423,Karim El Idrissi,karim.el1423@mail.com,Junior trainee,Fes,Junior,,24
1867,Karim El Idrissi,karim.el1867@mail.com,Software Engineer,Casablanca,Senior,,18
2273,Karim El Idrissi,karim.el2273@mail.com,Project Manager,Marrakech,Senior,,18
3001,Karim El Idrissi,karim.el3001@mail.com,Network Technician,Rabat,Senior,,18
2694,Karim El Idrissi,karim.el2694@mail.com,Customer Support Agent,Casablanca,Senior,,16
60,Karim El Idrissi,karim.el60@mail.com,Sales Executive,Agadir,Mid,,16
119,Karim El Idrissi,karim.el119@mail.com,Software Engineer,Rabat,Mid,,18
1909,Karim El Idrissi,karim.el1909@mail.com,Network Technician,Tanger,Senior,,18
212,Karim El Idrissi,karim.el212@mail.com,Customer Support Agent,Marrakech,Senior,,16
4911,Karim El Idrissi,karim.el4911@mail.com,Accountant,Tanger,Mid,,22
1980,Karim Fassi,karim.fassi1980@mail.com,Data Analyst,Fes,Mid,,20
2992,Karim Fassi,karim.fassi2992@mail.com,Data Analyst,Marrakech,Senior,,18
3516,Karim Fassi,karim.fassi3516@mail.com,Sales Executive,Rabat,Senior,,20
1185,Karim Fassi,karim.fassi1185@mail.com,Software Engineer,Marrakech,Senior,,18
4495,Karim Fassi,karim.fassi4495@mail.com,Marketing Specialist,Agadir,Senior,,20
4514,Karim Fassi,karim.fassi4514@mail.com,Junior trainee,Agadir,Junior,,16
3707,Karim Fassi,karim.fassi3707@mail.com,HR Officer,Agadir,Senior,,18
949,Karim Fassi,karim.fassi949@mail.com,HR Officer,Agadir,Mid,,14
962,Karim Fassi,karim.fassi962@mail.com,Junior trainee,Fes,Junior,,24
2364,Karim Fassi,karim.fassi2364@mail.com,Network Technician,Fes,Senior,,22
1378,Karim Fassi,karim.fassi1378@mail.com,Accountant,Casablanca,Senior,,18
891,Karim Fassi,karim.fassi891@mail.com,Data Analyst,Casablanca,Senior,,24
1565,Karim Fassi,karim.fassi1565@mail.com,Accountant,Rabat,Senior,,14
1600,Karim Fassi,karim.fassi1600@mail.com,Network Technician,Marrakech,Senior,,16
708,Karim Fassi,karim.fassi708@mail.com,Software Engineer,Tanger,Junior,,20
4343,Karim Fassi,karim.fassi4343@mail.com,Network Technician,Casablanca,Senior,,18
3569,Karim Fassi,karim.fassi3569@mail.com,Software Engineer,Rabat,Mid,,24
1466,Karim Fassi,karim.fassi1466@mail.com,Data Analyst,Casablanca,Senior,,22
187,Karim Fassi,karim.fassi187@mail.com,Marketing Specialist,Tanger,Senior,,20
2689,Karim Fassi,karim.fassi2689@mail.com,Marketing Specialist,Rabat,Senior,,20
1794,Karim Fassi,karim.fassi1794@mail.com,Marketing Specialist,Agadir,Senior,,24
4844,Karim Fassi,karim.fassi4844@mail.com,HR Officer,Fes,Senior,,18
290,Karim Fassi,karim.fassi290@mail.com,Software Engineer,Tanger,Junior,,18
2272,Karim Fassi,karim.fassi2272@mail.com,Software Engineer,Casablanca,Senior,,18
1443,Karim Fassi,karim.fassi1443@mail.com,Data Analyst,Rabat,Senior,,14
1716,Karim Fassi,karim.fassi1716@mail.com,Accountant,Marrakech,Senior,,24
4283,Karim Raji,karim.raji4283@mail.com,Network Technician,Agadir,Junior,,20
2954,Karim Raji,karim.raji2954@mail.com,Junior trainee,Marrakech,Junior,,22
1536,Karim Raji,karim.raji1536@mail.com,Network Technician,Fes,Senior,,24
914,Karim Raji,karim.raji914@mail.com,Accountant,Casablanca,Senior,,20
4121,Karim Raji,karim.raji4121@mail.com,HR Officer,Casablanca,Mid,,16
4340,Karim Raji,karim.raji4340@mail.com,Marketing Specialist,Rabat,Mid,,18
537,Karim Raji,karim.raji537@mail.com,Sales Executive,Tanger,Junior,,22
1267,Karim Raji,karim.raji1267@mail.com,HR Officer,Tanger,Senior,,24
4390,Karim Raji,karim.raji4390@mail.com,Project Manager,Fes,Junior,,24
4211,Karim Raji,karim.raji4211@mail.com,Customer Support Agent,Casablanca,Senior,,14
3589,Karim Raji,karim.raji3589@mail.com,Network Technician,Rabat,Junior,,22
3618,Karim Raji,karim.raji3618@mail.com,Marketing Specialist,Agadir,Mid,,24
2243,Karim Raji,karim.raji2243@mail.com,HR Officer,Fes,Senior,,18
1584,Karim Raji,karim.raji1584@mail.com,Accountant,Tanger,Senior,,22
1768,Karim Raji,karim.raji1768@mail.com,HR Officer,Rabat,Junior,,16
2503,Karim Raji,karim.raji2503@mail.com,Data Analyst,Casablanca,Mid,,14
4819,Karim Raji,karim.raji4819@mail.com,Junior trainee,Tanger,Junior,,22
4797,Karim Raji,karim.raji4797@mail.com,Data Analyst,Tanger,Mid,,18
2281,Karim Raji,karim.raji2281@mail.com,Sales Executive,Rabat,Senior,,16
333,Karim Raji,karim.raji333@mail.com,Sales Executive,Marrakech,Junior,,18
4929,Karim Raji,karim.raji4929@mail.com,HR Officer,Casablanca,Senior,,24
2345,Karim Tahiri,karim.tahiri2345@mail.com,Software Engineer,Casablanca,Senior,,22
230,Karim Tahiri,karim.tahiri230@mail.com,Marketing Specialist,Casablanca,Senior,,20
4577,Karim Tahiri,karim.tahiri4577@mail.com,Sales Executive,Fes,Mid,,18
3819,Karim Tahiri,karim.tahiri3819@mail.com,Software Engineer,Marrakech,Senior,,22
967,Karim Tahiri,karim.tahiri967@mail.com,Marketing Specialist,Tanger,Senior,,14
913,Karim Tahiri,karim.tahiri913@mail.com,Project Manager,Agadir,Junior,,22
922,Karim Tahiri,karim.tahiri922@mail.com,Network Technician,Casablanca,Senior,,18
2910,Karim Tahiri,karim.tahiri2910@mail.com,Network Technician,Fes,Junior,,18
3355,Karim Tahiri,karim.tahiri3355@mail.com,Accountant,Marrakech,Senior,,20
2089,Karim Tahiri,karim.tahiri2089@mail.com,Junior trainee,Fes,Junior,,22
2436,Karim Tahiri,karim.tahiri2436@mail.com,Accountant,Fes,Senior,,18
4003,Karim Tahiri,karim.tahiri4003@mail.com,Junior trainee,Casablanca,Junior,,18
2485,Karim Tahiri,karim.tahiri2485@mail.com,HR Officer,Casablanca,Senior,,20
2708,Karim Tahiri,karim.tahiri2708@mail.com,Customer Support Agent,Fes,Senior,,20
2724,Karim Tahiri,karim.tahiri2724@mail.com,Data Analyst,Marrakech,Senior,,18
1458,Karim Tahiri,karim.tahiri1458@mail.com,HR Officer,Casablanca,Mid,,18
1481,Karim Tahiri,karim.tahiri1481@mail.com,HR Officer,Casablanca,Senior,,22
1724,Karim Tahiri,karim.tahiri1724@mail.com,Accountant,Agadir,Senior,,22
1399,Karim Tahiri,karim.tahiri1399@mail.com,Accountant,Rabat,Senior,,18
1797,Karim Tahiri,karim.tahiri1797@mail.com,Project Manager,Agadir,Mid,,22
4854,Karim Tahiri,karim.tahiri4854@mail.com,Software Engineer,Agadir,Mid,,16
4798,Karim Tahiri,karim.tahiri4798@mail.com,Accountant,Agadir,Senior,,16
650,Karim Tahiri,karim.tahiri650@mail.com,Customer Support Agent,Tanger,Mid,,22
666,Karim Zerouali,karim.zerouali666@mail.com,Marketing Specialist,Rabat,Senior,,16
678,Karim Zerouali,karim.zerouali678@mail.com,Sales Executive,Marrakech,Senior,,18
2442,Karim Zerouali,karim.zerouali2442@mail.com,Marketing Specialist,Fes,Senior,,16
1579,Karim Zerouali,karim.zerouali1579@mail.com,Junior trainee,Rabat,Junior,,22
1195,Karim Zerouali,karim.zerouali1195@mail.com,Sales Executive,Tanger,Senior,,16
433,Karim Zerouali,karim.zerouali433@mail.com,Sales Executive,Casablanca,Senior,,24
450,Karim Zerouali,karim.zerouali450@mail.com,Software Engineer,Rabat,Senior,,20
3230,Karim Zerouali,karim.zerouali3230@mail.com,Data Analyst,Rabat,Senior,,18
4318,Karim Zerouali,karim.zerouali4318@mail.com,Marketing Specialist,Marrakech,Mid,,16
3406,Karim Zerouali,karim.zerouali3406@mail.com,Data Analyst,Marrakech,Senior,,18
3415,Karim Zerouali,karim.zerouali3415@mail.com,Junior trainee,Tanger,Junior,,22
963,Karim Zerouali,karim.zerouali963@mail.com,Data Analyst,Tanger,Junior,,14
4127,Karim Zerouali,karim.zerouali4127@mail.com,Marketing Specialist,Fes,Mid,,20
1005,Karim Zerouali,karim.zerouali1005@mail.com,Data Analyst,Rabat,Senior,,16
2581,Karim Zerouali,karim.zerouali2581@mail.com,Sales Executive,Fes,Senior,,20
4766,Karim Zerouali,karim.zerouali4766@mail.com,Data Analyst,Agadir,Mid,,14
1760,Karim Zerouali,karim.zerouali1760@mail.com,Marketing Specialist,Marrakech,Senior,,16
2763,Karim Zerouali,karim.zerouali2763@mail.com,Accountant,Casablanca,Senior,,24
3017,Karim Zerouali,karim.zerouali3017@mail.com,Accountant,Fes,Mid,,20
3875,Karim Zerouali,karim.zerouali3875@mail.com,Customer Support Agent,Fes,Senior,,20
3769,Karim Zerouali,karim.zerouali3769@mail.com,Software Engineer,Casablanca,Senior,,22
9d66378b-4829-4bf6-8f41-c9d5df4b8578,Kashyap K. Vora resume,,,,,,40
3750,Khadija Ait Lahcen,khadija.ait3750@mail.com,Junior trainee,Agadir,Junior,,14
1950,Khadija Ait Lahcen,khadija.ait1950@mail.com,Data Analyst,Rabat,Senior,,22
4600,Khadija Ait Lahcen,khadija.ait4600@mail.com,HR Officer,Fes,Mid,,18
4949,Khadija Ait Lahcen,khadija.ait4949@mail.com,Sales Executive,Tanger,Senior,,20
249,Khadija Ait Lahcen,khadija.ait249@mail.com,Customer Support Agent,Agadir,Senior,,18
1030,Khadija Ait Lahcen,khadija.ait1030@mail.com,Network Technician,Marrakech,Senior,,20
4284,Khadija Ait Lahcen,khadija.ait4284@mail.com,Network Technician,Tanger,Mid,,20
4332,Khadija Ait Lahcen,khadija.ait4332@mail.com,HR Officer,Agadir,Senior,,20
3949,Khadija Ait Lahcen,khadija.ait3949@mail.com,Customer Support Agent,Tanger,Mid,,24
928,Khadija Ait Lahcen,khadija.ait928@mail.com,Marketing Specialist,Marrakech,Junior,,20
523,Khadija Ait Lahcen,khadija.ait523@mail.com,HR Officer,Tanger,Senior,,16
8,Khadija Ait Lahcen,khadija.ait8@mail.com,HR Officer,Casablanca,Mid,,18
1391,Khadija Ait Lahcen,khadija.ait1391@mail.com,Customer Support Agent,Casablanca,Senior,,20
4637,Khadija Ait Lahcen,khadija.ait4637@mail.com,Software Engineer,Rabat,Senior,,18
4465,Khadija Ait Lahcen,khadija.ait4465@mail.com,Marketing Specialist,Rabat,Senior,,22
3361,Khadija Ait Lahcen,khadija.ait3361@mail.com,Customer Support Agent,Fes,Senior,,14
612,Khadija Ait Lahcen,khadija.ait612@mail.com,Accountant,Casablanca,Junior,,16
357,Khadija Ait Lahcen,khadija.ait357@mail.com,Network Technician,Tanger,Senior,,22
4847,Khadija Ait Lahcen,khadija.ait4847@mail.com,Project Manager,Fes,Senior,,12
2039,Khadija Ait Lahcen,khadija.ait2039@mail.com,Sales Executive,Agadir,Senior,,18
2867,Khadija Ait Lahcen,khadija.ait2867@mail.com,Marketing Specialist,Casablanca,Senior,,18
3340,Khadija Benali,khadija.benali3340@mail.com,Marketing Specialist,Marrakech,Senior,,20
1691,Khadija Benali,khadija.benali1691@mail.com,Accountant,Fes,Senior,,18
3073,Khadija Benali,khadija.benali3073@mail.com,HR Officer,Casablanca,Mid,,18
1979,Khadija Benali,khadija.benali1979@mail.com,Customer Support Agent,Casablanca,Mid,,18
2795,Khadija Benali,khadija.benali2795@mail.com,Software Engineer,Rabat,Senior,,20
2994,Khadija Benali,khadija.benali2994@mail.com,Project Manager,Marrakech,Senior,,24
2336,Khadija Benali,khadija.benali2336@mail.com,Customer Support Agent,Fes,Senior,,22
4720,Khadija Benali,khadija.benali4720@mail.com,Marketing Specialist,Tanger,Senior,,16
4448,Khadija Benali,khadija.benali4448@mail.com,Software Engineer,Rabat,Senior,,18
4372,Khadija Benali,khadija.benali4372@mail.com,Marketing Specialist,Tanger,Senior,,14
2675,Khadija Benali,khadija.benali2675@mail.com,Junior trainee,Marrakech,Junior,,20
2681,Khadija Benali,khadija.benali2681@mail.com,HR Officer,Agadir,Senior,,16
4945,Khadija Benali,khadija.benali4945@mail.com,Accountant,Rabat,Senior,,18
531,Khadija Benali,khadija.benali531@mail.com,Accountant,Rabat,Senior,,22
860,Khadija Benali,khadija.benali860@mail.com,Data Analyst,Fes,Mid,,16
3925,Khadija Benali,khadija.benali3925@mail.com,HR Officer,Marrakech,Senior,,22
4194,Khadija Benali,khadija.benali4194@mail.com,Junior trainee,Fes,Junior,,20
2934,Khadija Benali,khadija.benali2934@mail.com,Customer Support Agent,Agadir,Senior,,18
2625,Khadija Benali,khadija.benali2625@mail.com,Network Technician,Rabat,Senior,,20
4016,Khadija Benali,khadija.benali4016@mail.com,Customer Support Agent,Tanger,Senior,,18
4656,Khadija Benali,khadija.benali4656@mail.com,Network Technician,Marrakech,Senior,,24
3057,Khadija Benali,khadija.benali3057@mail.com,Network Technician,Agadir,Senior,,20
1627,Khadija Benali,khadija.benali1627@mail.com,Sales Executive,Rabat,Senior,,16
364,Khadija Benali,khadija.benali364@mail.com,Accountant,Rabat,Senior,,22
1818,Khadija Benali,khadija.benali1818@mail.com,Customer Support Agent,Fes,Senior,,24
55,Khadija Benali,khadija.benali55@mail.com,Customer Support Agent,Rabat,Senior,,22
148,Khadija Benali,khadija.benali148@mail.com,HR Officer,Marrakech,Senior,,20
149,Khadija Benali,khadija.benali149@mail.com,HR Officer,Casablanca,Senior,,16
2980,Khadija Boulahfa,khadija.boulahfa2980@mail.com,Sales Executive,Fes,Senior,,16
1581,Khadija Boulahfa,khadija.boulahfa1581@mail.com,HR Officer,Tanger,Senior,,22
2411,Khadija Boulahfa,khadija.boulahfa2411@mail.com,Data Analyst,Tanger,Senior,,22
2825,Khadija Boulahfa,khadija.boulahfa2825@mail.com,Data Analyst,Tanger,Senior,,16
1693,Khadija Boulahfa,khadija.boulahfa1693@mail.com,Sales Executive,Marrakech,Senior,,24
3109,Khadija Boulahfa,khadija.boulahfa3109@mail.com,Network Technician,Agadir,Senior,,22
3105,Khadija Boulahfa,khadija.boulahfa3105@mail.com,HR Officer,Agadir,Mid,,18
2562,Khadija Boulahfa,khadija.boulahfa2562@mail.com,Data Analyst,Tanger,Senior,,18
4476,Khadija Boulahfa,khadija.boulahfa4476@mail.com,Project Manager,Rabat,Junior,,20
4428,Khadija Boulahfa,khadija.boulahfa4428@mail.com,Software Engineer,Rabat,Senior,,20
3644,Khadija Boulahfa,khadija.boulahfa3644@mail.com,Sales Executive,Rabat,Junior,,18
3656,Khadija Boulahfa,khadija.boulahfa3656@mail.com,Sales Executive,Rabat,Senior,,18
4064,Khadija Boulahfa,khadija.boulahfa4064@mail.com,Sales Executive,Tanger,Senior,,22
1278,Khadija Boulahfa,khadija.boulahfa1278@mail.com,Sales Executive,Marrakech,Senior,,22
2656,Khadija Boulahfa,khadija.boulahfa2656@mail.com,Software Engineer,Rabat,Senior,,20
729,Khadija Boulahfa,khadija.boulahfa729@mail.com,Network Technician,Marrakech,Senior,,16
4969,Khadija Boulahfa,khadija.boulahfa4969@mail.com,Marketing Specialist,Fes,Senior,,18
3591,Khadija Boulahfa,khadija.boulahfa3591@mail.com,Customer Support Agent,Marrakech,Senior,,18
3597,Khadija Boulahfa,khadija.boulahfa3597@mail.com,Data Analyst,Casablanca,Senior,,18
2,Khadija Boulahfa,khadija.boulahfa2@mail.com,Customer Support Agent,Tanger,Senior,,18
3871,Khadija Boulahfa,khadija.boulahfa3871@mail.com,Sales Executive,Marrakech,Senior,,16
4256,Khadija Boulahfa,khadija.boulahfa4256@mail.com,HR Officer,Fes,Senior,,18
3301,Khadija Boulahfa,khadija.boulahfa3301@mail.com,Project Manager,Fes,Senior,,20
2601,Khadija Boulahfa,khadija.boulahfa2601@mail.com,Accountant,Tanger,Senior,,22
4853,Khadija Boulahfa,khadija.boulahfa4853@mail.com,Accountant,Rabat,Senior,,22
2285,Khadija Boulahfa,khadija.boulahfa2285@mail.com,Project Manager,Marrakech,Mid,,16
1110,Khadija Boulahfa,khadija.boulahfa1110@mail.com,Software Engineer,Marrakech,Senior,,18
609,Khadija Boulahfa,khadija.boulahfa609@mail.com,Sales Executive,Fes,Senior,,14
2841,Khadija Chafik,khadija.chafik2841@mail.com,Marketing Specialist,Rabat,Senior,,22
3558,Khadija Chafik,khadija.chafik3558@mail.com,Network Technician,Casablanca,Senior,,22
2459,Khadija Chafik,khadija.chafik2459@mail.com,HR Officer,Tanger,Mid,,20
2106,Khadija Chafik,khadija.chafik2106@mail.com,Project Manager,Rabat,Senior,,18
4517,Khadija Chafik,khadija.chafik4517@mail.com,Data Analyst,Agadir,Senior,,20
3436,Khadija Chafik,khadija.chafik3436@mail.com,Sales Executive,Casablanca,Senior,,20
3459,Khadija Chafik,khadija.chafik3459@mail.com,Marketing Specialist,Rabat,Senior,,16
3349,Khadija Chafik,khadija.chafik3349@mail.com,Sales Executive,Rabat,Junior,,22
2815,Khadija Chafik,khadija.chafik2815@mail.com,Junior trainee,Agadir,Junior,,22
1964,Khadija Chafik,khadija.chafik1964@mail.com,Software Engineer,Marrakech,Senior,,24
3712,Khadija Chafik,khadija.chafik3712@mail.com,Sales Executive,Marrakech,Junior,,18
3941,Khadija Chafik,khadija.chafik3941@mail.com,Customer Support Agent,Agadir,Senior,,22
4757,Khadija Chafik,khadija.chafik4757@mail.com,Sales Executive,Casablanca,Senior,,24
1348,Khadija Chafik,khadija.chafik1348@mail.com,Data Analyst,Casablanca,Senior,,20
1384,Khadija Chafik,khadija.chafik1384@mail.com,Project Manager,Casablanca,Senior,,22
1253,Khadija Chafik,khadija.chafik1253@mail.com,Data Analyst,Fes,Senior,,24
1111,Khadija Chafik,khadija.chafik1111@mail.com,Marketing Specialist,Fes,Mid,,22
4262,Khadija Chafik,khadija.chafik4262@mail.com,Customer Support Agent,Casablanca,Senior,,18
1750,Khadija Chafik,khadija.chafik1750@mail.com,Marketing Specialist,Marrakech,Junior,,20
75,Khadija Chafik,khadija.chafik75@mail.com,Project Manager,Tanger,Senior,,20
3873,Khadija Chafik,khadija.chafik3873@mail.com,Network Technician,Rabat,Senior,,22
1866,Khadija Chafik,khadija.chafik1866@mail.com,Project Manager,Tanger,Mid,,18
1839,Khadija El Amrani,khadija.el1839@mail.com,Network Technician,Casablanca,Senior,,16
1844,Khadija El Amrani,khadija.el1844@mail.com,Network Technician,Casablanca,Senior,,20
1875,Khadija El Amrani,khadija.el1875@mail.com,Software Engineer,Fes,Senior,,20
4895,Khadija El Amrani,khadija.el4895@mail.com,Project Manager,Fes,Senior,,22
1333,Khadija El Amrani,khadija.el1333@mail.com,Software Engineer,Agadir,Mid,,20
115,Khadija El Amrani,khadija.el115@mail.com,Customer Support Agent,Fes,Senior,,16
1590,Khadija El Amrani,khadija.el1590@mail.com,Customer Support Agent,Tanger,Senior,,18
4952,Khadija El Amrani,khadija.el4952@mail.com,Accountant,Tanger,Senior,,18
4461,Khadija El Amrani,khadija.el4461@mail.com,Project Manager,Tanger,Junior,,20
4484,Khadija El Amrani,khadija.el4484@mail.com,Customer Support Agent,Agadir,Senior,,16
1068,Khadija El Amrani,khadija.el1068@mail.com,Marketing Specialist,Rabat,Senior,,22
927,Khadija El Amrani,khadija.el927@mail.com,HR Officer,Rabat,Junior,,20
2664,Khadija El Amrani,khadija.el2664@mail.com,HR Officer,Rabat,Senior,,12
3681,Khadija El Amrani,khadija.el3681@mail.com,Junior trainee,Rabat,Junior,,22
4031,Khadija El Amrani,khadija.el4031@mail.com,Sales Executive,Fes,Senior,,20
2917,Khadija El Amrani,khadija.el2917@mail.com,Project Manager,Fes,Junior,,16
392,Khadija El Amrani,khadija.el392@mail.com,Network Technician,Tanger,Senior,,22
4011,Khadija El Amrani,khadija.el4011@mail.com,Project Manager,Rabat,Senior,,22
186,Khadija El Amrani,khadija.el186@mail.com,Sales Executive,Casablanca,Senior,,20
1759,Khadija El Amrani,khadija.el1759@mail.com,Software Engineer,Rabat,Junior,,16
1762,Khadija El Amrani,khadija.el1762@mail.com,Project Manager,Casablanca,Senior,,16
4789,Khadija El Amrani,khadija.el4789@mail.com,Sales Executive,Fes,Senior,,18
2518,Khadija El Amrani,khadija.el2518@mail.com,Accountant,Casablanca,Senior,,14
2738,Khadija El Amrani,khadija.el2738@mail.com,Junior trainee,Rabat,Junior,,14
1834,Khadija El Idrissi,khadija.el1834@mail.com,Project Manager,Fes,Senior,,22
675,Khadija El Idrissi,khadija.el675@mail.com,Marketing Specialist,Marrakech,Senior,,22
677,Khadija El Idrissi,khadija.el677@mail.com,Customer Support Agent,Marrakech,Mid,,18
1390,Khadija El Idrissi,khadija.el1390@mail.com,Customer Support Agent,Fes,Senior,,20
1683,Khadija El Idrissi,khadija.el1683@mail.com,HR Officer,Rabat,Senior,,20
2887,Khadija El Idrissi,khadija.el2887@mail.com,Data Analyst,Rabat,Senior,,16
3474,Khadija El Idrissi,khadija.el3474@mail.com,HR Officer,Tanger,Senior,,16
1217,Khadija El Idrissi,khadija.el1217@mail.com,Network Technician,Agadir,Mid,,14
941,Khadija El Idrissi,khadija.el941@mail.com,Software Engineer,Marrakech,Senior,,24
136,Khadija El Idrissi,khadija.el136@mail.com,HR Officer,Casablanca,Senior,,20
3840,Khadija El Idrissi,khadija.el3840@mail.com,Customer Support Agent,Tanger,Senior,,18
4732,Khadija El Idrissi,khadija.el4732@mail.com,Data Analyst,Tanger,Mid,,14
1947,Khadija El Idrissi,khadija.el1947@mail.com,Network Technician,Rabat,Senior,,22
1140,Khadija El Idrissi,khadija.el1140@mail.com,Marketing Specialist,Casablanca,Mid,,20
3739,Khadija El Idrissi,khadija.el3739@mail.com,Marketing Specialist,Agadir,Junior,,24
277,Khadija El Idrissi,khadija.el277@mail.com,Sales Executive,Rabat,Senior,,16
4012,Khadija El Idrissi,khadija.el4012@mail.com,Network Technician,Casablanca,Senior,,22
2030,Khadija El Idrissi,khadija.el2030@mail.com,Junior trainee,Rabat,Junior,,18
202,Khadija El Idrissi,khadija.el202@mail.com,Customer Support Agent,Fes,Senior,,20
3980,Khadija El Idrissi,khadija.el3980@mail.com,Customer Support Agent,Marrakech,Senior,,18
389,Khadija El Idrissi,khadija.el389@mail.com,Customer Support Agent,Agadir,Mid,,22
3208,Khadija El Idrissi,khadija.el3208@mail.com,Project Manager,Tanger,Senior,,18
4097,Khadija El Idrissi,khadija.el4097@mail.com,Sales Executive,Fes,Mid,,20
3318,Khadija El Idrissi,khadija.el3318@mail.com,Junior trainee,Marrakech,Junior,,14
2579,Khadija El Idrissi,khadija.el2579@mail.com,Sales Executive,Tanger,Senior,,22
3030,Khadija El Idrissi,khadija.el3030@mail.com,Sales Executive,Rabat,Mid,,20
4684,Khadija El Idrissi,khadija.el4684@mail.com,Software Engineer,Marrakech,Mid,,14
840,Khadija El Idrissi,khadija.el840@mail.com,Sales Executive,Marrakech,Mid,,20
341,Khadija El Idrissi,khadija.el341@mail.com,Accountant,Rabat,Senior,,18
365,Khadija El Idrissi,khadija.el365@mail.com,Sales Executive,Agadir,Mid,,24
1610,Khadija El Idrissi,khadija.el1610@mail.com,Customer Support Agent,Fes,Senior,,20
1135,Khadija Fassi,khadija.fassi1135@mail.com,Customer Support Agent,Agadir,Senior,,16
2828,Khadija Fassi,khadija.fassi2828@mail.com,Marketing Specialist,Tanger,Junior,,16
3265,Khadija Fassi,khadija.fassi3265@mail.com,Sales Executive,Casablanca,Junior,,24
4557,Khadija Fassi,khadija.fassi4557@mail.com,Accountant,Tanger,Senior,,14
3519,Khadija Fassi,khadija.fassi3519@mail.com,Software Engineer,Marrakech,Senior,,16
457,Khadija Fassi,khadija.fassi457@mail.com,Customer Support Agent,Rabat,Senior,,16
462,Khadija Fassi,khadija.fassi462@mail.com,Customer Support Agent,Tanger,Senior,,18
2967,Khadija Fassi,khadija.fassi2967@mail.com,Data Analyst,Agadir,Senior,,20
3395,Khadija Fassi,khadija.fassi3395@mail.com,Marketing Specialist,Casablanca,Senior,,16
938,Khadija Fassi,khadija.fassi938@mail.com,Accountant,Fes,Senior,,18
4710,Khadija Fassi,khadija.fassi4710@mail.com,Network Technician,Rabat,Senior,,18
3816,Khadija Fassi,khadija.fassi3816@mail.com,Marketing Specialist,Agadir,Junior,,22
67,Khadija Fassi,khadija.fassi67@mail.com,Accountant,Casablanca,Junior,,16
1077,Khadija Fassi,khadija.fassi1077@mail.com,Project Manager,Rabat,Senior,,16
1748,Khadija Fassi,khadija.fassi1748@mail.com,Accountant,Casablanca,Senior,,22
1766,Khadija Fassi,khadija.fassi1766@mail.com,Project Manager,Rabat,Senior,,18
1257,Khadija Fassi,khadija.fassi1257@mail.com,Data Analyst,Casablanca,Mid,,14
1263,Khadija Fassi,khadija.fassi1263@mail.com,Accountant,Tanger,Junior,,16
3676,Khadija Fassi,khadija.fassi3676@mail.com,Project Manager,Marrakech,Senior,,20
170,Khadija Fassi,khadija.fassi170@mail.com,Junior trainee,Agadir,Junior,,16
2714,Khadija Fassi,khadija.fassi2714@mail.com,Project Manager,Fes,Senior,,22
1896,Khadija Fassi,khadija.fassi1896@mail.com,HR Officer,Casablanca,Senior,,18
1821,Khadija Fassi,khadija.fassi1821@mail.com,Data Analyst,Fes,Senior,,16
3162,Khadija Fassi,khadija.fassi3162@mail.com,Data Analyst,Agadir,Senior,,14
4769,Khadija Fassi,khadija.fassi4769@mail.com,Accountant,Rabat,Senior,,24
4683,Khadija Fassi,khadija.fassi4683@mail.com,Software Engineer,Marrakech,Junior,,26
3018,Khadija Fassi,khadija.fassi3018@mail.com,HR Officer,Marrakech,Senior,,20
2606,Khadija Fassi,khadija.fassi2606@mail.com,Software Engineer,Tanger,Mid,,20
1321,Khadija Raji,khadija.raji1321@mail.com,HR Officer,Tanger,Senior,,14
1014,Khadija Raji,khadija.raji1014@mail.com,Software Engineer,Fes,Senior,,20
4555,Khadija Raji,khadija.raji4555@mail.com,Junior trainee,Agadir,Junior,,16
4590,Khadija Raji,khadija.raji4590@mail.com,HR Officer,Agadir,Senior,,16
1837,Khadija Raji,khadija.raji1837@mail.com,Data Analyst,Agadir,Senior,,18
2429,Khadija Raji,khadija.raji2429@mail.com,Sales Executive,Rabat,Mid,,20
4883,Khadija Raji,khadija.raji4883@mail.com,Network Technician,Agadir,Senior,,22
4504,Khadija Raji,khadija.raji4504@mail.com,Data Analyst,Fes,Senior,,22
2310,Khadija Raji,khadija.raji2310@mail.com,Accountant,Tanger,Senior,,24
555,Khadija Raji,khadija.raji555@mail.com,Project Manager,Tanger,Senior,,14
3087,Khadija Raji,khadija.raji3087@mail.com,HR Officer,Casablanca,Senior,,20
3426,Khadija Raji,khadija.raji3426@mail.com,Customer Support Agent,Marrakech,Junior,,18
1601,Khadija Raji,khadija.raji1601@mail.com,Software Engineer,Casablanca,Mid,,26
4324,Khadija Raji,khadija.raji4324@mail.com,Marketing Specialist,Casablanca,Senior,,16
4345,Khadija Raji,khadija.raji4345@mail.com,Customer Support Agent,Marrakech,Senior,,22
4928,Khadija Raji,khadija.raji4928@mail.com,Accountant,Casablanca,Senior,,18
1,Khadija Raji,khadija.raji1@mail.com,Data Analyst,Tanger,Senior,,14
42,Khadija Raji,khadija.raji42@mail.com,Sales Executive,Rabat,Mid,,22
2022,Khadija Raji,khadija.raji2022@mail.com,Software Engineer,Rabat,Senior,,16
2716,Khadija Raji,khadija.raji2716@mail.com,HR Officer,Agadir,Senior,,18
4359,Khadija Tahiri,khadija.tahiri4359@mail.com,Accountant,Tanger,Senior,,16
2787,Khadija Tahiri,khadija.tahiri2787@mail.com,Junior trainee,Casablanca,Junior,,18
4203,Khadija Tahiri,khadija.tahiri4203@mail.com,Software Engineer,Marrakech,Senior,,22
3115,Khadija Tahiri,khadija.tahiri3115@mail.com,Accountant,Agadir,Mid,,14
3140,Khadija Tahiri,khadija.tahiri3140@mail.com,HR Officer,Agadir,Senior,,16
1854,Khadija Tahiri,khadija.tahiri1854@mail.com,HR Officer,Rabat,Senior,,22
2133,Khadija Tahiri,khadija.tahiri2133@mail.com,Software Engineer,Agadir,Senior,,12
2399,Khadija Tahiri,khadija.tahiri2399@mail.com,Software Engineer,Agadir,Mid,,20
116,Khadija Tahiri,khadija.tahiri116@mail.com,Customer Support Agent,Rabat,Senior,,22
152,Khadija Tahiri,khadija.tahiri152@mail.com,Sales Executive,Marrakech,Senior,,16
2068,Khadija Tahiri,khadija.tahiri2068@mail.com,Network Technician,Rabat,Junior,,22
934,Khadija Tahiri,khadija.tahiri934@mail.com,Customer Support Agent,Rabat,Senior,,20
965,Khadija Tahiri,khadija.tahiri965@mail.com,Network Technician,Casablanca,Senior,,16
1192,Khadija Tahiri,khadija.tahiri1192@mail.com,Software Engineer,Casablanca,Senior,,20
4128,Khadija Tahiri,khadija.tahiri4128@mail.com,Network Technician,Casablanca,Senior,,20
4165,Khadija Tahiri,khadija.tahiri4165@mail.com,Sales Executive,Casablanca,Senior,,16
4489,Khadija Tahiri,khadija.tahiri4489@mail.com,Junior trainee,Casablanca,Junior,,14
2000,Khadija Tahiri,khadija.tahiri2000@mail.com,HR Officer,Rabat,Junior,,18
4971,Khadija Tahiri,khadija.tahiri4971@mail.com,Project Manager,Casablanca,Senior,,20
3869,Khadija Tahiri,khadija.tahiri3869@mail.com,Project Manager,Rabat,Senior,,18
2936,Khadija Tahiri,khadija.tahiri2936@mail.com,Marketing Specialist,Casablanca,Senior,,20
54,Khadija Tahiri,khadija.tahiri54@mail.com,Accountant,Agadir,Senior,,20
4044,Khadija Tahiri,khadija.tahiri4044@mail.com,Marketing Specialist,Agadir,Senior,,16
4272,Khadija Tahiri,khadija.tahiri4272@mail.com,Marketing Specialist,Rabat,Mid,,20
2299,Khadija Tahiri,khadija.tahiri2299@mail.com,HR Officer,Agadir,Senior,,16
1807,Khadija Tahiri,khadija.tahiri1807@mail.com,Project Manager,Casablanca,Senior,,16
1774,Khadija Zerouali,khadija.zerouali1774@mail.com,Network Technician,Marrakech,Senior,,22
4728,Khadija Zerouali,khadija.zerouali4728@mail.com,Sales Executive,Rabat,Senior,,18
2767,Khadija Zerouali,khadija.zerouali2767@mail.com,Project Manager,Marrakech,Mid,,26
3596,Khadija Zerouali,khadija.zerouali3596@mail.com,Marketing Specialist,Casablanca,Senior,,20
3619,Khadija Zerouali,khadija.zerouali3619@mail.com,HR Officer,Marrakech,Senior,,24
1131,Khadija Zerouali,khadija.zerouali1131@mail.com,Network Technician,Agadir,Senior,,16
3135,Khadija Zerouali,khadija.zerouali3135@mail.com,Customer Support Agent,Agadir,Mid,,18
4176,Khadija Zerouali,khadija.zerouali4176@mail.com,Software Engineer,Rabat,Mid,,20
3782,Khadija Zerouali,khadija.zerouali3782@mail.com,Marketing Specialist,Agadir,Junior,,24
1386,Khadija Zerouali,khadija.zerouali1386@mail.com,Accountant,Marrakech,Senior,,16
1184,Khadija Zerouali,khadija.zerouali1184@mail.com,Data Analyst,Fes,Senior,,24
2088,Khadija Zerouali,khadija.zerouali2088@mail.com,Accountant,Tanger,Senior,,16
2244,Khadija Zerouali,khadija.zerouali2244@mail.com,Marketing Specialist,Rabat,Senior,,20
2245,Khadija Zerouali,khadija.zerouali2245@mail.com,Accountant,Rabat,Mid,,14
2554,Khadija Zerouali,khadija.zerouali2554@mail.com,Customer Support Agent,Casablanca,Senior,,18
918,Khadija Zerouali,khadija.zerouali918@mail.com,Sales Executive,Casablanca,Junior,,22
571,Khadija Zerouali,khadija.zerouali571@mail.com,Project Manager,Rabat,Mid,,20
486,Khadija Zerouali,khadija.zerouali486@mail.com,Customer Support Agent,Rabat,Mid,,16
89,Khadija Zerouali,khadija.zerouali89@mail.com,Software Engineer,Tanger,Senior,,18
410,Khadija Zerouali,khadija.zerouali410@mail.com,Marketing Specialist,Rabat,Mid,,22
1264,Khadija Zerouali,khadija.zerouali1264@mail.com,Network Technician,Agadir,Senior,,20
3865,Khadija Zerouali,khadija.zerouali3865@mail.com,Customer Support Agent,Marrakech,Mid,,20
818,Khadija Zerouali,khadija.zerouali818@mail.com,Marketing Specialist,Rabat,Mid,,24
197,Khadija Zerouali,khadija.zerouali197@mail.com,Accountant,Casablanca,Senior,,20
2192,Khadija Zerouali,khadija.zerouali2192@mail.com,Network Technician,Fes,Senior,,20
3281,Khadija Zerouali,khadija.zerouali3281@mail.com,Marketing Specialist,Agadir,Senior,,20
1413,Khadija Zerouali,khadija.zerouali1413@mail.com,Project Manager,Agadir,Senior,,18
2f4cb976-0050-4aa6-9fae-e075d519165c,Komala BSA Resume,,,,,,38
02394a31-2f71-4e8e-a488-c1e6bd0cb14d,Krishna BSA,,,,,,44
ba9e692d-8c6d-44d1-8280-47523eb19a12,Krishna Kuruvella,,,,,,29
18563fb6-d0f4-4564-b094-4339674eb0b9,Krishna Sr. BSA Resume,,,,,,43
64516fbd-552f-4a44-bdfd-26c9a575f92f,Krishna SrJava,,,,,,40
aa16d678-c675-45ac-b92e-c0ce35cbf006,Krishnapriya BA,,,,,,36
42e5ddfb-f0bc-48d6-8f51-4edaacfa951b,Kumar Raj,,,,,,40
063c8e39-13f9-4e57-9799-674ccffe57e8,Kuppurajbabu BA,,,,,,23
2be93f38-e253-4833-9972-656193e08645,Madhuri Pawar,,,,,,32
6131c624-8411-482b-8166-3910d0cac65d,Mahesh Kamath PM (1),,,,,,33
fc0e87c4-b5b7-44c4-a98a-f08c9689c2c8,Mani Hadoop,,,,,,38
1c0e89e3-c9c0-4204-b594-002466d33acf,Manikanta P,,,,,,32
13e1c24c-61d5-431f-bf6f-58f4a2845ed5,Manohar B,,,,,,27
1f6e65b0-d035-4c2f-b907-1faf88a79d35,Manohar Reddy,,,,,,50
570,Mehdi Ait Lahcen,mehdi.ait570@mail.com,Junior trainee,Casablanca,Junior,,20
4715,Mehdi Ait Lahcen,mehdi.ait4715@mail.com,Data Analyst,Agadir,Senior,,18
4735,Mehdi Ait Lahcen,mehdi.ait4735@mail.com,Data Analyst,Marrakech,Senior,,22
604,Mehdi Ait Lahcen,mehdi.ait604@mail.com,Sales Executive,Casablanca,Mid,,14
4166,Mehdi Ait Lahcen,mehdi.ait4166@mail.com,Customer Support Agent,Casablanca,Junior,,22
2428,Mehdi Ait Lahcen,mehdi.ait2428@mail.com,Marketing Specialist,Fes,Junior,,24
2723,Mehdi Ait Lahcen,mehdi.ait2723@mail.com,HR Officer,Tanger,Senior,,24
1714,Mehdi Ait Lahcen,mehdi.ait1714@mail.com,Data Analyst,Casablanca,Senior,,18
1153,Mehdi Ait Lahcen,mehdi.ait1153@mail.com,Accountant,Fes,Mid,,18
1231,Mehdi Ait Lahcen,mehdi.ait1231@mail.com,Sales Executive,Marrakech,Senior,,20
4403,Mehdi Ait Lahcen,mehdi.ait4403@mail.com,Network Technician,Casablanca,Senior,,14
4545,Mehdi Ait Lahcen,mehdi.ait4545@mail.com,Marketing Specialist,Fes,Junior,,18
4905,Mehdi Ait Lahcen,mehdi.ait4905@mail.com,Customer Support Agent,Marrakech,Senior,,20
2407,Mehdi Ait Lahcen,mehdi.ait2407@mail.com,Data Analyst,Agadir,Junior,,20
2216,Mehdi Ait Lahcen,mehdi.ait2216@mail.com,Network Technician,Casablanca,Senior,,18
1596,Mehdi Ait Lahcen,mehdi.ait1596@mail.com,Network Technician,Agadir,Senior,,22
3280,Mehdi Ait Lahcen,mehdi.ait3280@mail.com,Accountant,Tanger,Mid,,26
2283,Mehdi Ait Lahcen,mehdi.ait2283@mail.com,HR Officer,Agadir,Senior,,24
1083,Mehdi Ait Lahcen,mehdi.ait1083@mail.com,Marketing Specialist,Rabat,Senior,,18
1118,Mehdi Ait Lahcen,mehdi.ait1118@mail.com,Accountant,Marrakech,Senior,,20
3662,Mehdi Ait Lahcen,mehdi.ait3662@mail.com,Customer Support Agent,Casablanca,Senior,,18
2494,Mehdi Ait Lahcen,mehdi.ait2494@mail.com,Marketing Specialist,Agadir,Mid,,18
3808,Mehdi Ait Lahcen,mehdi.ait3808@mail.com,Data Analyst,Rabat,Senior,,24
3825,Mehdi Ait Lahcen,mehdi.ait3825@mail.com,Junior trainee,Tanger,Junior,,20
1747,Mehdi Ait Lahcen,mehdi.ait1747@mail.com,Data Analyst,Casablanca,Junior,,20
3860,Mehdi Ait Lahcen,mehdi.ait3860@mail.com,Marketing Specialist,Agadir,Senior,,16
3891,Mehdi Ait Lahcen,mehdi.ait3891@mail.com,Project Manager,Fes,Senior,,22
4826,Mehdi Ait Lahcen,mehdi.ait4826@mail.com,Marketing Specialist,Marrakech,Senior,,22
199,Mehdi Ait Lahcen,mehdi.ait199@mail.com,Data Analyst,Marrakech,Junior,,20
34,Mehdi Ait Lahcen,mehdi.ait34@mail.com,Software Engineer,Fes,Senior,,20
3064,Mehdi Ait Lahcen,mehdi.ait3064@mail.com,Project Manager,Tanger,Senior,,22
2235,Mehdi Benali,mehdi.benali2235@mail.com,HR Officer,Tanger,Senior,,24
585,Mehdi Benali,mehdi.benali585@mail.com,Sales Executive,Fes,Senior,,18
973,Mehdi Benali,mehdi.benali973@mail.com,Accountant,Tanger,Senior,,20
4550,Mehdi Benali,mehdi.benali4550@mail.com,Data Analyst,Tanger,Senior,,20
662,Mehdi Benali,mehdi.benali662@mail.com,Customer Support Agent,Fes,Senior,,20
445,Mehdi Benali,mehdi.benali445@mail.com,Software Engineer,Marrakech,Junior,,18
4317,Mehdi Benali,mehdi.benali4317@mail.com,Data Analyst,Rabat,Senior,,18
1956,Mehdi Benali,mehdi.benali1956@mail.com,Junior trainee,Fes,Junior,,20
749,Mehdi Benali,mehdi.benali749@mail.com,Customer Support Agent,Casablanca,Mid,,20
2065,Mehdi Benali,mehdi.benali2065@mail.com,Customer Support Agent,Fes,Senior,,18
1061,Mehdi Benali,mehdi.benali1061@mail.com,Marketing Specialist,Agadir,Mid,,20
4511,Mehdi Benali,mehdi.benali4511@mail.com,Accountant,Casablanca,Senior,,18
4074,Mehdi Benali,mehdi.benali4074@mail.com,Software Engineer,Rabat,Senior,,16
7,Mehdi Benali,mehdi.benali7@mail.com,Junior trainee,Marrakech,Junior,,20
1096,Mehdi Benali,mehdi.benali1096@mail.com,Network Technician,Casablanca,Senior,,24
376,Mehdi Benali,mehdi.benali376@mail.com,Network Technician,Fes,Senior,,26
2258,Mehdi Benali,mehdi.benali2258@mail.com,Project Manager,Rabat,Mid,,24
367,Mehdi Benali,mehdi.benali367@mail.com,Marketing Specialist,Agadir,Mid,,24
3670,Mehdi Benali,mehdi.benali3670@mail.com,Project Manager,Casablanca,Senior,,20
2944,Mehdi Benali,mehdi.benali2944@mail.com,Sales Executive,Rabat,Senior,,24
3962,Mehdi Benali,mehdi.benali3962@mail.com,HR Officer,Casablanca,Senior,,20
1500,Mehdi Benali,mehdi.benali1500@mail.com,Accountant,Marrakech,Senior,,18
3801,Mehdi Benali,mehdi.benali3801@mail.com,Accountant,Casablanca,Senior,,24
2150,Mehdi Benali,mehdi.benali2150@mail.com,Customer Support Agent,Marrakech,Senior,,16
2169,Mehdi Benali,mehdi.benali2169@mail.com,Junior trainee,Agadir,Junior,,24
4778,Mehdi Benali,mehdi.benali4778@mail.com,Sales Executive,Marrakech,Mid,,12
3889,Mehdi Benali,mehdi.benali3889@mail.com,Software Engineer,Agadir,Senior,,16
3856,Mehdi Boulahfa,mehdi.boulahfa3856@mail.com,Sales Executive,Rabat,Senior,,22
3880,Mehdi Boulahfa,mehdi.boulahfa3880@mail.com,Data Analyst,Tanger,Senior,,20
4516,Mehdi Boulahfa,mehdi.boulahfa4516@mail.com,Project Manager,Marrakech,Senior,,18
1437,Mehdi Boulahfa,mehdi.boulahfa1437@mail.com,Software Engineer,Agadir,Senior,,18
4183,Mehdi Boulahfa,mehdi.boulahfa4183@mail.com,Sales Executive,Rabat,Junior,,24
4206,Mehdi Boulahfa,mehdi.boulahfa4206@mail.com,Data Analyst,Casablanca,Senior,,20
4218,Mehdi Boulahfa,mehdi.boulahfa4218@mail.com,Data Analyst,Fes,Senior,,16
2661,Mehdi Boulahfa,mehdi.boulahfa2661@mail.com,Marketing Specialist,Fes,Senior,,16
4733,Mehdi Boulahfa,mehdi.boulahfa4733@mail.com,Network Technician,Casablanca,Mid,,20
1780,Mehdi Boulahfa,mehdi.boulahfa1780@mail.com,Software Engineer,Marrakech,Mid,,16
3327,Mehdi Boulahfa,mehdi.boulahfa3327@mail.com,Marketing Specialist,Casablanca,Senior,,18
3123,Mehdi Boulahfa,mehdi.boulahfa3123@mail.com,Accountant,Rabat,Senior,,20
1299,Mehdi Boulahfa,mehdi.boulahfa1299@mail.com,Project Manager,Rabat,Mid,,22
1330,Mehdi Boulahfa,mehdi.boulahfa1330@mail.com,Project Manager,Fes,Senior,,18
2773,Mehdi Boulahfa,mehdi.boulahfa2773@mail.com,Marketing Specialist,Casablanca,Mid,,18
3631,Mehdi Boulahfa,mehdi.boulahfa3631@mail.com,HR Officer,Rabat,Senior,,24
247,Mehdi Boulahfa,mehdi.boulahfa247@mail.com,Network Technician,Casablanca,Senior,,22
259,Mehdi Boulahfa,mehdi.boulahfa259@mail.com,Data Analyst,Fes,Senior,,16
3767,Mehdi Boulahfa,mehdi.boulahfa3767@mail.com,HR Officer,Fes,Mid,,22
645,Mehdi Boulahfa,mehdi.boulahfa645@mail.com,Project Manager,Rabat,Senior,,18
1359,Mehdi Boulahfa,mehdi.boulahfa1359@mail.com,Data Analyst,Casablanca,Junior,,22
4584,Mehdi Boulahfa,mehdi.boulahfa4584@mail.com,Software Engineer,Fes,Senior,,16
1160,Mehdi Boulahfa,mehdi.boulahfa1160@mail.com,Customer Support Agent,Fes,Mid,,16
4876,Mehdi Boulahfa,mehdi.boulahfa4876@mail.com,Accountant,Casablanca,Senior,,24
2574,Mehdi Boulahfa,mehdi.boulahfa2574@mail.com,Marketing Specialist,Marrakech,Senior,,16
3397,Mehdi Boulahfa,mehdi.boulahfa3397@mail.com,Junior trainee,Casablanca,Junior,,22
1942,Mehdi Boulahfa,mehdi.boulahfa1942@mail.com,Marketing Specialist,Casablanca,Senior,,22
4816,Mehdi Boulahfa,mehdi.boulahfa4816@mail.com,Junior trainee,Casablanca,Junior,,12
1086,Mehdi Boulahfa,mehdi.boulahfa1086@mail.com,Marketing Specialist,Casablanca,Junior,,18
4441,Mehdi Boulahfa,mehdi.boulahfa4441@mail.com,HR Officer,Rabat,Senior,,20
3708,Mehdi Boulahfa,mehdi.boulahfa3708@mail.com,Software Engineer,Marrakech,Senior,,22
3669,Mehdi Boulahfa,mehdi.boulahfa3669@mail.com,Software Engineer,Rabat,Mid,,16
278,Mehdi Boulahfa,mehdi.boulahfa278@mail.com,Data Analyst,Agadir,Senior,,16
2174,Mehdi Boulahfa,mehdi.boulahfa2174@mail.com,Junior trainee,Casablanca,Junior,,14
1284,Mehdi Boulahfa,mehdi.boulahfa1284@mail.com,Customer Support Agent,Casablanca,Senior,,24
4274,Mehdi Boulahfa,mehdi.boulahfa4274@mail.com,Marketing Specialist,Tanger,Junior,,22
1480,Mehdi Boulahfa,mehdi.boulahfa1480@mail.com,Marketing Specialist,Fes,Senior,,22
1495,Mehdi Boulahfa,mehdi.boulahfa1495@mail.com,Sales Executive,Marrakech,Junior,,22
1478,Mehdi Chafik,mehdi.chafik1478@mail.com,Project Manager,Agadir,Senior,,20
4215,Mehdi Chafik,mehdi.chafik4215@mail.com,Sales Executive,Tanger,Senior,,22
1646,Mehdi Chafik,mehdi.chafik1646@mail.com,Marketing Specialist,Casablanca,Mid,,16
1444,Mehdi Chafik,mehdi.chafik1444@mail.com,Data Analyst,Rabat,Senior,,18
625,Mehdi Chafik,mehdi.chafik625@mail.com,Marketing Specialist,Agadir,Senior,,16
4539,Mehdi Chafik,mehdi.chafik4539@mail.com,Network Technician,Fes,Senior,,18
4718,Mehdi Chafik,mehdi.chafik4718@mail.com,Software Engineer,Fes,Mid,,24
2424,Mehdi Chafik,mehdi.chafik2424@mail.com,Sales Executive,Tanger,Mid,,20
3261,Mehdi Chafik,mehdi.chafik3261@mail.com,Accountant,Tanger,Senior,,18
3538,Mehdi Chafik,mehdi.chafik3538@mail.com,Data Analyst,Tanger,Mid,,14
3351,Mehdi Chafik,mehdi.chafik3351@mail.com,Project Manager,Rabat,Senior,,24
3438,Mehdi Chafik,mehdi.chafik3438@mail.com,Software Engineer,Rabat,Mid,,18
4437,Mehdi Chafik,mehdi.chafik4437@mail.com,HR Officer,Tanger,Junior,,12
4908,Mehdi Chafik,mehdi.chafik4908@mail.com,HR Officer,Marrakech,Senior,,22
2050,Mehdi Chafik,mehdi.chafik2050@mail.com,Marketing Specialist,Fes,Senior,,20
3089,Mehdi Chafik,mehdi.chafik3089@mail.com,Junior trainee,Rabat,Junior,,22
3101,Mehdi Chafik,mehdi.chafik3101@mail.com,Network Technician,Casablanca,Senior,,18
1345,Mehdi Chafik,mehdi.chafik1345@mail.com,Accountant,Casablanca,Senior,,18
1397,Mehdi Chafik,mehdi.chafik1397@mail.com,Project Manager,Tanger,Senior,,18
717,Mehdi Chafik,mehdi.chafik717@mail.com,Software Engineer,Fes,Senior,,20
726,Mehdi Chafik,mehdi.chafik726@mail.com,Junior trainee,Marrakech,Junior,,24
4965,Mehdi Chafik,mehdi.chafik4965@mail.com,Software Engineer,Casablanca,Mid,,16
4469,Mehdi Chafik,mehdi.chafik4469@mail.com,Customer Support Agent,Tanger,Senior,,20
2257,Mehdi Chafik,mehdi.chafik2257@mail.com,Sales Executive,Agadir,Senior,,14
3031,Mehdi Chafik,mehdi.chafik3031@mail.com,Software Engineer,Agadir,Mid,,20
90,Mehdi Chafik,mehdi.chafik90@mail.com,Network Technician,Casablanca,Senior,,24
1255,Mehdi Chafik,mehdi.chafik1255@mail.com,HR Officer,Agadir,Mid,,16
1904,Mehdi Chafik,mehdi.chafik1904@mail.com,Project Manager,Rabat,Senior,,22
849,Mehdi Chafik,mehdi.chafik849@mail.com,HR Officer,Casablanca,Senior,,16
852,Mehdi Chafik,mehdi.chafik852@mail.com,HR Officer,Agadir,Senior,,20
845,Mehdi El Amrani,mehdi.el845@mail.com,Data Analyst,Rabat,Senior,,16
855,Mehdi El Amrani,mehdi.el855@mail.com,Data Analyst,Fes,Senior,,18
3234,Mehdi El Amrani,mehdi.el3234@mail.com,HR Officer,Casablanca,Mid,,20
1292,Mehdi El Amrani,mehdi.el1292@mail.com,Network Technician,Fes,Senior,,18
3523,Mehdi El Amrani,mehdi.el3523@mail.com,Marketing Specialist,Casablanca,Senior,,14
1833,Mehdi El Amrani,mehdi.el1833@mail.com,HR Officer,Tanger,Senior,,18
1499,Mehdi El Amrani,mehdi.el1499@mail.com,Customer Support Agent,Casablanca,Senior,,18
617,Mehdi El Amrani,mehdi.el617@mail.com,Sales Executive,Rabat,Mid,,20
561,Mehdi El Amrani,mehdi.el561@mail.com,Sales Executive,Fes,Senior,,16
2649,Mehdi El Amrani,mehdi.el2649@mail.com,Junior trainee,Fes,Junior,,18
2565,Mehdi El Amrani,mehdi.el2565@mail.com,Customer Support Agent,Marrakech,Senior,,18
1026,Mehdi El Amrani,mehdi.el1026@mail.com,Marketing Specialist,Tanger,Senior,,20
1694,Mehdi El Amrani,mehdi.el1694@mail.com,Data Analyst,Fes,Senior,,18
3956,Mehdi El Amrani,mehdi.el3956@mail.com,Accountant,Agadir,Senior,,16
754,Mehdi El Amrani,mehdi.el754@mail.com,Project Manager,Tanger,Senior,,22
4592,Mehdi El Amrani,mehdi.el4592@mail.com,Data Analyst,Casablanca,Senior,,18
2280,Mehdi El Amrani,mehdi.el2280@mail.com,Marketing Specialist,Rabat,Senior,,22
43,Mehdi El Amrani,mehdi.el43@mail.com,Sales Executive,Casablanca,Senior,,24
4946,Mehdi El Amrani,mehdi.el4946@mail.com,Software Engineer,Tanger,Senior,,22
174,Mehdi El Amrani,mehdi.el174@mail.com,Customer Support Agent,Rabat,Senior,,16
4110,Mehdi El Amrani,mehdi.el4110@mail.com,Project Manager,Fes,Senior,,20
2166,Mehdi El Amrani,mehdi.el2166@mail.com,Data Analyst,Agadir,Senior,,18
3182,Mehdi El Amrani,mehdi.el3182@mail.com,Accountant,Tanger,Senior,,20
843,Mehdi El Idrissi,mehdi.el843@mail.com,Customer Support Agent,Marrakech,Senior,,14
1000,Mehdi El Idrissi,mehdi.el1000@mail.com,Data Analyst,Agadir,Senior,,22
2710,Mehdi El Idrissi,mehdi.el2710@mail.com,Data Analyst,Fes,Junior,,24
1461,Mehdi El Idrissi,mehdi.el1461@mail.com,HR Officer,Fes,Senior,,22
1469,Mehdi El Idrissi,mehdi.el1469@mail.com,Sales Executive,Agadir,Senior,,24
4155,Mehdi El Idrissi,mehdi.el4155@mail.com,Marketing Specialist,Marrakech,Mid,,18
3536,Mehdi El Idrissi,mehdi.el3536@mail.com,Network Technician,Marrakech,Senior,,18
687,Mehdi El Idrissi,mehdi.el687@mail.com,Sales Executive,Tanger,Mid,,12
2757,Mehdi El Idrissi,mehdi.el2757@mail.com,Accountant,Tanger,Senior,,20
118,Mehdi El Idrissi,mehdi.el118@mail.com,Customer Support Agent,Marrakech,Senior,,20
4285,Mehdi El Idrissi,mehdi.el4285@mail.com,Accountant,Tanger,Senior,,16
2344,Mehdi El Idrissi,mehdi.el2344@mail.com,Data Analyst,Fes,Mid,,22
1043,Mehdi El Idrissi,mehdi.el1043@mail.com,Sales Executive,Agadir,Senior,,14
1056,Mehdi El Idrissi,mehdi.el1056@mail.com,Network Technician,Tanger,Mid,,16
4875,Mehdi El Idrissi,mehdi.el4875@mail.com,HR Officer,Rabat,Senior,,14
2556,Mehdi El Idrissi,mehdi.el2556@mail.com,Project Manager,Rabat,Senior,,16
1885,Mehdi El Idrissi,mehdi.el1885@mail.com,Network Technician,Marrakech,Senior,,20
4772,Mehdi El Idrissi,mehdi.el4772@mail.com,Software Engineer,Rabat,Mid,,20
4780,Mehdi El Idrissi,mehdi.el4780@mail.com,Network Technician,Rabat,Junior,,16
1965,Mehdi El Idrissi,mehdi.el1965@mail.com,Software Engineer,Agadir,Senior,,22
1981,Mehdi El Idrissi,mehdi.el1981@mail.com,Software Engineer,Casablanca,Mid,,22
1560,Mehdi El Idrissi,mehdi.el1560@mail.com,Data Analyst,Agadir,Senior,,18
371,Mehdi El Idrissi,mehdi.el371@mail.com,Marketing Specialist,Agadir,Senior,,20
4116,Mehdi El Idrissi,mehdi.el4116@mail.com,Marketing Specialist,Marrakech,Senior,,16
79,Mehdi El Idrissi,mehdi.el79@mail.com,Project Manager,Casablanca,Senior,,24
4021,Mehdi El Idrissi,mehdi.el4021@mail.com,Software Engineer,Marrakech,Senior,,16
3832,Mehdi El Idrissi,mehdi.el3832@mail.com,Junior trainee,Rabat,Junior,,20
2686,Mehdi Fassi,mehdi.fassi2686@mail.com,Junior trainee,Fes,Junior,,16
642,Mehdi Fassi,mehdi.fassi642@mail.com,HR Officer,Marrakech,Mid,,18
4989,Mehdi Fassi,mehdi.fassi4989@mail.com,Accountant,Tanger,Senior,,22
3530,Mehdi Fassi,mehdi.fassi3530@mail.com,Project Manager,Tanger,Senior,,22
4528,Mehdi Fassi,mehdi.fassi4528@mail.com,Network Technician,Fes,Senior,,20
4542,Mehdi Fassi,mehdi.fassi4542@mail.com,HR Officer,Fes,Senior,,20
2432,Mehdi Fassi,mehdi.fassi2432@mail.com,HR Officer,Casablanca,Junior,,18
4724,Mehdi Fassi,mehdi.fassi4724@mail.com,Network Technician,Casablanca,Junior,,14
1772,Mehdi Fassi,mehdi.fassi1772@mail.com,Customer Support Agent,Marrakech,Junior,,18
3065,Mehdi Fassi,mehdi.fassi3065@mail.com,Project Manager,Agadir,Senior,,16
3574,Mehdi Fassi,mehdi.fassi3574@mail.com,Customer Support Agent,Rabat,Senior,,14
3910,Mehdi Fassi,mehdi.fassi3910@mail.com,Software Engineer,Fes,Senior,,16
579,Mehdi Fassi,mehdi.fassi579@mail.com,HR Officer,Marrakech,Mid,,18
4133,Mehdi Fassi,mehdi.fassi4133@mail.com,Network Technician,Casablanca,Senior,,16
258,Mehdi Fassi,mehdi.fassi258@mail.com,Sales Executive,Fes,Senior,,18
664,Mehdi Fassi,mehdi.fassi664@mail.com,Accountant,Rabat,Mid,,18
4408,Mehdi Fassi,mehdi.fassi4408@mail.com,Marketing Specialist,Fes,Mid,,26
1945,Mehdi Fassi,mehdi.fassi1945@mail.com,Data Analyst,Marrakech,Senior,,20
3294,Mehdi Fassi,mehdi.fassi3294@mail.com,Software Engineer,Tanger,Senior,,18
738,Mehdi Fassi,mehdi.fassi738@mail.com,Junior trainee,Marrakech,Junior,,16
4445,Mehdi Fassi,mehdi.fassi4445@mail.com,Network Technician,Agadir,Senior,,22
4451,Mehdi Fassi,mehdi.fassi4451@mail.com,Customer Support Agent,Casablanca,Junior,,18
4095,Mehdi Fassi,mehdi.fassi4095@mail.com,Project Manager,Casablanca,Senior,,24
680,Mehdi Raji,mehdi.raji680@mail.com,Software Engineer,Rabat,Mid,,20
1355,Mehdi Raji,mehdi.raji1355@mail.com,Network Technician,Agadir,Senior,,22
4922,Mehdi Raji,mehdi.raji4922@mail.com,Marketing Specialist,Rabat,Senior,,18
3243,Mehdi Raji,mehdi.raji3243@mail.com,Accountant,Casablanca,Senior,,16
3403,Mehdi Raji,mehdi.raji3403@mail.com,Data Analyst,Casablanca,Senior,,22
3421,Mehdi Raji,mehdi.raji3421@mail.com,Software Engineer,Tanger,Senior,,20
2613,Mehdi Raji,mehdi.raji2613@mail.com,Sales Executive,Marrakech,Senior,,18
1863,Mehdi Raji,mehdi.raji1863@mail.com,Customer Support Agent,Rabat,Senior,,20
4983,Mehdi Raji,mehdi.raji4983@mail.com,Marketing Specialist,Fes,Senior,,20
479,Mehdi Raji,mehdi.raji479@mail.com,Sales Executive,Agadir,Junior,,18
1193,Mehdi Raji,mehdi.raji1193@mail.com,Marketing Specialist,Casablanca,Senior,,18
1200,Mehdi Raji,mehdi.raji1200@mail.com,Data Analyst,Fes,Senior,,18
1212,Mehdi Raji,mehdi.raji1212@mail.com,Junior trainee,Casablanca,Junior,,22
911,Mehdi Raji,mehdi.raji911@mail.com,Network Technician,Rabat,Senior,,18
3473,Mehdi Raji,mehdi.raji3473@mail.com,HR Officer,Tanger,Senior,,18
576,Mehdi Raji,mehdi.raji576@mail.com,Software Engineer,Agadir,Mid,,16
4449,Mehdi Raji,mehdi.raji4449@mail.com,Junior trainee,Casablanca,Junior,,22
2471,Mehdi Raji,mehdi.raji2471@mail.com,Software Engineer,Marrakech,Senior,,20
4081,Mehdi Raji,mehdi.raji4081@mail.com,Network Technician,Casablanca,Mid,,14
3975,Mehdi Raji,mehdi.raji3975@mail.com,Network Technician,Casablanca,Senior,,20
85,Mehdi Raji,mehdi.raji85@mail.com,Project Manager,Casablanca,Senior,,14
1595,Mehdi Raji,mehdi.raji1595@mail.com,Network Technician,Fes,Senior,,14
1740,Mehdi Raji,mehdi.raji1740@mail.com,Software Engineer,Marrakech,Senior,,18
1754,Mehdi Raji,mehdi.raji1754@mail.com,Project Manager,Fes,Senior,,20
1344,Mehdi Tahiri,mehdi.tahiri1344@mail.com,Project Manager,Tanger,Senior,,20
1370,Mehdi Tahiri,mehdi.tahiri1370@mail.com,HR Officer,Rabat,Senior,,16
3132,Mehdi Tahiri,mehdi.tahiri3132@mail.com,Network Technician,Tanger,Senior,,20
2425,Mehdi Tahiri,mehdi.tahiri2425@mail.com,Customer Support Agent,Casablanca,Mid,,18
2465,Mehdi Tahiri,mehdi.tahiri2465@mail.com,Data Analyst,Rabat,Mid,,16
968,Mehdi Tahiri,mehdi.tahiri968@mail.com,Project Manager,Marrakech,Mid,,22
4534,Mehdi Tahiri,mehdi.tahiri4534@mail.com,Customer Support Agent,Agadir,Senior,,22
899,Mehdi Tahiri,mehdi.tahiri899@mail.com,Marketing Specialist,Fes,Senior,,22
1787,Mehdi Tahiri,mehdi.tahiri1787@mail.com,Software Engineer,Marrakech,Senior,,16
1815,Mehdi Tahiri,mehdi.tahiri1815@mail.com,Data Analyst,Marrakech,Mid,,18
3055,Mehdi Tahiri,mehdi.tahiri3055@mail.com,Accountant,Tanger,Senior,,20
3611,Mehdi Tahiri,mehdi.tahiri3611@mail.com,Data Analyst,Marrakech,Senior,,24
4607,Mehdi Tahiri,mehdi.tahiri4607@mail.com,HR Officer,Tanger,Senior,,18
4655,Mehdi Tahiri,mehdi.tahiri4655@mail.com,Network Technician,Rabat,Senior,,18
4152,Mehdi Tahiri,mehdi.tahiri4152@mail.com,Data Analyst,Tanger,Senior,,22
3333,Mehdi Tahiri,mehdi.tahiri3333@mail.com,Customer Support Agent,Agadir,Senior,,24
1696,Mehdi Tahiri,mehdi.tahiri1696@mail.com,Software Engineer,Fes,Senior,,18
4325,Mehdi Tahiri,mehdi.tahiri4325@mail.com,Data Analyst,Fes,Mid,,18
4460,Mehdi Tahiri,mehdi.tahiri4460@mail.com,Data Analyst,Fes,Mid,,18
4475,Mehdi Tahiri,mehdi.tahiri4475@mail.com,Data Analyst,Agadir,Senior,,16
548,Mehdi Tahiri,mehdi.tahiri548@mail.com,HR Officer,Agadir,Senior,,18
3696,Mehdi Tahiri,mehdi.tahiri3696@mail.com,Customer Support Agent,Marrakech,Senior,,14
722,Mehdi Tahiri,mehdi.tahiri722@mail.com,Junior trainee,Agadir,Junior,,20
47,Mehdi Tahiri,mehdi.tahiri47@mail.com,Project Manager,Rabat,Mid,,20
3651,Mehdi Tahiri,mehdi.tahiri3651@mail.com,Software Engineer,Tanger,Senior,,18
276,Mehdi Tahiri,mehdi.tahiri276@mail.com,Data Analyst,Rabat,Mid,,20
2512,Mehdi Tahiri,mehdi.tahiri2512@mail.com,Customer Support Agent,Marrakech,Senior,,22
663,Mehdi Zerouali,mehdi.zerouali663@mail.com,Network Technician,Fes,Junior,,18
640,Mehdi Zerouali,mehdi.zerouali640@mail.com,Data Analyst,Marrakech,Senior,,18
3264,Mehdi Zerouali,mehdi.zerouali3264@mail.com,Software Engineer,Tanger,Senior,,20
3485,Mehdi Zerouali,mehdi.zerouali3485@mail.com,HR Officer,Rabat,Mid,,20
2833,Mehdi Zerouali,mehdi.zerouali2833@mail.com,Project Manager,Casablanca,Senior,,18
888,Mehdi Zerouali,mehdi.zerouali888@mail.com,Marketing Specialist,Agadir,Senior,,22
1028,Mehdi Zerouali,mehdi.zerouali1028@mail.com,Software Engineer,Casablanca,Senior,,22
2413,Mehdi Zerouali,mehdi.zerouali2413@mail.com,Software Engineer,Tanger,Senior,,16
2634,Mehdi Zerouali,mehdi.zerouali2634@mail.com,HR Officer,Rabat,Senior,,24
2136,Mehdi Zerouali,mehdi.zerouali2136@mail.com,Data Analyst,Fes,Mid,,22
2339,Mehdi Zerouali,mehdi.zerouali2339@mail.com,HR Officer,Marrakech,Senior,,20
2946,Mehdi Zerouali,mehdi.zerouali2946@mail.com,Data Analyst,Agadir,Senior,,18
4294,Mehdi Zerouali,mehdi.zerouali4294@mail.com,Network Technician,Fes,Junior,,20
4042,Mehdi Zerouali,mehdi.zerouali4042@mail.com,Network Technician,Rabat,Mid,,16
2180,Mehdi Zerouali,mehdi.zerouali2180@mail.com,Software Engineer,Fes,Senior,,18
1886,Mehdi Zerouali,mehdi.zerouali1886@mail.com,HR Officer,Marrakech,Senior,,22
1927,Mehdi Zerouali,mehdi.zerouali1927@mail.com,Project Manager,Marrakech,Senior,,24
3317,Mehdi Zerouali,mehdi.zerouali3317@mail.com,Customer Support Agent,Agadir,Senior,,20
4259,Mehdi Zerouali,mehdi.zerouali4259@mail.com,Network Technician,Agadir,Senior,,18
501,Mehdi Zerouali,mehdi.zerouali501@mail.com,Sales Executive,Agadir,Mid,,12
719,Mehdi Zerouali,mehdi.zerouali719@mail.com,Marketing Specialist,Tanger,Senior,,22
1277,Mehdi Zerouali,mehdi.zerouali1277@mail.com,Data Analyst,Tanger,Mid,,20
3723,Mehdi Zerouali,mehdi.zerouali3723@mail.com,Accountant,Agadir,Junior,,18
544,Mehdi Zerouali,mehdi.zerouali544@mail.com,Data Analyst,Casablanca,Senior,,24
4e91e993-0845-41ce-88f1-be8d084d5842,Mehul,,,,,,29
ac434172-5ebf-409a-abd9-0fcccb75c2f0,Mitali Barman Resume,,,,,,14
cc96defe-589e-499d-86d5-d1105547902f,Mohamad Jamil,,,,,,11
0689a2d1-a723-4f58-8b61-04e034f45b38,Mohammad Resume,,,,,,38
944f998e-ce87-4cce-b8d9-7a1803bf43cd,Mounika P,,,,,,36
462d228d-b50f-444b-803d-87840962691f,Mounika health care resume,,,,,,28
d5e21d48-5178-49ea-a441-15f551f96254,MounikaReddy,,,,,,28
1204f3ba-fbbc-41de-b4d4-95fdc04844ae,Nandini Resume,,,,,,22
42abd8eb-41ce-4fba-9f31-a3dec34a7383,Naren Sr.BA,,,,,,43
e4ca9b92-e54c-49f3-aba3-3c5429ed9e4d,Naren Sr.BA ,,,,,,43
0e581b75-a099-414f-8736-4c74e4efb31e,Naresh V,,,,,,31
eb670481-c42f-477f-b39a-f98340d2b796,Naveen Arora,,,,,,31
7d911004-44ea-4b67-bf94-8448e710cfa8,Naveen Kumar Bandela,,,,,,36
ea67a8b9-7803-47e7-acf6-3bb6ce304e70,Naveen.S Resume,,,,,,37
343298f0-06fe-4c13-8426-18e945ad871f,Navneeth Resume,,,,,,38
5f460ccc-f5a5-469e-8a57-931c253da07b,Neha Mugghala,,,,,,38
9d5fbc29-8ff3-4052-ba33-4ade5f761a84,Nikhil,,,,,,42
da3a4012-8711-47d5-8d38-9789495f2631,Nikith Reddy,,,,,,40
9494784c-2b89-4ffe-8af5-a3fadaf7cfca,Nikki Nimmagadd,,,,,,36
fc0c9d05-c54a-4043-afb4-8fdafcd2c6c0,Nilesh-resume 1 phplead,,,,,,9
aac26e8e-68c0-405b-83a5-4b04fe10d58a,Niteesh Java Developer,,,,,,36
567,Nour Ait Lahcen,nour.ait567@mail.com,Software Engineer,Casablanca,Senior,,18
1663,Nour Ait Lahcen,nour.ait1663@mail.com,Sales Executive,Tanger,Senior,,22
4716,Nour Ait Lahcen,nour.ait4716@mail.com,Project Manager,Rabat,Senior,,18
1520,Nour Ait Lahcen,nour.ait1520@mail.com,HR Officer,Rabat,Senior,,16
1522,Nour Ait Lahcen,nour.ait1522@mail.com,Sales Executive,Tanger,Junior,,22
4897,Nour Ait Lahcen,nour.ait4897@mail.com,Sales Executive,Casablanca,Mid,,24
1347,Nour Ait Lahcen,nour.ait1347@mail.com,Project Manager,Casablanca,Mid,,20
1369,Nour Ait Lahcen,nour.ait1369@mail.com,Accountant,Fes,Senior,,16
3324,Nour Ait Lahcen,nour.ait3324@mail.com,Sales Executive,Rabat,Senior,,18
3372,Nour Ait Lahcen,nour.ait3372@mail.com,HR Officer,Rabat,Senior,,16
946,Nour Ait Lahcen,nour.ait946@mail.com,Marketing Specialist,Tanger,Mid,,18
959,Nour Ait Lahcen,nour.ait959@mail.com,Marketing Specialist,Marrakech,Senior,,20
3939,Nour Ait Lahcen,nour.ait3939@mail.com,Sales Executive,Agadir,Senior,,22
1474,Nour Ait Lahcen,nour.ait1474@mail.com,Marketing Specialist,Fes,Senior,,22
2650,Nour Ait Lahcen,nour.ait2650@mail.com,Project Manager,Tanger,Mid,,18
1171,Nour Ait Lahcen,nour.ait1171@mail.com,Software Engineer,Tanger,Senior,,14
4619,Nour Ait Lahcen,nour.ait4619@mail.com,Junior trainee,Casablanca,Junior,,20
427,Nour Ait Lahcen,nour.ait427@mail.com,Software Engineer,Marrakech,Senior,,24
472,Nour Ait Lahcen,nour.ait472@mail.com,Data Analyst,Casablanca,Senior,,16
3703,Nour Ait Lahcen,nour.ait3703@mail.com,Project Manager,Agadir,Senior,,16
271,Nour Ait Lahcen,nour.ait271@mail.com,Accountant,Agadir,Mid,,16
2533,Nour Ait Lahcen,nour.ait2533@mail.com,Accountant,Rabat,Junior,,16
2911,Nour Ait Lahcen,nour.ait2911@mail.com,Sales Executive,Tanger,Senior,,22
2027,Nour Ait Lahcen,nour.ait2027@mail.com,Data Analyst,Marrakech,Junior,,18
1578,Nour Ait Lahcen,nour.ait1578@mail.com,Project Manager,Marrakech,Senior,,20
2977,Nour Ait Lahcen,nour.ait2977@mail.com,Accountant,Marrakech,Senior,,16
4004,Nour Ait Lahcen,nour.ait4004@mail.com,Junior trainee,Agadir,Junior,,20
4934,Nour Ait Lahcen,nour.ait4934@mail.com,Sales Executive,Tanger,Senior,,18
566,Nour Benali,nour.benali566@mail.com,Junior trainee,Casablanca,Junior,,24
569,Nour Benali,nour.benali569@mail.com,Data Analyst,Rabat,Senior,,20
1301,Nour Benali,nour.benali1301@mail.com,Accountant,Casablanca,Senior,,22
2447,Nour Benali,nour.benali2447@mail.com,Junior trainee,Casablanca,Junior,,22
4201,Nour Benali,nour.benali4201@mail.com,Network Technician,Casablanca,Senior,,14
1752,Nour Benali,nour.benali1752@mail.com,Accountant,Rabat,Senior,,18
3430,Nour Benali,nour.benali3430@mail.com,Accountant,Rabat,Senior,,22
3439,Nour Benali,nour.benali3439@mail.com,Network Technician,Agadir,Senior,,20
3440,Nour Benali,nour.benali3440@mail.com,Software Engineer,Fes,Junior,,20
838,Nour Benali,nour.benali838@mail.com,Customer Support Agent,Agadir,Senior,,22
3090,Nour Benali,nour.benali3090@mail.com,Customer Support Agent,Marrakech,Senior,,24
2116,Nour Benali,nour.benali2116@mail.com,Marketing Specialist,Casablanca,Junior,,20
3527,Nour Benali,nour.benali3527@mail.com,Junior trainee,Tanger,Junior,,14
1051,Nour Benali,nour.benali1051@mail.com,Software Engineer,Tanger,Senior,,20
4537,Nour Benali,nour.benali4537@mail.com,Network Technician,Rabat,Senior,,20
1183,Nour Benali,nour.benali1183@mail.com,Accountant,Marrakech,Senior,,22
1208,Nour Benali,nour.benali1208@mail.com,Data Analyst,Fes,Senior,,16
3918,Nour Benali,nour.benali3918@mail.com,Network Technician,Casablanca,Mid,,22
2016,Nour Benali,nour.benali2016@mail.com,Customer Support Agent,Rabat,Senior,,20
2522,Nour Benali,nour.benali2522@mail.com,Accountant,Marrakech,Senior,,20
3725,Nour Benali,nour.benali3725@mail.com,HR Officer,Casablanca,Junior,,18
420,Nour Benali,nour.benali420@mail.com,Customer Support Agent,Agadir,Junior,,22
4554,Nour Benali,nour.benali4554@mail.com,Network Technician,Marrakech,Senior,,24
2986,Nour Benali,nour.benali2986@mail.com,Network Technician,Agadir,Senior,,20
1575,Nour Benali,nour.benali1575@mail.com,Junior trainee,Rabat,Junior,,20
205,Nour Benali,nour.benali205@mail.com,Software Engineer,Marrakech,Senior,,24
1725,Nour Boulahfa,nour.boulahfa1725@mail.com,Marketing Specialist,Fes,Senior,,18
1741,Nour Boulahfa,nour.boulahfa1741@mail.com,Software Engineer,Casablanca,Senior,,22
1761,Nour Boulahfa,nour.boulahfa1761@mail.com,Network Technician,Rabat,Senior,,16
3241,Nour Boulahfa,nour.boulahfa3241@mail.com,Sales Executive,Marrakech,Senior,,22
3202,Nour Boulahfa,nour.boulahfa3202@mail.com,Project Manager,Marrakech,Senior,,20
4360,Nour Boulahfa,nour.boulahfa4360@mail.com,Sales Executive,Tanger,Senior,,20
2872,Nour Boulahfa,nour.boulahfa2872@mail.com,Marketing Specialist,Fes,Senior,,24
2353,Nour Boulahfa,nour.boulahfa2353@mail.com,Software Engineer,Fes,Senior,,14
2607,Nour Boulahfa,nour.boulahfa2607@mail.com,Junior trainee,Marrakech,Junior,,20
3419,Nour Boulahfa,nour.boulahfa3419@mail.com,Customer Support Agent,Marrakech,Mid,,22
672,Nour Boulahfa,nour.boulahfa672@mail.com,Network Technician,Tanger,Senior,,20
4991,Nour Boulahfa,nour.boulahfa4991@mail.com,Customer Support Agent,Fes,Senior,,20
1816,Nour Boulahfa,nour.boulahfa1816@mail.com,Software Engineer,Marrakech,Senior,,24
3499,Nour Boulahfa,nour.boulahfa3499@mail.com,Junior trainee,Agadir,Junior,,18
3509,Nour Boulahfa,nour.boulahfa3509@mail.com,Marketing Specialist,Marrakech,Senior,,22
141,Nour Boulahfa,nour.boulahfa141@mail.com,Data Analyst,Fes,Junior,,20
441,Nour Boulahfa,nour.boulahfa441@mail.com,Sales Executive,Tanger,Senior,,18
4468,Nour Boulahfa,nour.boulahfa4468@mail.com,Customer Support Agent,Casablanca,Senior,,20
4482,Nour Boulahfa,nour.boulahfa4482@mail.com,Project Manager,Agadir,Senior,,14
4796,Nour Boulahfa,nour.boulahfa4796@mail.com,Marketing Specialist,Fes,Mid,,22
4435,Nour Boulahfa,nour.boulahfa4435@mail.com,Customer Support Agent,Marrakech,Senior,,18
500,Nour Boulahfa,nour.boulahfa500@mail.com,Data Analyst,Rabat,Senior,,20
82,Nour Boulahfa,nour.boulahfa82@mail.com,Accountant,Agadir,Senior,,18
4227,Nour Boulahfa,nour.boulahfa4227@mail.com,Junior trainee,Rabat,Junior,,18
1248,Nour Boulahfa,nour.boulahfa1248@mail.com,Accountant,Marrakech,Senior,,18
3508,Nour Chafik,nour.chafik3508@mail.com,Software Engineer,Tanger,Senior,,16
1718,Nour Chafik,nour.chafik1718@mail.com,Accountant,Casablanca,Senior,,20
3809,Nour Chafik,nour.chafik3809@mail.com,Data Analyst,Fes,Junior,,20
177,Nour Chafik,nour.chafik177@mail.com,Accountant,Marrakech,Junior,,22
3203,Nour Chafik,nour.chafik3203@mail.com,Software Engineer,Fes,Senior,,22
636,Nour Chafik,nour.chafik636@mail.com,HR Officer,Tanger,Junior,,18
4717,Nour Chafik,nour.chafik4717@mail.com,Software Engineer,Rabat,Mid,,22
1611,Nour Chafik,nour.chafik1611@mail.com,Customer Support Agent,Marrakech,Senior,,14
2481,Nour Chafik,nour.chafik2481@mail.com,Marketing Specialist,Rabat,Senior,,20
1709,Nour Chafik,nour.chafik1709@mail.com,Sales Executive,Tanger,Mid,,22
839,Nour Chafik,nour.chafik839@mail.com,HR Officer,Marrakech,Senior,,18
4925,Nour Chafik,nour.chafik4925@mail.com,Project Manager,Tanger,Senior,,18
3456,Nour Chafik,nour.chafik3456@mail.com,Network Technician,Rabat,Mid,,16
3360,Nour Chafik,nour.chafik3360@mail.com,Marketing Specialist,Agadir,Senior,,18
998,Nour Chafik,nour.chafik998@mail.com,Marketing Specialist,Casablanca,Mid,,18
4496,Nour Chafik,nour.chafik4496@mail.com,HR Officer,Agadir,Senior,,18
2051,Nour Chafik,nour.chafik2051@mail.com,Marketing Specialist,Tanger,Junior,,20
4126,Nour Chafik,nour.chafik4126@mail.com,Accountant,Fes,Senior,,18
2769,Nour Chafik,nour.chafik2769@mail.com,Sales Executive,Marrakech,Senior,,22
3705,Nour Chafik,nour.chafik3705@mail.com,Accountant,Casablanca,Senior,,18
4302,Nour Chafik,nour.chafik4302@mail.com,Network Technician,Tanger,Senior,,20
1888,Nour Chafik,nour.chafik1888@mail.com,Junior trainee,Tanger,Junior,,22
81,Nour Chafik,nour.chafik81@mail.com,Customer Support Agent,Rabat,Senior,,18
3677,Nour Chafik,nour.chafik3677@mail.com,Customer Support Agent,Tanger,Senior,,18
4694,Nour Chafik,nour.chafik4694@mail.com,Junior trainee,Tanger,Junior,,24
4809,Nour Chafik,nour.chafik4809@mail.com,Sales Executive,Agadir,Senior,,14
743,Nour Chafik,nour.chafik743@mail.com,Project Manager,Marrakech,Senior,,22
20,Nour Chafik,nour.chafik20@mail.com,Software Engineer,Agadir,Senior,,20
4579,Nour Chafik,nour.chafik4579@mail.com,HR Officer,Marrakech,Mid,,16
4585,Nour Chafik,nour.chafik4585@mail.com,HR Officer,Agadir,Senior,,18
4156,Nour El Amrani,nour.el4156@mail.com,Marketing Specialist,Casablanca,Mid,,20
1661,Nour El Amrani,nour.el1661@mail.com,Data Analyst,Tanger,Mid,,20
1722,Nour El Amrani,nour.el1722@mail.com,HR Officer,Agadir,Senior,,18
1510,Nour El Amrani,nour.el1510@mail.com,Network Technician,Rabat,Senior,,18
1187,Nour El Amrani,nour.el1187@mail.com,Customer Support Agent,Casablanca,Senior,,20
4649,Nour El Amrani,nour.el4649@mail.com,Software Engineer,Rabat,Senior,,20
3827,Nour El Amrani,nour.el3827@mail.com,Project Manager,Tanger,Senior,,22
1410,Nour El Amrani,nour.el1410@mail.com,Accountant,Casablanca,Senior,,22
2313,Nour El Amrani,nour.el2313@mail.com,Data Analyst,Marrakech,Senior,,22
192,Nour El Amrani,nour.el192@mail.com,Data Analyst,Marrakech,Senior,,16
842,Nour El Amrani,nour.el842@mail.com,Network Technician,Casablanca,Senior,,16
4535,Nour El Amrani,nour.el4535@mail.com,Customer Support Agent,Rabat,Senior,,20
2397,Nour El Amrani,nour.el2397@mail.com,Customer Support Agent,Rabat,Senior,,16
2263,Nour El Amrani,nour.el2263@mail.com,Data Analyst,Fes,Mid,,16
4006,Nour El Amrani,nour.el4006@mail.com,Network Technician,Rabat,Senior,,20
4060,Nour El Amrani,nour.el4060@mail.com,Project Manager,Marrakech,Senior,,22
288,Nour El Amrani,nour.el288@mail.com,Data Analyst,Casablanca,Senior,,20
436,Nour El Amrani,nour.el436@mail.com,Customer Support Agent,Agadir,Senior,,14
2546,Nour El Amrani,nour.el2546@mail.com,HR Officer,Fes,Senior,,22
1972,Nour El Amrani,nour.el1972@mail.com,Accountant,Casablanca,Senior,,14
4792,Nour El Amrani,nour.el4792@mail.com,Network Technician,Marrakech,Senior,,20
4857,Nour El Amrani,nour.el4857@mail.com,Accountant,Casablanca,Senior,,16
3494,Nour El Idrissi,nour.el3494@mail.com,Sales Executive,Rabat,Junior,,20
1223,Nour El Idrissi,nour.el1223@mail.com,Marketing Specialist,Rabat,Senior,,24
1543,Nour El Idrissi,nour.el1543@mail.com,Accountant,Rabat,Senior,,24
2697,Nour El Idrissi,nour.el2697@mail.com,Data Analyst,Casablanca,Senior,,18
1312,Nour El Idrissi,nour.el1312@mail.com,HR Officer,Agadir,Mid,,22
2885,Nour El Idrissi,nour.el2885@mail.com,Network Technician,Fes,Senior,,16
2077,Nour El Idrissi,nour.el2077@mail.com,Customer Support Agent,Fes,Senior,,26
3766,Nour El Idrissi,nour.el3766@mail.com,Sales Executive,Casablanca,Mid,,18
885,Nour El Idrissi,nour.el885@mail.com,Software Engineer,Tanger,Junior,,20
183,Nour El Idrissi,nour.el183@mail.com,Customer Support Agent,Casablanca,Senior,,18
646,Nour El Idrissi,nour.el646@mail.com,Sales Executive,Casablanca,Senior,,18
439,Nour El Idrissi,nour.el439@mail.com,Data Analyst,Casablanca,Mid,,16
4229,Nour El Idrissi,nour.el4229@mail.com,Marketing Specialist,Agadir,Senior,,22
121,Nour El Idrissi,nour.el121@mail.com,Network Technician,Agadir,Mid,,22
2168,Nour El Idrissi,nour.el2168@mail.com,Accountant,Fes,Mid,,24
88,Nour El Idrissi,nour.el88@mail.com,Data Analyst,Agadir,Senior,,20
4135,Nour Fassi,nour.fassi4135@mail.com,Network Technician,Tanger,Senior,,22
540,Nour Fassi,nour.fassi540@mail.com,Network Technician,Rabat,Senior,,16
3904,Nour Fassi,nour.fassi3904@mail.com,Software Engineer,Casablanca,Senior,,22
1526,Nour Fassi,nour.fassi1526@mail.com,Accountant,Rabat,Senior,,20
3526,Nour Fassi,nour.fassi3526@mail.com,Data Analyst,Marrakech,Senior,,20
3156,Nour Fassi,nour.fassi3156@mail.com,Network Technician,Tanger,Senior,,20
4861,Nour Fassi,nour.fassi4861@mail.com,Sales Executive,Tanger,Mid,,16
1228,Nour Fassi,nour.fassi1228@mail.com,Customer Support Agent,Rabat,Senior,,14
629,Nour Fassi,nour.fassi629@mail.com,Customer Support Agent,Casablanca,Senior,,14
641,Nour Fassi,nour.fassi641@mail.com,HR Officer,Fes,Senior,,18
2479,Nour Fassi,nour.fassi2479@mail.com,Project Manager,Tanger,Senior,,16
3564,Nour Fassi,nour.fassi3564@mail.com,Network Technician,Agadir,Senior,,16
2300,Nour Fassi,nour.fassi2300@mail.com,Accountant,Agadir,Mid,,20
3942,Nour Fassi,nour.fassi3942@mail.com,HR Officer,Tanger,Senior,,24
2385,Nour Fassi,nour.fassi2385@mail.com,HR Officer,Fes,Senior,,20
2918,Nour Fassi,nour.fassi2918@mail.com,HR Officer,Agadir,Mid,,14
2743,Nour Fassi,nour.fassi2743@mail.com,Sales Executive,Tanger,Senior,,16
284,Nour Fassi,nour.fassi284@mail.com,Junior trainee,Agadir,Junior,,20
112,Nour Fassi,nour.fassi112@mail.com,Data Analyst,Casablanca,Mid,,20
1961,Nour Fassi,nour.fassi1961@mail.com,Project Manager,Rabat,Senior,,20
4405,Nour Fassi,nour.fassi4405@mail.com,Sales Executive,Tanger,Mid,,16
2961,Nour Fassi,nour.fassi2961@mail.com,Customer Support Agent,Agadir,Senior,,20
387,Nour Fassi,nour.fassi387@mail.com,HR Officer,Fes,Junior,,16
2477,Nour Raji,nour.raji2477@mail.com,Sales Executive,Agadir,Senior,,18
1244,Nour Raji,nour.raji1244@mail.com,Junior trainee,Rabat,Junior,,18
1720,Nour Raji,nour.raji1720@mail.com,Sales Executive,Casablanca,Senior,,14
4752,Nour Raji,nour.raji4752@mail.com,Customer Support Agent,Marrakech,Junior,,18
4515,Nour Raji,nour.raji4515@mail.com,HR Officer,Agadir,Mid,,20
2873,Nour Raji,nour.raji2873@mail.com,Software Engineer,Rabat,Senior,,22
1858,Nour Raji,nour.raji1858@mail.com,Project Manager,Marrakech,Senior,,16
1679,Nour Raji,nour.raji1679@mail.com,Junior trainee,Rabat,Junior,,14
1320,Nour Raji,nour.raji1320@mail.com,Marketing Specialist,Fes,Mid,,18
819,Nour Raji,nour.raji819@mail.com,Software Engineer,Fes,Senior,,22
3749,Nour Raji,nour.raji3749@mail.com,Software Engineer,Agadir,Senior,,16
3776,Nour Raji,nour.raji3776@mail.com,Software Engineer,Casablanca,Senior,,18
3314,Nour Raji,nour.raji3314@mail.com,Customer Support Agent,Tanger,Senior,,24
3984,Nour Raji,nour.raji3984@mail.com,HR Officer,Marrakech,Mid,,18
3919,Nour Raji,nour.raji3919@mail.com,Network Technician,Marrakech,Junior,,22
682,Nour Raji,nour.raji682@mail.com,Accountant,Agadir,Mid,,18
692,Nour Raji,nour.raji692@mail.com,Software Engineer,Fes,Senior,,20
4329,Nour Raji,nour.raji4329@mail.com,HR Officer,Fes,Senior,,20
484,Nour Raji,nour.raji484@mail.com,Data Analyst,Agadir,Junior,,22
741,Nour Raji,nour.raji741@mail.com,Network Technician,Tanger,Senior,,22
326,Nour Raji,nour.raji326@mail.com,Project Manager,Rabat,Senior,,18
328,Nour Raji,nour.raji328@mail.com,Sales Executive,Rabat,Mid,,22
72,Nour Tahiri,nour.tahiri72@mail.com,HR Officer,Fes,Senior,,24
2687,Nour Tahiri,nour.tahiri2687@mail.com,Project Manager,Rabat,Senior,,18
1427,Nour Tahiri,nour.tahiri1427@mail.com,Junior trainee,Fes,Junior,,18
1448,Nour Tahiri,nour.tahiri1448@mail.com,Sales Executive,Tanger,Senior,,20
785,Nour Tahiri,nour.tahiri785@mail.com,Marketing Specialist,Rabat,Senior,,20
789,Nour Tahiri,nour.tahiri789@mail.com,HR Officer,Casablanca,Mid,,18
4102,Nour Tahiri,nour.tahiri4102@mail.com,Project Manager,Marrakech,Mid,,18
1650,Nour Tahiri,nour.tahiri1650@mail.com,Data Analyst,Tanger,Senior,,22
2501,Nour Tahiri,nour.tahiri2501@mail.com,HR Officer,Marrakech,Senior,,20
4223,Nour Tahiri,nour.tahiri4223@mail.com,Customer Support Agent,Rabat,Junior,,16
3802,Nour Tahiri,nour.tahiri3802@mail.com,Data Analyst,Marrakech,Mid,,16
2801,Nour Tahiri,nour.tahiri2801@mail.com,HR Officer,Casablanca,Senior,,18
2819,Nour Tahiri,nour.tahiri2819@mail.com,Junior trainee,Rabat,Junior,,22
2142,Nour Tahiri,nour.tahiri2142@mail.com,Project Manager,Marrakech,Senior,,20
627,Nour Tahiri,nour.tahiri627@mail.com,Customer Support Agent,Fes,Senior,,22
1362,Nour Tahiri,nour.tahiri1362@mail.com,Data Analyst,Marrakech,Senior,,18
1675,Nour Tahiri,nour.tahiri1675@mail.com,Sales Executive,Marrakech,Senior,,20
1704,Nour Tahiri,nour.tahiri1704@mail.com,Marketing Specialist,Casablanca,Senior,,22
3607,Nour Tahiri,nour.tahiri3607@mail.com,Network Technician,Rabat,Senior,,18
1067,Nour Tahiri,nour.tahiri1067@mail.com,Network Technician,Fes,Mid,,16
2067,Nour Tahiri,nour.tahiri2067@mail.com,Network Technician,Marrakech,Mid,,22
2334,Nour Tahiri,nour.tahiri2334@mail.com,HR Officer,Tanger,Mid,,20
2338,Nour Tahiri,nour.tahiri2338@mail.com,Data Analyst,Tanger,Mid,,18
972,Nour Tahiri,nour.tahiri972@mail.com,Network Technician,Marrakech,Senior,,18
3422,Nour Tahiri,nour.tahiri3422@mail.com,Marketing Specialist,Casablanca,Senior,,22
2256,Nour Tahiri,nour.tahiri2256@mail.com,Marketing Specialist,Tanger,Junior,,16
1597,Nour Tahiri,nour.tahiri1597@mail.com,Marketing Specialist,Tanger,Senior,,14
4807,Nour Tahiri,nour.tahiri4807@mail.com,Network Technician,Rabat,Mid,,16
2167,Nour Tahiri,nour.tahiri2167@mail.com,Data Analyst,Agadir,Senior,,18
2183,Nour Tahiri,nour.tahiri2183@mail.com,Data Analyst,Marrakech,Senior,,16
2368,Nour Tahiri,nour.tahiri2368@mail.com,Customer Support Agent,Tanger,Senior,,20
2383,Nour Tahiri,nour.tahiri2383@mail.com,Data Analyst,Fes,Senior,,22
4393,Nour Tahiri,nour.tahiri4393@mail.com,Sales Executive,Tanger,Junior,,18
299,Nour Tahiri,nour.tahiri299@mail.com,Customer Support Agent,Fes,Senior,,22
4304,Nour Tahiri,nour.tahiri4304@mail.com,Data Analyst,Fes,Senior,,16
4330,Nour Tahiri,nour.tahiri4330@mail.com,HR Officer,Agadir,Senior,,22
3923,Nour Tahiri,nour.tahiri3923@mail.com,Accountant,Casablanca,Senior,,14
2524,Nour Tahiri,nour.tahiri2524@mail.com,Software Engineer,Rabat,Junior,,20
346,Nour Zerouali,nour.zerouali346@mail.com,Network Technician,Agadir,Senior,,22
4561,Nour Zerouali,nour.zerouali4561@mail.com,Project Manager,Rabat,Senior,,22
545,Nour Zerouali,nour.zerouali545@mail.com,Software Engineer,Rabat,Senior,,18
3529,Nour Zerouali,nour.zerouali3529@mail.com,Software Engineer,Marrakech,Senior,,22
1825,Nour Zerouali,nour.zerouali1825@mail.com,Marketing Specialist,Tanger,Senior,,18
2870,Nour Zerouali,nour.zerouali2870@mail.com,Software Engineer,Tanger,Senior,,16
4892,Nour Zerouali,nour.zerouali4892@mail.com,Project Manager,Rabat,Mid,,22
3606,Nour Zerouali,nour.zerouali3606@mail.com,Data Analyst,Casablanca,Senior,,20
2908,Nour Zerouali,nour.zerouali2908@mail.com,Marketing Specialist,Tanger,Senior,,20
4275,Nour Zerouali,nour.zerouali4275@mail.com,Data Analyst,Fes,Mid,,20
4035,Nour Zerouali,nour.zerouali4035@mail.com,Marketing Specialist,Fes,Junior,,22
4059,Nour Zerouali,nour.zerouali4059@mail.com,Customer Support Agent,Fes,Senior,,22
2029,Nour Zerouali,nour.zerouali2029@mail.com,Customer Support Agent,Tanger,Senior,,18
127,Nour Zerouali,nour.zerouali127@mail.com,Marketing Specialist,Fes,Senior,,22
4421,Nour Zerouali,nour.zerouali4421@mail.com,HR Officer,Agadir,Mid,,18
4085,Nour Zerouali,nour.zerouali4085@mail.com,Accountant,Fes,Senior,,14
2474,Omar Ait Lahcen,omar.ait2474@mail.com,Network Technician,Tanger,Senior,,18
1723,Omar Ait Lahcen,omar.ait1723@mail.com,Project Manager,Marrakech,Senior,,18
4927,Omar Ait Lahcen,omar.ait4927@mail.com,Sales Executive,Marrakech,Senior,,16
372,Omar Ait Lahcen,omar.ait372@mail.com,Data Analyst,Agadir,Senior,,22
1617,Omar Ait Lahcen,omar.ait1617@mail.com,Project Manager,Rabat,Senior,,20
3111,Omar Ait Lahcen,omar.ait3111@mail.com,Software Engineer,Rabat,Senior,,18
3158,Omar Ait Lahcen,omar.ait3158@mail.com,Software Engineer,Agadir,Mid,,22
3161,Omar Ait Lahcen,omar.ait3161@mail.com,Accountant,Marrakech,Senior,,22
2811,Omar Ait Lahcen,omar.ait2811@mail.com,Software Engineer,Rabat,Junior,,18
1213,Omar Ait Lahcen,omar.ait1213@mail.com,Project Manager,Tanger,Senior,,18
4740,Omar Ait Lahcen,omar.ait4740@mail.com,HR Officer,Marrakech,Senior,,18
884,Omar Ait Lahcen,omar.ait884@mail.com,Software Engineer,Casablanca,Senior,,14
1824,Omar Ait Lahcen,omar.ait1824@mail.com,Project Manager,Tanger,Senior,,24
3452,Omar Ait Lahcen,omar.ait3452@mail.com,Data Analyst,Casablanca,Junior,,22
3987,Omar Ait Lahcen,omar.ait3987@mail.com,Marketing Specialist,Marrakech,Senior,,20
3394,Omar Ait Lahcen,omar.ait3394@mail.com,Accountant,Casablanca,Senior,,18
3543,Omar Ait Lahcen,omar.ait3543@mail.com,Project Manager,Agadir,Senior,,18
2928,Omar Ait Lahcen,omar.ait2928@mail.com,Sales Executive,Casablanca,Senior,,20
1085,Omar Ait Lahcen,omar.ait1085@mail.com,Accountant,Tanger,Junior,,18
1109,Omar Ait Lahcen,omar.ait1109@mail.com,Junior trainee,Rabat,Junior,,18
1113,Omar Ait Lahcen,omar.ait1113@mail.com,Sales Executive,Rabat,Mid,,16
3269,Omar Ait Lahcen,omar.ait3269@mail.com,Project Manager,Rabat,Senior,,22
442,Omar Ait Lahcen,omar.ait442@mail.com,Marketing Specialist,Tanger,Mid,,16
2768,Omar Ait Lahcen,omar.ait2768@mail.com,Customer Support Agent,Casablanca,Senior,,20
3658,Omar Ait Lahcen,omar.ait3658@mail.com,HR Officer,Marrakech,Senior,,18
2007,Omar Ait Lahcen,omar.ait2007@mail.com,Marketing Specialist,Marrakech,Senior,,22
2037,Omar Ait Lahcen,omar.ait2037@mail.com,Accountant,Rabat,Senior,,18
2006,Omar Benali,omar.benali2006@mail.com,Data Analyst,Agadir,Senior,,16
4088,Omar Benali,omar.benali4088@mail.com,Customer Support Agent,Tanger,Senior,,18
4589,Omar Benali,omar.benali4589@mail.com,Customer Support Agent,Agadir,Senior,,22
2595,Omar Benali,omar.benali2595@mail.com,HR Officer,Casablanca,Senior,,18
4888,Omar Benali,omar.benali4888@mail.com,Data Analyst,Marrakech,Senior,,22
4894,Omar Benali,omar.benali4894@mail.com,Network Technician,Rabat,Senior,,22
4827,Omar Benali,omar.benali4827@mail.com,Customer Support Agent,Fes,Senior,,18
160,Omar Benali,omar.benali160@mail.com,Marketing Specialist,Casablanca,Senior,,16
1717,Omar Benali,omar.benali1717@mail.com,Accountant,Agadir,Mid,,14
1728,Omar Benali,omar.benali1728@mail.com,Project Manager,Rabat,Mid,,16
2504,Omar Benali,omar.benali2504@mail.com,Network Technician,Rabat,Senior,,22
1528,Omar Benali,omar.benali1528@mail.com,HR Officer,Rabat,Senior,,16
876,Omar Benali,omar.benali876@mail.com,Marketing Specialist,Rabat,Senior,,22
1847,Omar Benali,omar.benali1847@mail.com,Network Technician,Rabat,Senior,,20
3504,Omar Benali,omar.benali3504@mail.com,Marketing Specialist,Rabat,Junior,,20
4185,Omar Benali,omar.benali4185@mail.com,Accountant,Rabat,Senior,,22
4222,Omar Benali,omar.benali4222@mail.com,Network Technician,Rabat,Senior,,20
3173,Omar Benali,omar.benali3173@mail.com,Junior trainee,Tanger,Junior,,22
3810,Omar Benali,omar.benali3810@mail.com,Accountant,Tanger,Senior,,20
2332,Omar Benali,omar.benali2332@mail.com,Accountant,Rabat,Junior,,14
3329,Omar Benali,omar.benali3329@mail.com,Marketing Specialist,Marrakech,Senior,,20
2674,Omar Benali,omar.benali2674@mail.com,Marketing Specialist,Rabat,Senior,,20
2131,Omar Benali,omar.benali2131@mail.com,Sales Executive,Marrakech,Mid,,14
912,Omar Benali,omar.benali912@mail.com,Network Technician,Rabat,Senior,,22
4462,Omar Benali,omar.benali4462@mail.com,Network Technician,Agadir,Senior,,20
3551,Omar Benali,omar.benali3551@mail.com,Software Engineer,Rabat,Mid,,14
2147,Omar Benali,omar.benali2147@mail.com,Sales Executive,Agadir,Mid,,16
492,Omar Benali,omar.benali492@mail.com,Customer Support Agent,Agadir,Mid,,22
4054,Omar Benali,omar.benali4054@mail.com,HR Officer,Rabat,Senior,,22
2139,Omar Boulahfa,omar.boulahfa2139@mail.com,Accountant,Marrakech,Senior,,24
1629,Omar Boulahfa,omar.boulahfa1629@mail.com,HR Officer,Tanger,Senior,,14
207,Omar Boulahfa,omar.boulahfa207@mail.com,Accountant,Rabat,Senior,,24
353,Omar Boulahfa,omar.boulahfa353@mail.com,Project Manager,Agadir,Mid,,18
368,Omar Boulahfa,omar.boulahfa368@mail.com,Sales Executive,Casablanca,Senior,,18
778,Omar Boulahfa,omar.boulahfa778@mail.com,Sales Executive,Marrakech,Senior,,18
1289,Omar Boulahfa,omar.boulahfa1289@mail.com,Sales Executive,Tanger,Senior,,18
1174,Omar Boulahfa,omar.boulahfa1174@mail.com,Accountant,Tanger,Senior,,18
4519,Omar Boulahfa,omar.boulahfa4519@mail.com,Accountant,Agadir,Senior,,20
3058,Omar Boulahfa,omar.boulahfa3058@mail.com,Software Engineer,Tanger,Senior,,14
3068,Omar Boulahfa,omar.boulahfa3068@mail.com,Junior trainee,Rabat,Junior,,18
1707,Omar Boulahfa,omar.boulahfa1707@mail.com,Customer Support Agent,Agadir,Senior,,12
1346,Omar Boulahfa,omar.boulahfa1346@mail.com,Network Technician,Marrakech,Mid,,22
3915,Omar Boulahfa,omar.boulahfa3915@mail.com,Data Analyst,Marrakech,Mid,,18
2940,Omar Boulahfa,omar.boulahfa2940@mail.com,Accountant,Casablanca,Senior,,18
2941,Omar Boulahfa,omar.boulahfa2941@mail.com,Accountant,Tanger,Senior,,18
2985,Omar Boulahfa,omar.boulahfa2985@mail.com,Marketing Specialist,Tanger,Mid,,18
2161,Omar Boulahfa,omar.boulahfa2161@mail.com,Marketing Specialist,Fes,Senior,,20
4321,Omar Boulahfa,omar.boulahfa4321@mail.com,HR Officer,Fes,Mid,,16
3559,Omar Boulahfa,omar.boulahfa3559@mail.com,Marketing Specialist,Tanger,Senior,,24
2409,Omar Boulahfa,omar.boulahfa2409@mail.com,HR Officer,Rabat,Senior,,18
1975,Omar Boulahfa,omar.boulahfa1975@mail.com,Marketing Specialist,Rabat,Senior,,20
1676,Omar Chafik,omar.chafik1676@mail.com,Data Analyst,Agadir,Mid,,22
1713,Omar Chafik,omar.chafik1713@mail.com,Software Engineer,Fes,Senior,,24
1802,Omar Chafik,omar.chafik1802@mail.com,Project Manager,Casablanca,Senior,,14
2718,Omar Chafik,omar.chafik2718@mail.com,Data Analyst,Marrakech,Senior,,18
4068,Omar Chafik,omar.chafik4068@mail.com,HR Officer,Fes,Mid,,20
1621,Omar Chafik,omar.chafik1621@mail.com,Data Analyst,Marrakech,Senior,,18
1632,Omar Chafik,omar.chafik1632@mail.com,Accountant,Fes,Senior,,18
1648,Omar Chafik,omar.chafik1648@mail.com,Data Analyst,Fes,Senior,,20
1651,Omar Chafik,omar.chafik1651@mail.com,Software Engineer,Agadir,Mid,,16
1288,Omar Chafik,omar.chafik1288@mail.com,Marketing Specialist,Agadir,Senior,,26
4609,Omar Chafik,omar.chafik4609@mail.com,Network Technician,Tanger,Mid,,14
2544,Omar Chafik,omar.chafik2544@mail.com,Customer Support Agent,Rabat,Senior,,16
3127,Omar Chafik,omar.chafik3127@mail.com,Project Manager,Agadir,Junior,,16
1871,Omar Chafik,omar.chafik1871@mail.com,Network Technician,Rabat,Senior,,24
865,Omar Chafik,omar.chafik865@mail.com,Marketing Specialist,Agadir,Senior,,22
1232,Omar Chafik,omar.chafik1232@mail.com,Project Manager,Casablanca,Senior,,18
2080,Omar Chafik,omar.chafik2080@mail.com,Junior trainee,Casablanca,Junior,,18
953,Omar Chafik,omar.chafik953@mail.com,Network Technician,Casablanca,Senior,,18
705,Omar Chafik,omar.chafik705@mail.com,Accountant,Casablanca,Senior,,24
3700,Omar Chafik,omar.chafik3700@mail.com,Sales Executive,Fes,Mid,,16
3287,Omar Chafik,omar.chafik3287@mail.com,Sales Executive,Fes,Senior,,20
4280,Omar Chafik,omar.chafik4280@mail.com,Customer Support Agent,Marrakech,Senior,,18
2184,Omar Chafik,omar.chafik2184@mail.com,Project Manager,Rabat,Senior,,20
4382,Omar El Amrani,omar.el4382@mail.com,Sales Executive,Casablanca,Mid,,18
2586,Omar El Amrani,omar.el2586@mail.com,Project Manager,Tanger,Junior,,20
206,Omar El Amrani,omar.el206@mail.com,Network Technician,Fes,Senior,,16
3221,Omar El Amrani,omar.el3221@mail.com,Customer Support Agent,Tanger,Senior,,16
1822,Omar El Amrani,omar.el1822@mail.com,HR Officer,Rabat,Mid,,24
2095,Omar El Amrani,omar.el2095@mail.com,Accountant,Marrakech,Senior,,20
3892,Omar El Amrani,omar.el3892@mail.com,Data Analyst,Marrakech,Senior,,18
4112,Omar El Amrani,omar.el4112@mail.com,HR Officer,Agadir,Senior,,14
4923,Omar El Amrani,omar.el4923@mail.com,Project Manager,Casablanca,Senior,,18
2206,Omar El Amrani,omar.el2206@mail.com,Customer Support Agent,Agadir,Senior,,18
792,Omar El Amrani,omar.el792@mail.com,Marketing Specialist,Casablanca,Senior,,22
552,Omar El Amrani,omar.el552@mail.com,Project Manager,Marrakech,Senior,,14
4507,Omar El Amrani,omar.el4507@mail.com,Project Manager,Tanger,Senior,,20
3366,Omar El Amrani,omar.el3366@mail.com,Customer Support Agent,Marrakech,Senior,,22
3839,Omar El Amrani,omar.el3839@mail.com,Project Manager,Tanger,Senior,,18
613,Omar El Amrani,omar.el613@mail.com,Marketing Specialist,Casablanca,Senior,,14
948,Omar El Amrani,omar.el948@mail.com,Data Analyst,Tanger,Senior,,16
1076,Omar El Amrani,omar.el1076@mail.com,Data Analyst,Fes,Senior,,16
2372,Omar El Amrani,omar.el2372@mail.com,Accountant,Rabat,Senior,,24
32,Omar El Amrani,omar.el32@mail.com,Network Technician,Rabat,Senior,,22
3290,Omar El Amrani,omar.el3290@mail.com,Software Engineer,Marrakech,Mid,,18
3582,Omar El Amrani,omar.el3582@mail.com,Accountant,Casablanca,Senior,,22
1921,Omar El Amrani,omar.el1921@mail.com,Software Engineer,Tanger,Mid,,16
3730,Omar El Amrani,omar.el3730@mail.com,Project Manager,Agadir,Senior,,20
737,Omar El Amrani,omar.el737@mail.com,Network Technician,Rabat,Senior,,16
301,Omar El Amrani,omar.el301@mail.com,Project Manager,Casablanca,Senior,,22
468,Omar El Amrani,omar.el468@mail.com,Marketing Specialist,Marrakech,Junior,,20
432,Omar El Idrissi,omar.el432@mail.com,Junior trainee,Tanger,Junior,,22
1256,Omar El Idrissi,omar.el1256@mail.com,Sales Executive,Rabat,Senior,,12
1194,Omar El Idrissi,omar.el1194@mail.com,Data Analyst,Fes,Junior,,20
2588,Omar El Idrissi,omar.el2588@mail.com,Project Manager,Marrakech,Senior,,22
4083,Omar El Idrissi,omar.el4083@mail.com,Software Engineer,Rabat,Senior,,14
4850,Omar El Idrissi,omar.el4850@mail.com,Project Manager,Tanger,Senior,,16
2420,Omar El Idrissi,omar.el2420@mail.com,Data Analyst,Tanger,Senior,,18
2440,Omar El Idrissi,omar.el2440@mail.com,Data Analyst,Marrakech,Senior,,22
2793,Omar El Idrissi,omar.el2793@mail.com,Marketing Specialist,Marrakech,Senior,,16
2830,Omar El Idrissi,omar.el2830@mail.com,Accountant,Casablanca,Senior,,22
2509,Omar El Idrissi,omar.el2509@mail.com,Project Manager,Marrakech,Senior,,16
3056,Omar El Idrissi,omar.el3056@mail.com,Sales Executive,Casablanca,Senior,,16
799,Omar El Idrissi,omar.el799@mail.com,Software Engineer,Agadir,Junior,,20
3150,Omar El Idrissi,omar.el3150@mail.com,Marketing Specialist,Agadir,Mid,,18
1082,Omar El Idrissi,omar.el1082@mail.com,Network Technician,Rabat,Senior,,20
2252,Omar El Idrissi,omar.el2252@mail.com,Software Engineer,Agadir,Senior,,18
2279,Omar El Idrissi,omar.el2279@mail.com,Marketing Specialist,Marrakech,Senior,,20
2296,Omar El Idrissi,omar.el2296@mail.com,Network Technician,Agadir,Senior,,12
2742,Omar El Idrissi,omar.el2742@mail.com,Data Analyst,Casablanca,Senior,,22
4706,Omar El Idrissi,omar.el4706@mail.com,HR Officer,Agadir,Mid,,16
757,Omar Fassi,omar.fassi757@mail.com,Customer Support Agent,Agadir,Mid,,20
770,Omar Fassi,omar.fassi770@mail.com,Customer Support Agent,Tanger,Senior,,20
4595,Omar Fassi,omar.fassi4595@mail.com,Marketing Specialist,Casablanca,Senior,,16
3232,Omar Fassi,omar.fassi3232@mail.com,Marketing Specialist,Rabat,Senior,,20
176,Omar Fassi,omar.fassi176@mail.com,Project Manager,Tanger,Mid,,24
476,Omar Fassi,omar.fassi476@mail.com,HR Officer,Agadir,Senior,,16
2704,Omar Fassi,omar.fassi2704@mail.com,Data Analyst,Tanger,Senior,,18
3060,Omar Fassi,omar.fassi3060@mail.com,Project Manager,Casablanca,Senior,,16
3350,Omar Fassi,omar.fassi3350@mail.com,Network Technician,Fes,Senior,,22
1530,Omar Fassi,omar.fassi1530@mail.com,Data Analyst,Rabat,Senior,,24
4856,Omar Fassi,omar.fassi4856@mail.com,HR Officer,Rabat,Senior,,20
863,Omar Fassi,omar.fassi863@mail.com,Marketing Specialist,Tanger,Senior,,20
4617,Omar Fassi,omar.fassi4617@mail.com,Sales Executive,Agadir,Senior,,18
4743,Omar Fassi,omar.fassi4743@mail.com,Sales Executive,Tanger,Senior,,20
4760,Omar Fassi,omar.fassi4760@mail.com,Marketing Specialist,Marrakech,Senior,,18
2331,Omar Fassi,omar.fassi2331@mail.com,Sales Executive,Marrakech,Senior,,18
2753,Omar Fassi,omar.fassi2753@mail.com,Marketing Specialist,Agadir,Senior,,20
4404,Omar Fassi,omar.fassi4404@mail.com,Software Engineer,Tanger,Junior,,18
4427,Omar Fassi,omar.fassi4427@mail.com,HR Officer,Agadir,Mid,,16
4250,Omar Fassi,omar.fassi4250@mail.com,Sales Executive,Marrakech,Senior,,20
4264,Omar Fassi,omar.fassi4264@mail.com,Sales Executive,Rabat,Senior,,18
3967,Omar Fassi,omar.fassi3967@mail.com,Project Manager,Agadir,Senior,,18
2288,Omar Fassi,omar.fassi2288@mail.com,Customer Support Agent,Agadir,Senior,,24
725,Omar Fassi,omar.fassi725@mail.com,Software Engineer,Tanger,Mid,,18
11,Omar Fassi,omar.fassi11@mail.com,Customer Support Agent,Tanger,Mid,,24
49,Omar Fassi,omar.fassi49@mail.com,Marketing Specialist,Agadir,Senior,,18
2400,Omar Fassi,omar.fassi2400@mail.com,Software Engineer,Fes,Senior,,20
3542,Omar Fassi,omar.fassi3542@mail.com,Project Manager,Rabat,Senior,,22
3573,Omar Raji,omar.raji3573@mail.com,Accountant,Fes,Senior,,20
851,Omar Raji,omar.raji851@mail.com,Accountant,Tanger,Senior,,18
2160,Omar Raji,omar.raji2160@mail.com,Customer Support Agent,Agadir,Senior,,18
1958,Omar Raji,omar.raji1958@mail.com,Customer Support Agent,Agadir,Senior,,20
1966,Omar Raji,omar.raji1966@mail.com,Marketing Specialist,Casablanca,Senior,,18
4670,Omar Raji,omar.raji4670@mail.com,Project Manager,Casablanca,Junior,,16
2615,Omar Raji,omar.raji2615@mail.com,Customer Support Agent,Casablanca,Senior,,22
4039,Omar Raji,omar.raji4039@mail.com,Network Technician,Agadir,Senior,,18
2102,Omar Raji,omar.raji2102@mail.com,Project Manager,Agadir,Senior,,16
4646,Omar Raji,omar.raji4646@mail.com,Software Engineer,Rabat,Mid,,16
456,Omar Raji,omar.raji456@mail.com,Software Engineer,Rabat,Senior,,22
231,Omar Raji,omar.raji231@mail.com,Software Engineer,Marrakech,Senior,,18
4845,Omar Raji,omar.raji4845@mail.com,HR Officer,Rabat,Mid,,16
4851,Omar Raji,omar.raji4851@mail.com,Project Manager,Marrakech,Senior,,18
2351,Omar Raji,omar.raji2351@mail.com,Data Analyst,Rabat,Junior,,20
3107,Omar Raji,omar.raji3107@mail.com,Marketing Specialist,Agadir,Senior,,18
283,Omar Raji,omar.raji283@mail.com,Junior trainee,Agadir,Junior,,24
602,Omar Raji,omar.raji602@mail.com,Network Technician,Agadir,Junior,,20
1589,Omar Raji,omar.raji1589@mail.com,Data Analyst,Rabat,Senior,,20
1080,Omar Raji,omar.raji1080@mail.com,Customer Support Agent,Tanger,Senior,,20
1101,Omar Raji,omar.raji1101@mail.com,Network Technician,Tanger,Senior,,24
2622,Omar Tahiri,omar.tahiri2622@mail.com,Sales Executive,Fes,Senior,,14
3547,Omar Tahiri,omar.tahiri3547@mail.com,Customer Support Agent,Casablanca,Junior,,14
1990,Omar Tahiri,omar.tahiri1990@mail.com,Marketing Specialist,Tanger,Senior,,20
2004,Omar Tahiri,omar.tahiri2004@mail.com,Project Manager,Tanger,Senior,,20
2011,Omar Tahiri,omar.tahiri2011@mail.com,Software Engineer,Fes,Senior,,14
1540,Omar Tahiri,omar.tahiri1540@mail.com,Data Analyst,Fes,Senior,,22
1547,Omar Tahiri,omar.tahiri1547@mail.com,Customer Support Agent,Rabat,Senior,,20
2646,Omar Tahiri,omar.tahiri2646@mail.com,Project Manager,Tanger,Mid,,16
4017,Omar Tahiri,omar.tahiri4017@mail.com,Marketing Specialist,Fes,Mid,,16
3085,Omar Tahiri,omar.tahiri3085@mail.com,Network Technician,Marrakech,Senior,,20
3487,Omar Tahiri,omar.tahiri3487@mail.com,Sales Executive,Fes,Mid,,22
4605,Omar Tahiri,omar.tahiri4605@mail.com,Sales Executive,Casablanca,Senior,,18
2488,Omar Tahiri,omar.tahiri2488@mail.com,Accountant,Agadir,Senior,,16
3172,Omar Tahiri,omar.tahiri3172@mail.com,Sales Executive,Rabat,Junior,,20
3188,Omar Tahiri,omar.tahiri3188@mail.com,Customer Support Agent,Tanger,Senior,,22
2043,Omar Tahiri,omar.tahiri2043@mail.com,Data Analyst,Fes,Mid,,20
1563,Omar Tahiri,omar.tahiri1563@mail.com,Accountant,Tanger,Mid,,22
291,Omar Tahiri,omar.tahiri291@mail.com,Accountant,Tanger,Junior,,20
2314,Omar Tahiri,omar.tahiri2314@mail.com,Marketing Specialist,Fes,Senior,,18
4820,Omar Tahiri,omar.tahiri4820@mail.com,Project Manager,Casablanca,Senior,,20
4821,Omar Tahiri,omar.tahiri4821@mail.com,HR Officer,Casablanca,Senior,,18
2396,Omar Tahiri,omar.tahiri2396@mail.com,Accountant,Agadir,Senior,,18
3138,Omar Tahiri,omar.tahiri3138@mail.com,Data Analyst,Agadir,Senior,,20
3641,Omar Tahiri,omar.tahiri3641@mail.com,Sales Executive,Marrakech,Senior,,18
2990,Omar Tahiri,omar.tahiri2990@mail.com,Data Analyst,Tanger,Senior,,20
974,Omar Zerouali,omar.zerouali974@mail.com,Sales Executive,Fes,Junior,,22
181,Omar Zerouali,omar.zerouali181@mail.com,Sales Executive,Tanger,Mid,,16
3798,Omar Zerouali,omar.zerouali3798@mail.com,Data Analyst,Fes,Senior,,18
4704,Omar Zerouali,omar.zerouali4704@mail.com,Software Engineer,Rabat,Junior,,14
1641,Omar Zerouali,omar.zerouali1641@mail.com,Data Analyst,Rabat,Junior,,22
4974,Omar Zerouali,omar.zerouali4974@mail.com,Network Technician,Casablanca,Senior,,18
4628,Omar Zerouali,omar.zerouali4628@mail.com,HR Officer,Fes,Mid,,24
2227,Omar Zerouali,omar.zerouali2227@mail.com,Project Manager,Casablanca,Senior,,20
879,Omar Zerouali,omar.zerouali879@mail.com,Sales Executive,Tanger,Mid,,20
1465,Omar Zerouali,omar.zerouali1465@mail.com,Customer Support Agent,Agadir,Senior,,16
1467,Omar Zerouali,omar.zerouali1467@mail.com,Data Analyst,Tanger,Junior,,22
3646,Omar Zerouali,omar.zerouali3646@mail.com,Customer Support Agent,Fes,Senior,,16
305,Omar Zerouali,omar.zerouali305@mail.com,HR Officer,Marrakech,Senior,,22
2330,Omar Zerouali,omar.zerouali2330@mail.com,Customer Support Agent,Fes,Senior,,22
4456,Omar Zerouali,omar.zerouali4456@mail.com,Junior trainee,Tanger,Junior,,20
4477,Omar Zerouali,omar.zerouali4477@mail.com,Customer Support Agent,Fes,Senior,,20
623,Omar Zerouali,omar.zerouali623@mail.com,Sales Executive,Fes,Senior,,14
671,Omar Zerouali,omar.zerouali671@mail.com,Network Technician,Fes,Senior,,18
bbd17372-01cf-4a49-a672-ed0ec5e8fbb5,Othman - Project Manager,,,,,,29
e4413b6e-0e68-44bb-bfd7-934c2689d7a7,PM RESUME,,,,,,31
c754c7ab-b57d-4514-9fda-ffeb8cb21922,Pankaj BSA,,,,,,37
d6ae6ce9-fd79-448d-995a-b19fb5b83fd9,ParthMPatel BA,,,,,,26
a04d62af-a643-427d-9530-dc001c447a5e,Pavan Kumar Full Stack Java Developer,,,,,,41
06d8d273-8270-4c08-a686-170d1ac4ceb3,Pavan Sr Business Analyst resume,,,,,,29
8aa59c9a-0a7c-49c5-bc7a-77c900821ef9,Pierre John,,,,,,39
26b92108-7b49-447e-9b57-03ca2fa938fd,Pranay P,,,,,,38
4674ca82-bb0f-4100-b3d3-008af254834a,Prashant Chawda resume,,,,,,22
5f40bf87-c56f-47a0-a27f-c5ae35517376,Praveen B,,,,,,25
3ac0b438-1904-44c4-b252-668fb63135b6,Praveen T,,,,,,32
9185766d-65cf-4420-9b49-253b1997762d,Priya B,,,,,,26
3e1389a0-9698-4356-882b-f5da6dd8caf2,Priya Sharma,,,,,,44
36315677-cfd4-4b84-bf32-4dd82af73b88,Priyanka Sr BSA Resume,,,,,,40
f777f8a6-e9b0-4c2f-99d1-3431a337c1fb,RAMYA BUSINESS ANALYST RESUME,,,,,,32
4080,Rachid Ait Lahcen,rachid.ait4080@mail.com,Sales Executive,Marrakech,Senior,,20
396,Rachid Ait Lahcen,rachid.ait396@mail.com,Customer Support Agent,Casablanca,Senior,,22
1755,Rachid Ait Lahcen,rachid.ait1755@mail.com,Software Engineer,Rabat,Senior,,16
1398,Rachid Ait Lahcen,rachid.ait1398@mail.com,Accountant,Fes,Senior,,16
4573,Rachid Ait Lahcen,rachid.ait4573@mail.com,Project Manager,Casablanca,Mid,,24
769,Rachid Ait Lahcen,rachid.ait769@mail.com,Customer Support Agent,Fes,Mid,,14
2249,Rachid Ait Lahcen,rachid.ait2249@mail.com,HR Officer,Agadir,Mid,,18
2251,Rachid Ait Lahcen,rachid.ait2251@mail.com,HR Officer,Tanger,Mid,,26
2121,Rachid Ait Lahcen,rachid.ait2121@mail.com,Accountant,Casablanca,Mid,,22
2573,Rachid Ait Lahcen,rachid.ait2573@mail.com,Software Engineer,Rabat,Senior,,22
4184,Rachid Ait Lahcen,rachid.ait4184@mail.com,Network Technician,Tanger,Senior,,22
4915,Rachid Ait Lahcen,rachid.ait4915@mail.com,Network Technician,Tanger,Senior,,20
3354,Rachid Ait Lahcen,rachid.ait3354@mail.com,Software Engineer,Agadir,Senior,,20
3562,Rachid Ait Lahcen,rachid.ait3562@mail.com,Accountant,Rabat,Senior,,18
4630,Rachid Ait Lahcen,rachid.ait4630@mail.com,Customer Support Agent,Fes,Senior,,20
1829,Rachid Ait Lahcen,rachid.ait1829@mail.com,HR Officer,Agadir,Senior,,16
1830,Rachid Ait Lahcen,rachid.ait1830@mail.com,Accountant,Casablanca,Senior,,18
1874,Rachid Ait Lahcen,rachid.ait1874@mail.com,Marketing Specialist,Tanger,Mid,,20
4970,Rachid Ait Lahcen,rachid.ait4970@mail.com,Sales Executive,Tanger,Senior,,24
1652,Rachid Ait Lahcen,rachid.ait1652@mail.com,Junior trainee,Rabat,Junior,,20
1155,Rachid Ait Lahcen,rachid.ait1155@mail.com,Marketing Specialist,Casablanca,Senior,,22
4794,Rachid Ait Lahcen,rachid.ait4794@mail.com,Network Technician,Fes,Senior,,22
3673,Rachid Ait Lahcen,rachid.ait3673@mail.com,Marketing Specialist,Rabat,Senior,,18
2744,Rachid Ait Lahcen,rachid.ait2744@mail.com,Data Analyst,Marrakech,Mid,,18
506,Rachid Ait Lahcen,rachid.ait506@mail.com,Data Analyst,Fes,Senior,,20
22,Rachid Ait Lahcen,rachid.ait22@mail.com,Marketing Specialist,Rabat,Senior,,18
1618,Rachid Benali,rachid.benali1618@mail.com,Marketing Specialist,Tanger,Mid,,18
1791,Rachid Benali,rachid.benali1791@mail.com,Customer Support Agent,Tanger,Mid,,20
3882,Rachid Benali,rachid.benali3882@mail.com,HR Officer,Tanger,Senior,,22
404,Rachid Benali,rachid.benali404@mail.com,Sales Executive,Marrakech,Senior,,22
1948,Rachid Benali,rachid.benali1948@mail.com,Project Manager,Agadir,Mid,,22
2860,Rachid Benali,rachid.benali2860@mail.com,Software Engineer,Fes,Senior,,22
2092,Rachid Benali,rachid.benali2092@mail.com,Project Manager,Tanger,Senior,,20
2021,Rachid Benali,rachid.benali2021@mail.com,Junior trainee,Fes,Junior,,16
2036,Rachid Benali,rachid.benali2036@mail.com,HR Officer,Fes,Senior,,22
4544,Rachid Benali,rachid.benali4544@mail.com,Marketing Specialist,Agadir,Senior,,18
575,Rachid Benali,rachid.benali575@mail.com,Project Manager,Tanger,Senior,,20
584,Rachid Benali,rachid.benali584@mail.com,Customer Support Agent,Marrakech,Senior,,20
1295,Rachid Benali,rachid.benali1295@mail.com,Data Analyst,Marrakech,Senior,,20
3554,Rachid Benali,rachid.benali3554@mail.com,Project Manager,Rabat,Senior,,18
3365,Rachid Benali,rachid.benali3365@mail.com,HR Officer,Agadir,Mid,,14
630,Rachid Benali,rachid.benali630@mail.com,Network Technician,Tanger,Mid,,20
4311,Rachid Benali,rachid.benali4311@mail.com,Marketing Specialist,Tanger,Senior,,20
4804,Rachid Benali,rachid.benali4804@mail.com,Data Analyst,Agadir,Senior,,16
1392,Rachid Benali,rachid.benali1392@mail.com,Accountant,Agadir,Senior,,18
1395,Rachid Benali,rachid.benali1395@mail.com,Network Technician,Marrakech,Senior,,16
3405,Rachid Benali,rachid.benali3405@mail.com,Network Technician,Marrakech,Mid,,16
3128,Rachid Benali,rachid.benali3128@mail.com,Junior trainee,Tanger,Junior,,20
2919,Rachid Benali,rachid.benali2919@mail.com,Software Engineer,Marrakech,Senior,,16
3013,Rachid Benali,rachid.benali3013@mail.com,Project Manager,Marrakech,Mid,,20
3024,Rachid Benali,rachid.benali3024@mail.com,Junior trainee,Marrakech,Junior,,24
3998,Rachid Benali,rachid.benali3998@mail.com,HR Officer,Marrakech,Junior,,22
139,Rachid Benali,rachid.benali139@mail.com,Customer Support Agent,Fes,Senior,,20
2340,Rachid Benali,rachid.benali2340@mail.com,Marketing Specialist,Marrakech,Senior,,16
2342,Rachid Benali,rachid.benali2342@mail.com,Customer Support Agent,Fes,Mid,,18
3300,Rachid Benali,rachid.benali3300@mail.com,Accountant,Rabat,Junior,,22
1094,Rachid Boulahfa,rachid.boulahfa1094@mail.com,Sales Executive,Fes,Junior,,18
1120,Rachid Boulahfa,rachid.boulahfa1120@mail.com,Data Analyst,Fes,Junior,,18
4666,Rachid Boulahfa,rachid.boulahfa4666@mail.com,Customer Support Agent,Fes,Senior,,18
2974,Rachid Boulahfa,rachid.boulahfa2974@mail.com,Marketing Specialist,Tanger,Senior,,24
102,Rachid Boulahfa,rachid.boulahfa102@mail.com,Marketing Specialist,Rabat,Senior,,22
4151,Rachid Boulahfa,rachid.boulahfa4151@mail.com,Marketing Specialist,Rabat,Senior,,22
1247,Rachid Boulahfa,rachid.boulahfa1247@mail.com,Sales Executive,Tanger,Junior,,14
4209,Rachid Boulahfa,rachid.boulahfa4209@mail.com,Junior trainee,Casablanca,Junior,,22
2202,Rachid Boulahfa,rachid.boulahfa2202@mail.com,Network Technician,Tanger,Senior,,22
331,Rachid Boulahfa,rachid.boulahfa331@mail.com,Network Technician,Casablanca,Senior,,22
4933,Rachid Boulahfa,rachid.boulahfa4933@mail.com,Project Manager,Tanger,Senior,,22
1503,Rachid Boulahfa,rachid.boulahfa1503@mail.com,Project Manager,Fes,Mid,,18
2489,Rachid Boulahfa,rachid.boulahfa2489@mail.com,Junior trainee,Fes,Junior,,18
1998,Rachid Boulahfa,rachid.boulahfa1998@mail.com,Data Analyst,Tanger,Senior,,22
3663,Rachid Boulahfa,rachid.boulahfa3663@mail.com,Junior trainee,Marrakech,Junior,,16
3469,Rachid Boulahfa,rachid.boulahfa3469@mail.com,Sales Executive,Fes,Senior,,20
4424,Rachid Boulahfa,rachid.boulahfa4424@mail.com,Sales Executive,Marrakech,Senior,,20
1594,Rachid Boulahfa,rachid.boulahfa1594@mail.com,Sales Executive,Fes,Senior,,22
619,Rachid Boulahfa,rachid.boulahfa619@mail.com,Network Technician,Fes,Mid,,18
3326,Rachid Boulahfa,rachid.boulahfa3326@mail.com,HR Officer,Casablanca,Junior,,16
3352,Rachid Boulahfa,rachid.boulahfa3352@mail.com,Marketing Specialist,Marrakech,Mid,,22
3795,Rachid Boulahfa,rachid.boulahfa3795@mail.com,Accountant,Agadir,Senior,,20
1366,Rachid Boulahfa,rachid.boulahfa1366@mail.com,Customer Support Agent,Rabat,Senior,,16
3133,Rachid Boulahfa,rachid.boulahfa3133@mail.com,Project Manager,Agadir,Senior,,20
3888,Rachid Chafik,rachid.chafik3888@mail.com,Sales Executive,Rabat,Senior,,14
859,Rachid Chafik,rachid.chafik859@mail.com,Customer Support Agent,Rabat,Mid,,18
1436,Rachid Chafik,rachid.chafik1436@mail.com,HR Officer,Fes,Senior,,16
1630,Rachid Chafik,rachid.chafik1630@mail.com,Network Technician,Tanger,Senior,,22
1509,Rachid Chafik,rachid.chafik1509@mail.com,Accountant,Tanger,Senior,,16
1314,Rachid Chafik,rachid.chafik1314@mail.com,Software Engineer,Agadir,Senior,,14
1337,Rachid Chafik,rachid.chafik1337@mail.com,Software Engineer,Tanger,Senior,,16
787,Rachid Chafik,rachid.chafik787@mail.com,Network Technician,Rabat,Senior,,16
2462,Rachid Chafik,rachid.chafik2462@mail.com,Customer Support Agent,Rabat,Senior,,16
4190,Rachid Chafik,rachid.chafik4190@mail.com,Data Analyst,Marrakech,Junior,,18
2699,Rachid Chafik,rachid.chafik2699@mail.com,Sales Executive,Agadir,Senior,,20
2549,Rachid Chafik,rachid.chafik2549@mail.com,Data Analyst,Rabat,Senior,,24
4941,Rachid Chafik,rachid.chafik4941@mail.com,Marketing Specialist,Tanger,Senior,,14
4024,Rachid Chafik,rachid.chafik4024@mail.com,Project Manager,Fes,Senior,,22
2114,Rachid Chafik,rachid.chafik2114@mail.com,Software Engineer,Rabat,Mid,,14
4838,Rachid Chafik,rachid.chafik4838@mail.com,Accountant,Rabat,Senior,,18
3938,Rachid Chafik,rachid.chafik3938@mail.com,Network Technician,Rabat,Senior,,20
940,Rachid Chafik,rachid.chafik940@mail.com,HR Officer,Agadir,Senior,,22
952,Rachid Chafik,rachid.chafik952@mail.com,Data Analyst,Casablanca,Senior,,20
1989,Rachid Chafik,rachid.chafik1989@mail.com,Customer Support Agent,Tanger,Senior,,18
4765,Rachid Chafik,rachid.chafik4765@mail.com,Sales Executive,Agadir,Senior,,20
2412,Rachid Chafik,rachid.chafik2412@mail.com,Junior trainee,Fes,Junior,,18
1490,Rachid Chafik,rachid.chafik1490@mail.com,Marketing Specialist,Tanger,Mid,,22
3760,Rachid Chafik,rachid.chafik3760@mail.com,Project Manager,Fes,Mid,,18
2904,Rachid Chafik,rachid.chafik2904@mail.com,Data Analyst,Agadir,Senior,,22
2287,Rachid Chafik,rachid.chafik2287@mail.com,Project Manager,Casablanca,Senior,,22
2467,Rachid El Amrani,rachid.el2467@mail.com,Network Technician,Marrakech,Mid,,16
657,Rachid El Amrani,rachid.el657@mail.com,Data Analyst,Rabat,Senior,,20
1664,Rachid El Amrani,rachid.el1664@mail.com,Junior trainee,Fes,Junior,,16
4367,Rachid El Amrani,rachid.el4367@mail.com,Marketing Specialist,Agadir,Senior,,20
254,Rachid El Amrani,rachid.el254@mail.com,Customer Support Agent,Casablanca,Senior,,24
1788,Rachid El Amrani,rachid.el1788@mail.com,Customer Support Agent,Casablanca,Mid,,14
987,Rachid El Amrani,rachid.el987@mail.com,Sales Executive,Marrakech,Senior,,18
1209,Rachid El Amrani,rachid.el1209@mail.com,Marketing Specialist,Casablanca,Mid,,20
3813,Rachid El Amrani,rachid.el3813@mail.com,HR Officer,Casablanca,Senior,,16
1934,Rachid El Amrani,rachid.el1934@mail.com,Project Manager,Marrakech,Senior,,24
438,Rachid El Amrani,rachid.el438@mail.com,Data Analyst,Tanger,Senior,,20
2218,Rachid El Amrani,rachid.el2218@mail.com,Marketing Specialist,Casablanca,Senior,,16
1296,Rachid El Amrani,rachid.el1296@mail.com,Data Analyst,Fes,Senior,,20
1271,Rachid El Amrani,rachid.el1271@mail.com,Accountant,Marrakech,Mid,,22
4172,Rachid El Amrani,rachid.el4172@mail.com,Customer Support Agent,Casablanca,Junior,,20
2719,Rachid El Amrani,rachid.el2719@mail.com,Sales Executive,Rabat,Senior,,16
3503,Rachid El Amrani,rachid.el3503@mail.com,Software Engineer,Marrakech,Senior,,18
4509,Rachid El Amrani,rachid.el4509@mail.com,Accountant,Fes,Senior,,18
2915,Rachid El Amrani,rachid.el2915@mail.com,Network Technician,Rabat,Mid,,18
635,Rachid El Amrani,rachid.el635@mail.com,Marketing Specialist,Agadir,Mid,,18
2038,Rachid El Amrani,rachid.el2038@mail.com,Software Engineer,Marrakech,Senior,,14
1154,Rachid El Amrani,rachid.el1154@mail.com,Software Engineer,Fes,Senior,,16
147,Rachid El Amrani,rachid.el147@mail.com,Network Technician,Rabat,Senior,,18
4257,Rachid El Amrani,rachid.el4257@mail.com,Network Technician,Agadir,Mid,,22
3402,Rachid El Amrani,rachid.el3402@mail.com,Project Manager,Fes,Senior,,18
723,Rachid El Amrani,rachid.el723@mail.com,Data Analyst,Casablanca,Senior,,20
1912,Rachid El Amrani,rachid.el1912@mail.com,Network Technician,Agadir,Senior,,22
670,Rachid El Idrissi,rachid.el670@mail.com,Data Analyst,Agadir,Mid,,18
3185,Rachid El Idrissi,rachid.el3185@mail.com,Project Manager,Marrakech,Senior,,16
1792,Rachid El Idrissi,rachid.el1792@mail.com,Accountant,Fes,Mid,,24
1769,Rachid El Idrissi,rachid.el1769@mail.com,Network Technician,Tanger,Mid,,22
3268,Rachid El Idrissi,rachid.el3268@mail.com,Junior trainee,Tanger,Junior,,20
248,Rachid El Idrissi,rachid.el248@mail.com,Junior trainee,Marrakech,Junior,,20
175,Rachid El Idrissi,rachid.el175@mail.com,Accountant,Marrakech,Junior,,20
4672,Rachid El Idrissi,rachid.el4672@mail.com,Marketing Specialist,Casablanca,Senior,,16
2645,Rachid El Idrissi,rachid.el2645@mail.com,Accountant,Fes,Mid,,22
4954,Rachid El Idrissi,rachid.el4954@mail.com,Software Engineer,Rabat,Senior,,16
4582,Rachid El Idrissi,rachid.el4582@mail.com,Software Engineer,Fes,Senior,,18
3811,Rachid El Idrissi,rachid.el3811@mail.com,Marketing Specialist,Tanger,Mid,,20
554,Rachid El Idrissi,rachid.el554@mail.com,Network Technician,Agadir,Mid,,24
3078,Rachid El Idrissi,rachid.el3078@mail.com,Project Manager,Marrakech,Senior,,14
1280,Rachid El Idrissi,rachid.el1280@mail.com,Junior trainee,Agadir,Junior,,22
344,Rachid El Idrissi,rachid.el344@mail.com,Accountant,Casablanca,Senior,,20
1037,Rachid El Idrissi,rachid.el1037@mail.com,Project Manager,Fes,Senior,,16
736,Rachid El Idrissi,rachid.el736@mail.com,Network Technician,Rabat,Senior,,16
943,Rachid El Idrissi,rachid.el943@mail.com,Project Manager,Agadir,Senior,,22
2069,Rachid El Idrissi,rachid.el2069@mail.com,Sales Executive,Marrakech,Senior,,24
2071,Rachid El Idrissi,rachid.el2071@mail.com,Network Technician,Agadir,Senior,,16
4289,Rachid El Idrissi,rachid.el4289@mail.com,Junior trainee,Tanger,Junior,,20
4297,Rachid El Idrissi,rachid.el4297@mail.com,Network Technician,Casablanca,Senior,,20
4543,Rachid El Idrissi,rachid.el4543@mail.com,Data Analyst,Agadir,Mid,,16
4406,Rachid El Idrissi,rachid.el4406@mail.com,Data Analyst,Agadir,Senior,,16
1147,Rachid El Idrissi,rachid.el1147@mail.com,Data Analyst,Marrakech,Senior,,22
1179,Rachid El Idrissi,rachid.el1179@mail.com,Software Engineer,Casablanca,Mid,,20
4467,Rachid El Idrissi,rachid.el4467@mail.com,HR Officer,Fes,Mid,,20
3040,Rachid El Idrissi,rachid.el3040@mail.com,Accountant,Agadir,Senior,,20
3694,Rachid El Idrissi,rachid.el3694@mail.com,Data Analyst,Casablanca,Senior,,24
316,Rachid El Idrissi,rachid.el316@mail.com,Software Engineer,Casablanca,Senior,,20
3524,Rachid Fassi,rachid.fassi3524@mail.com,Network Technician,Tanger,Senior,,14
57,Rachid Fassi,rachid.fassi57@mail.com,Software Engineer,Marrakech,Senior,,16
63,Rachid Fassi,rachid.fassi63@mail.com,HR Officer,Fes,Senior,,18
982,Rachid Fassi,rachid.fassi982@mail.com,Network Technician,Casablanca,Mid,,20
4100,Rachid Fassi,rachid.fassi4100@mail.com,Junior trainee,Agadir,Junior,,24
3216,Rachid Fassi,rachid.fassi3216@mail.com,Network Technician,Casablanca,Junior,,18
3255,Rachid Fassi,rachid.fassi3255@mail.com,HR Officer,Agadir,Mid,,22
676,Rachid Fassi,rachid.fassi676@mail.com,HR Officer,Tanger,Mid,,20
1895,Rachid Fassi,rachid.fassi1895@mail.com,Customer Support Agent,Marrakech,Senior,,16
1903,Rachid Fassi,rachid.fassi1903@mail.com,Marketing Specialist,Agadir,Senior,,16
381,Rachid Fassi,rachid.fassi381@mail.com,Marketing Specialist,Rabat,Senior,,18
1932,Rachid Fassi,rachid.fassi1932@mail.com,Junior trainee,Casablanca,Junior,,14
1963,Rachid Fassi,rachid.fassi1963@mail.com,Network Technician,Rabat,Junior,,18
2871,Rachid Fassi,rachid.fassi2871@mail.com,Sales Executive,Agadir,Mid,,18
2537,Rachid Fassi,rachid.fassi2537@mail.com,Project Manager,Marrakech,Senior,,16
563,Rachid Fassi,rachid.fassi563@mail.com,Customer Support Agent,Agadir,Senior,,16
2211,Rachid Fassi,rachid.fassi2211@mail.com,Customer Support Agent,Casablanca,Senior,,24
4556,Rachid Fassi,rachid.fassi4556@mail.com,Project Manager,Agadir,Senior,,20
593,Rachid Fassi,rachid.fassi593@mail.com,Software Engineer,Fes,Senior,,24
600,Rachid Fassi,rachid.fassi600@mail.com,Project Manager,Marrakech,Senior,,20
516,Rachid Fassi,rachid.fassi516@mail.com,Data Analyst,Agadir,Junior,,22
2309,Rachid Fassi,rachid.fassi2309@mail.com,Marketing Specialist,Casablanca,Senior,,16
2903,Rachid Fassi,rachid.fassi2903@mail.com,Junior trainee,Marrakech,Junior,,20
2924,Rachid Fassi,rachid.fassi2924@mail.com,Software Engineer,Marrakech,Mid,,20
1583,Rachid Fassi,rachid.fassi1583@mail.com,Marketing Specialist,Tanger,Senior,,16
2386,Rachid Fassi,rachid.fassi2386@mail.com,HR Officer,Agadir,Senior,,16
4455,Rachid Fassi,rachid.fassi4455@mail.com,Junior trainee,Rabat,Junior,,20
3978,Rachid Fassi,rachid.fassi3978@mail.com,Accountant,Marrakech,Senior,,18
1182,Rachid Fassi,rachid.fassi1182@mail.com,Sales Executive,Marrakech,Senior,,18
265,Rachid Raji,rachid.raji265@mail.com,Software Engineer,Agadir,Mid,,18
4076,Rachid Raji,rachid.raji4076@mail.com,Customer Support Agent,Fes,Senior,,22
293,Rachid Raji,rachid.raji293@mail.com,Project Manager,Rabat,Senior,,16
2578,Rachid Raji,rachid.raji2578@mail.com,Marketing Specialist,Fes,Senior,,20
1678,Rachid Raji,rachid.raji1678@mail.com,Sales Executive,Fes,Senior,,20
831,Rachid Raji,rachid.raji831@mail.com,Junior trainee,Rabat,Junior,,18
1751,Rachid Raji,rachid.raji1751@mail.com,Software Engineer,Marrakech,Junior,,20
557,Rachid Raji,rachid.raji557@mail.com,Accountant,Marrakech,Senior,,20
200,Rachid Raji,rachid.raji200@mail.com,Marketing Specialist,Agadir,Senior,,22
2635,Rachid Raji,rachid.raji2635@mail.com,Software Engineer,Marrakech,Mid,,24
2660,Rachid Raji,rachid.raji2660@mail.com,Junior trainee,Fes,Junior,,18
751,Rachid Raji,rachid.raji751@mail.com,Software Engineer,Agadir,Senior,,22
788,Rachid Raji,rachid.raji788@mail.com,Marketing Specialist,Casablanca,Senior,,18
3086,Rachid Raji,rachid.raji3086@mail.com,Accountant,Rabat,Senior,,20
2836,Rachid Raji,rachid.raji2836@mail.com,HR Officer,Fes,Senior,,24
3974,Rachid Raji,rachid.raji3974@mail.com,Software Engineer,Agadir,Mid,,24
3679,Rachid Raji,rachid.raji3679@mail.com,Junior trainee,Agadir,Junior,,18
3442,Rachid Raji,rachid.raji3442@mail.com,Software Engineer,Casablanca,Senior,,22
701,Rachid Raji,rachid.raji701@mail.com,Customer Support Agent,Marrakech,Junior,,24
3398,Rachid Raji,rachid.raji3398@mail.com,Marketing Specialist,Tanger,Senior,,20
2771,Rachid Raji,rachid.raji2771@mail.com,Customer Support Agent,Casablanca,Mid,,16
4506,Rachid Raji,rachid.raji4506@mail.com,Project Manager,Rabat,Mid,,16
4247,Rachid Raji,rachid.raji4247@mail.com,Network Technician,Fes,Mid,,14
1603,Rachid Raji,rachid.raji1603@mail.com,Sales Executive,Tanger,Senior,,20
135,Rachid Raji,rachid.raji135@mail.com,Project Manager,Agadir,Senior,,20
4388,Rachid Raji,rachid.raji4388@mail.com,Marketing Specialist,Fes,Senior,,20
867,Rachid Tahiri,rachid.tahiri867@mail.com,Project Manager,Fes,Senior,,22
3541,Rachid Tahiri,rachid.tahiri3541@mail.com,Marketing Specialist,Marrakech,Senior,,20
3583,Rachid Tahiri,rachid.tahiri3583@mail.com,Customer Support Agent,Rabat,Senior,,20
3868,Rachid Tahiri,rachid.tahiri3868@mail.com,Accountant,Marrakech,Senior,,16
83,Rachid Tahiri,rachid.tahiri83@mail.com,Sales Executive,Fes,Senior,,22
298,Rachid Tahiri,rachid.tahiri298@mail.com,Marketing Specialist,Fes,Mid,,22
3174,Rachid Tahiri,rachid.tahiri3174@mail.com,Network Technician,Marrakech,Senior,,22
3121,Rachid Tahiri,rachid.tahiri3121@mail.com,Sales Executive,Fes,Senior,,18
1790,Rachid Tahiri,rachid.tahiri1790@mail.com,HR Officer,Rabat,Mid,,20
4369,Rachid Tahiri,rachid.tahiri4369@mail.com,Accountant,Tanger,Mid,,20
758,Rachid Tahiri,rachid.tahiri758@mail.com,Data Analyst,Casablanca,Senior,,18
574,Rachid Tahiri,rachid.tahiri574@mail.com,Accountant,Rabat,Senior,,20
1729,Rachid Tahiri,rachid.tahiri1729@mail.com,Data Analyst,Agadir,Senior,,24
1533,Rachid Tahiri,rachid.tahiri1533@mail.com,Data Analyst,Tanger,Senior,,18
4957,Rachid Tahiri,rachid.tahiri4957@mail.com,Junior trainee,Rabat,Junior,,22
4219,Rachid Tahiri,rachid.tahiri4219@mail.com,Accountant,Rabat,Mid,,20
4654,Rachid Tahiri,rachid.tahiri4654@mail.com,Customer Support Agent,Agadir,Senior,,22
1336,Rachid Tahiri,rachid.tahiri1336@mail.com,HR Officer,Marrakech,Senior,,20
2312,Rachid Tahiri,rachid.tahiri2312@mail.com,Customer Support Agent,Fes,Senior,,20
1363,Rachid Tahiri,rachid.tahiri1363@mail.com,Project Manager,Rabat,Senior,,16
2115,Rachid Tahiri,rachid.tahiri2115@mail.com,Software Engineer,Tanger,Senior,,22
4293,Rachid Tahiri,rachid.tahiri4293@mail.com,Marketing Specialist,Rabat,Senior,,18
4840,Rachid Tahiri,rachid.tahiri4840@mail.com,Customer Support Agent,Marrakech,Senior,,20
3983,Rachid Tahiri,rachid.tahiri3983@mail.com,Network Technician,Agadir,Senior,,20
3592,Rachid Tahiri,rachid.tahiri3592@mail.com,Project Manager,Fes,Senior,,18
4491,Rachid Tahiri,rachid.tahiri4491@mail.com,Network Technician,Marrakech,Senior,,20
2909,Rachid Tahiri,rachid.tahiri2909@mail.com,Accountant,Rabat,Senior,,22
2939,Rachid Tahiri,rachid.tahiri2939@mail.com,Customer Support Agent,Fes,Senior,,20
3400,Rachid Tahiri,rachid.tahiri3400@mail.com,HR Officer,Rabat,Senior,,16
3129,Rachid Zerouali,rachid.zerouali3129@mail.com,Sales Executive,Fes,Senior,,20
3099,Rachid Zerouali,rachid.zerouali3099@mail.com,Marketing Specialist,Fes,Senior,,22
4061,Rachid Zerouali,rachid.zerouali4061@mail.com,Project Manager,Agadir,Senior,,24
4066,Rachid Zerouali,rachid.zerouali4066@mail.com,Junior trainee,Tanger,Junior,,20
2175,Rachid Zerouali,rachid.zerouali2175@mail.com,Accountant,Agadir,Mid,,14
2962,Rachid Zerouali,rachid.zerouali2962@mail.com,Sales Executive,Agadir,Senior,,24
3578,Rachid Zerouali,rachid.zerouali3578@mail.com,Project Manager,Marrakech,Junior,,16
1215,Rachid Zerouali,rachid.zerouali1215@mail.com,Sales Executive,Marrakech,Senior,,20
430,Rachid Zerouali,rachid.zerouali430@mail.com,Accountant,Agadir,Senior,,20
435,Rachid Zerouali,rachid.zerouali435@mail.com,Data Analyst,Marrakech,Senior,,18
1817,Rachid Zerouali,rachid.zerouali1817@mail.com,Data Analyst,Casablanca,Senior,,20
4134,Rachid Zerouali,rachid.zerouali4134@mail.com,Software Engineer,Fes,Senior,,18
4999,Rachid Zerouali,rachid.zerouali4999@mail.com,Marketing Specialist,Agadir,Mid,,20
374,Rachid Zerouali,rachid.zerouali374@mail.com,Project Manager,Fes,Mid,,16
409,Rachid Zerouali,rachid.zerouali409@mail.com,Junior trainee,Tanger,Junior,,14
3931,Rachid Zerouali,rachid.zerouali3931@mail.com,Junior trainee,Rabat,Junior,,14
2111,Rachid Zerouali,rachid.zerouali2111@mail.com,Network Technician,Tanger,Mid,,16
4457,Rachid Zerouali,rachid.zerouali4457@mail.com,Customer Support Agent,Marrakech,Senior,,20
3441,Rachid Zerouali,rachid.zerouali3441@mail.com,Accountant,Agadir,Senior,,18
3034,Rachid Zerouali,rachid.zerouali3034@mail.com,HR Officer,Casablanca,Senior,,16
3042,Rachid Zerouali,rachid.zerouali3042@mail.com,Software Engineer,Marrakech,Senior,,22
1471,Rachid Zerouali,rachid.zerouali1471@mail.com,Accountant,Rabat,Senior,,16
748,Rachid Zerouali,rachid.zerouali748@mail.com,Accountant,Casablanca,Senior,,18
2746,Rachid Zerouali,rachid.zerouali2746@mail.com,Project Manager,Marrakech,Senior,,20
eda8dead-38df-4883-a2d8-bb3250a42cbd,Rajendra-PMP-CSM,,,,,,32
593a8da2-d88c-4944-93e4-d34477b0cd28,Rajesh k,,,,,,18
b516fca3-f295-4f89-81b2-59b20e56beec,Ramachandra EDA,,,,,,43
f3499645-fab5-44e5-99ec-daa4be5cd5a0,Ramteja Motupalli,,,,,,32
26346c9c-5031-4578-871f-cb7ea9e7d6ef,Randy Adams,,,,,,33
377fb1ca-f93e-4d91-b770-3880a6c07fcb,Ranjan Project Manager-Scrum Master,,,,,,30
6ed94e78-b1db-44d1-ab8d-ccfeb69b3911,Rao Java,,,,,,34
371126ff-ca7c-440a-8996-f37361d53308,Rashmitha R,,,,,,33
853e2dab-ce71-4da4-94ab-6c13ccaf445a,Ravi Pattar- Sr. Agile Program manager,,,,,,39
2e77fb08-695a-4e49-903b-347de0e0c966,Ravi Reddy,,,,,,39
59c4ed7b-18e7-4c6f-8a64-4970a24dfab6,RaviBurra Certified PM DevOps,,,,,,55
1b9f2413-af03-494d-8acc-e15256f192ba,RaviRaju Resume,,,,,,42
87903cfb-cd57-4da1-ab29-5ace0d4542ed,Reddemma Lankipalle,,,,,,31
338b76b0-34d9-4aa8-b7e6-125e871761ac,Resume - Kishore Kotapati - 218E - BA,,,,,,36
48f7d9b3-3faa-4216-bf83-d40ccd616e50,Resume - PM Agile-Scrum,,,,,,24
9a95f1c2-41cd-41ae-9ace-70a62d691fe8,Resume - Sr PM,,,,,,24
883a2a1c-731a-4eb8-9f77-b1f6914f0d84,Resume Spoorti Pandit BSA,,,,,,14
11868e76-769c-48b4-a873-65ddcf32e6e6,Resume2018March,,,,,,18
4fc5b521-2cff-48fd-8861-da1bb1aa9d45,Robinson,,,,,,36
a8e5192c-7e54-4b3c-9bc4-0bd5363345cd,Rohanu Resume,,,,,,31
70a34001-bb7a-439f-aa88-ade205564ef2,SAURABH PM,,,,,,0
f8fc29c1-7647-4f1c-ac46-bc51644ead0b,SUNITHA Project Manager (1),,,,,,47
c06f211a-87c4-4b66-94e4-773681c0c1f8,Sahas BA Resume,,,,,,53
1c1620c8-862a-4a1c-b457-325e68b1918c,Sahithi K,,,,,,33
9f9d126f-51df-45c4-9f78-94c78174c81f,Sai Krishna BA,,,,,,26
cc0c254c-134f-419b-af22-5fc5e3a6b6c6,Sai Srinivas Sr Java Developer,,,,,,40
d743cc8f-85ed-4a0c-9be7-6ae9f7c48b1d,Sai kumar,,,,,,39
3be5447f-b356-4d8b-b7d3-e214c77afc88,Saiteja G,,,,,,36
2748,Salma Ait Lahcen,salma.ait2748@mail.com,Accountant,Marrakech,Mid,,16
2758,Salma Ait Lahcen,salma.ait2758@mail.com,Marketing Specialist,Tanger,Mid,,20
244,Salma Ait Lahcen,salma.ait244@mail.com,Data Analyst,Casablanca,Senior,,18
1170,Salma Ait Lahcen,salma.ait1170@mail.com,Project Manager,Tanger,Senior,,18
3093,Salma Ait Lahcen,salma.ait3093@mail.com,HR Officer,Fes,Senior,,16
4019,Salma Ait Lahcen,salma.ait4019@mail.com,Network Technician,Tanger,Mid,,18
4048,Salma Ait Lahcen,salma.ait4048@mail.com,Sales Executive,Agadir,Mid,,16
270,Salma Ait Lahcen,salma.ait270@mail.com,Software Engineer,Agadir,Senior,,20
760,Salma Ait Lahcen,salma.ait760@mail.com,Sales Executive,Rabat,Senior,,20
814,Salma Ait Lahcen,salma.ait814@mail.com,Sales Executive,Casablanca,Senior,,22
1801,Salma Ait Lahcen,salma.ait1801@mail.com,Customer Support Agent,Casablanca,Senior,,18
1906,Salma Ait Lahcen,salma.ait1906@mail.com,Accountant,Rabat,Junior,,26
473,Salma Ait Lahcen,salma.ait473@mail.com,Sales Executive,Fes,Senior,,14
1513,Salma Ait Lahcen,salma.ait1513@mail.com,Software Engineer,Casablanca,Senior,,22
1738,Salma Ait Lahcen,salma.ait1738@mail.com,Sales Executive,Marrakech,Senior,,16
3640,Salma Ait Lahcen,salma.ait3640@mail.com,Customer Support Agent,Fes,Senior,,24
514,Salma Ait Lahcen,salma.ait514@mail.com,HR Officer,Agadir,Senior,,20
4298,Salma Ait Lahcen,salma.ait4298@mail.com,Data Analyst,Casablanca,Senior,,22
1486,Salma Ait Lahcen,salma.ait1486@mail.com,Project Manager,Casablanca,Senior,,20
3932,Salma Ait Lahcen,salma.ait3932@mail.com,Network Technician,Tanger,Senior,,18
3945,Salma Ait Lahcen,salma.ait3945@mail.com,Data Analyst,Agadir,Senior,,22
2369,Salma Ait Lahcen,salma.ait2369@mail.com,Data Analyst,Tanger,Junior,,22
3465,Salma Ait Lahcen,salma.ait3465@mail.com,Data Analyst,Tanger,Senior,,22
3471,Salma Ait Lahcen,salma.ait3471@mail.com,Sales Executive,Marrakech,Mid,,22
1519,Salma Benali,salma.benali1519@mail.com,Network Technician,Marrakech,Senior,,16
3378,Salma Benali,salma.benali3378@mail.com,HR Officer,Marrakech,Senior,,20
3408,Salma Benali,salma.benali3408@mail.com,Marketing Specialist,Fes,Senior,,22
3253,Salma Benali,salma.benali3253@mail.com,HR Officer,Tanger,Junior,,14
2248,Salma Benali,salma.benali2248@mail.com,Network Technician,Marrakech,Senior,,20
1169,Salma Benali,salma.benali1169@mail.com,Project Manager,Rabat,Senior,,20
3144,Salma Benali,salma.benali3144@mail.com,Software Engineer,Marrakech,Senior,,18
236,Salma Benali,salma.benali236@mail.com,Customer Support Agent,Rabat,Senior,,20
2761,Salma Benali,salma.benali2761@mail.com,Marketing Specialist,Tanger,Senior,,20
1647,Salma Benali,salma.benali1647@mail.com,Data Analyst,Agadir,Senior,,18
4153,Salma Benali,salma.benali4153@mail.com,Network Technician,Agadir,Senior,,18
4352,Salma Benali,salma.benali4352@mail.com,Sales Executive,Marrakech,Senior,,22
292,Salma Benali,salma.benali292@mail.com,Sales Executive,Tanger,Senior,,16
2532,Salma Benali,salma.benali2532@mail.com,Marketing Specialist,Rabat,Senior,,22
4890,Salma Benali,salma.benali4890@mail.com,Project Manager,Marrakech,Senior,,18
772,Salma Benali,salma.benali772@mail.com,Customer Support Agent,Agadir,Junior,,20
2883,Salma Benali,salma.benali2883@mail.com,HR Officer,Fes,Mid,,20
3846,Salma Benali,salma.benali3846@mail.com,Project Manager,Marrakech,Senior,,18
3687,Salma Benali,salma.benali3687@mail.com,Customer Support Agent,Marrakech,Senior,,18
4591,Salma Benali,salma.benali4591@mail.com,Customer Support Agent,Tanger,Mid,,24
123,Salma Benali,salma.benali123@mail.com,Sales Executive,Fes,Mid,,16
2926,Salma Benali,salma.benali2926@mail.com,Customer Support Agent,Tanger,Senior,,16
3953,Salma Benali,salma.benali3953@mail.com,Data Analyst,Rabat,Senior,,22
4480,Salma Benali,salma.benali4480@mail.com,HR Officer,Rabat,Senior,,20
3356,Salma Benali,salma.benali3356@mail.com,Project Manager,Casablanca,Mid,,22
1580,Salma Benali,salma.benali1580@mail.com,HR Officer,Tanger,Senior,,20
4327,Salma Benali,salma.benali4327@mail.com,Data Analyst,Marrakech,Senior,,22
2864,Salma Boulahfa,salma.boulahfa2864@mail.com,HR Officer,Casablanca,Senior,,18
1525,Salma Boulahfa,salma.boulahfa1525@mail.com,Data Analyst,Marrakech,Junior,,20
3510,Salma Boulahfa,salma.boulahfa3510@mail.com,Project Manager,Tanger,Senior,,22
323,Salma Boulahfa,salma.boulahfa323@mail.com,Network Technician,Rabat,Junior,,18
3377,Salma Boulahfa,salma.boulahfa3377@mail.com,Accountant,Tanger,Senior,,20
2200,Salma Boulahfa,salma.boulahfa2200@mail.com,Accountant,Agadir,Mid,,18
2774,Salma Boulahfa,salma.boulahfa2774@mail.com,Project Manager,Agadir,Junior,,18
4063,Salma Boulahfa,salma.boulahfa4063@mail.com,HR Officer,Agadir,Senior,,24
669,Salma Boulahfa,salma.boulahfa669@mail.com,Sales Executive,Agadir,Junior,,16
2734,Salma Boulahfa,salma.boulahfa2734@mail.com,Customer Support Agent,Tanger,Senior,,18
459,Salma Boulahfa,salma.boulahfa459@mail.com,Accountant,Casablanca,Senior,,20
1606,Salma Boulahfa,salma.boulahfa1606@mail.com,Marketing Specialist,Rabat,Senior,,16
1024,Salma Boulahfa,salma.boulahfa1024@mail.com,Network Technician,Rabat,Senior,,16
2384,Salma Boulahfa,salma.boulahfa2384@mail.com,HR Officer,Agadir,Senior,,14
2315,Salma Boulahfa,salma.boulahfa2315@mail.com,Customer Support Agent,Marrakech,Junior,,12
1732,Salma Boulahfa,salma.boulahfa1732@mail.com,Project Manager,Agadir,Senior,,20
1992,Salma Boulahfa,salma.boulahfa1992@mail.com,HR Officer,Marrakech,Senior,,24
2026,Salma Boulahfa,salma.boulahfa2026@mail.com,Marketing Specialist,Rabat,Mid,,14
3016,Salma Boulahfa,salma.boulahfa3016@mail.com,Network Technician,Agadir,Senior,,18
4526,Salma Boulahfa,salma.boulahfa4526@mail.com,Software Engineer,Casablanca,Senior,,20
4525,Salma Chafik,salma.chafik4525@mail.com,Sales Executive,Tanger,Senior,,16
4546,Salma Chafik,salma.chafik4546@mail.com,Software Engineer,Tanger,Senior,,18
2840,Salma Chafik,salma.chafik2840@mail.com,Sales Executive,Fes,Mid,,20
3124,Salma Chafik,salma.chafik3124@mail.com,Accountant,Fes,Senior,,24
1084,Salma Chafik,salma.chafik1084@mail.com,Project Manager,Tanger,Senior,,20
4613,Salma Chafik,salma.chafik4613@mail.com,Customer Support Agent,Marrakech,Senior,,16
2178,Salma Chafik,salma.chafik2178@mail.com,Software Engineer,Rabat,Junior,,22
4310,Salma Chafik,salma.chafik4310@mail.com,Software Engineer,Marrakech,Mid,,20
2476,Salma Chafik,salma.chafik2476@mail.com,Customer Support Agent,Tanger,Senior,,20
3279,Salma Chafik,salma.chafik3279@mail.com,Project Manager,Casablanca,Senior,,18
3194,Salma Chafik,salma.chafik3194@mail.com,HR Officer,Marrakech,Mid,,14
656,Salma Chafik,salma.chafik656@mail.com,Software Engineer,Marrakech,Senior,,16
4050,Salma Chafik,salma.chafik4050@mail.com,Software Engineer,Tanger,Mid,,22
2439,Salma Chafik,salma.chafik2439@mail.com,Sales Executive,Rabat,Senior,,18
3555,Salma Chafik,salma.chafik3555@mail.com,Software Engineer,Casablanca,Mid,,20
3557,Salma Chafik,salma.chafik3557@mail.com,Software Engineer,Agadir,Senior,,20
1846,Salma Chafik,salma.chafik1846@mail.com,Accountant,Marrakech,Senior,,24
2538,Salma Chafik,salma.chafik2538@mail.com,Network Technician,Agadir,Senior,,20
827,Salma Chafik,salma.chafik827@mail.com,Network Technician,Agadir,Mid,,18
3821,Salma Chafik,salma.chafik3821@mail.com,Accountant,Tanger,Senior,,22
3830,Salma Chafik,salma.chafik3830@mail.com,Customer Support Agent,Rabat,Senior,,22
4830,Salma Chafik,salma.chafik4830@mail.com,Project Manager,Tanger,Senior,,16
4580,Salma Chafik,salma.chafik4580@mail.com,Software Engineer,Rabat,Mid,,16
1059,Salma Chafik,salma.chafik1059@mail.com,Software Engineer,Tanger,Senior,,22
735,Salma Chafik,salma.chafik735@mail.com,Customer Support Agent,Rabat,Senior,,20
1986,Salma Chafik,salma.chafik1986@mail.com,Accountant,Tanger,Mid,,14
513,Salma Chafik,salma.chafik513@mail.com,HR Officer,Tanger,Senior,,20
3588,Salma Chafik,salma.chafik3588@mail.com,Network Technician,Rabat,Senior,,16
3627,Salma Chafik,salma.chafik3627@mail.com,HR Officer,Fes,Senior,,22
2156,Salma El Amrani,salma.el2156@mail.com,Accountant,Fes,Senior,,14
2879,Salma El Amrani,salma.el2879@mail.com,HR Officer,Casablanca,Junior,,14
4320,Salma El Amrani,salma.el4320@mail.com,Marketing Specialist,Rabat,Junior,,18
4409,Salma El Amrani,salma.el4409@mail.com,Accountant,Fes,Senior,,16
4103,Salma El Amrani,salma.el4103@mail.com,Sales Executive,Marrakech,Senior,,24
3228,Salma El Amrani,salma.el3228@mail.com,Network Technician,Marrakech,Senior,,22
3258,Salma El Amrani,salma.el3258@mail.com,Network Technician,Casablanca,Mid,,16
15,Salma El Amrani,salma.el15@mail.com,Customer Support Agent,Agadir,Mid,,16
643,Salma El Amrani,salma.el643@mail.com,Network Technician,Rabat,Junior,,22
691,Salma El Amrani,salma.el691@mail.com,Project Manager,Casablanca,Senior,,20
755,Salma El Amrani,salma.el755@mail.com,Customer Support Agent,Fes,Senior,,18
1191,Salma El Amrani,salma.el1191@mail.com,Accountant,Fes,Mid,,18
3191,Salma El Amrani,salma.el3191@mail.com,Software Engineer,Agadir,Mid,,22
4703,Salma El Amrani,salma.el4703@mail.com,Accountant,Fes,Senior,,18
1275,Salma El Amrani,salma.el1275@mail.com,Project Manager,Fes,Junior,,14
581,Salma El Amrani,salma.el581@mail.com,Project Manager,Fes,Senior,,18
4964,Salma El Amrani,salma.el4964@mail.com,Data Analyst,Casablanca,Senior,,18
4368,Salma El Amrani,salma.el4368@mail.com,Project Manager,Marrakech,Senior,,18
209,Salma El Amrani,salma.el209@mail.com,Sales Executive,Rabat,Senior,,18
1952,Salma El Amrani,salma.el1952@mail.com,Marketing Specialist,Casablanca,Senior,,20
1568,Salma El Amrani,salma.el1568@mail.com,Software Engineer,Agadir,Senior,,16
3000,Salma El Amrani,salma.el3000@mail.com,Customer Support Agent,Rabat,Senior,,22
4831,Salma El Amrani,salma.el4831@mail.com,Customer Support Agent,Tanger,Mid,,22
2078,Salma El Amrani,salma.el2078@mail.com,Project Manager,Casablanca,Senior,,16
2792,Salma El Amrani,salma.el2792@mail.com,Sales Executive,Casablanca,Senior,,18
2014,Salma El Amrani,salma.el2014@mail.com,Project Manager,Fes,Mid,,16
3770,Salma El Amrani,salma.el3770@mail.com,Network Technician,Tanger,Junior,,18
1721,Salma El Amrani,salma.el1721@mail.com,Data Analyst,Casablanca,Mid,,16
4244,Salma El Amrani,salma.el4244@mail.com,Sales Executive,Rabat,Senior,,22
327,Salma El Idrissi,salma.el327@mail.com,Sales Executive,Rabat,Senior,,22
4500,Salma El Idrissi,salma.el4500@mail.com,Marketing Specialist,Fes,Junior,,16
3462,Salma El Idrissi,salma.el3462@mail.com,HR Officer,Rabat,Mid,,18
3467,Salma El Idrissi,salma.el3467@mail.com,Project Manager,Agadir,Junior,,22
2576,Salma El Idrissi,salma.el2576@mail.com,Marketing Specialist,Tanger,Mid,,18
901,Salma El Idrissi,salma.el901@mail.com,Project Manager,Casablanca,Mid,,16
3251,Salma El Idrissi,salma.el3251@mail.com,Project Manager,Tanger,Senior,,14
3263,Salma El Idrissi,salma.el3263@mail.com,Customer Support Agent,Tanger,Senior,,16
3316,Salma El Idrissi,salma.el3316@mail.com,Customer Support Agent,Agadir,Mid,,18
10,Salma El Idrissi,salma.el10@mail.com,HR Officer,Tanger,Mid,,20
4972,Salma El Idrissi,salma.el4972@mail.com,HR Officer,Fes,Mid,,16
4882,Salma El Idrissi,salma.el4882@mail.com,Data Analyst,Marrakech,Mid,,20
583,Salma El Idrissi,salma.el583@mail.com,HR Officer,Marrakech,Senior,,20
4701,Salma El Idrissi,salma.el4701@mail.com,Customer Support Agent,Agadir,Senior,,20
2444,Salma El Idrissi,salma.el2444@mail.com,Data Analyst,Agadir,Mid,,20
1243,Salma El Idrissi,salma.el1243@mail.com,Software Engineer,Agadir,Senior,,18
1266,Salma El Idrissi,salma.el1266@mail.com,Project Manager,Rabat,Mid,,24
4855,Salma El Idrissi,salma.el4855@mail.com,Data Analyst,Rabat,Junior,,18
804,Salma El Idrissi,salma.el804@mail.com,Sales Executive,Fes,Senior,,22
1941,Salma El Idrissi,salma.el1941@mail.com,HR Officer,Agadir,Senior,,18
3683,Salma El Idrissi,salma.el3683@mail.com,Project Manager,Casablanca,Senior,,18
3751,Salma El Idrissi,salma.el3751@mail.com,Customer Support Agent,Marrakech,Junior,,18
3368,Salma El Idrissi,salma.el3368@mail.com,Project Manager,Casablanca,Senior,,18
2143,Salma El Idrissi,salma.el2143@mail.com,Network Technician,Tanger,Senior,,24
1462,Salma El Idrissi,salma.el1462@mail.com,Data Analyst,Fes,Senior,,18
3982,Salma El Idrissi,salma.el3982@mail.com,Data Analyst,Marrakech,Junior,,24
2707,Salma Fassi,salma.fassi2707@mail.com,Sales Executive,Marrakech,Senior,,22
2534,Salma Fassi,salma.fassi2534@mail.com,Network Technician,Casablanca,Senior,,16
4548,Salma Fassi,salma.fassi4548@mail.com,Software Engineer,Casablanca,Mid,,22
2157,Salma Fassi,salma.fassi2157@mail.com,Customer Support Agent,Agadir,Senior,,20
2163,Salma Fassi,salma.fassi2163@mail.com,Project Manager,Rabat,Senior,,18
3905,Salma Fassi,salma.fassi3905@mail.com,Software Engineer,Fes,Senior,,16
873,Salma Fassi,salma.fassi873@mail.com,Sales Executive,Marrakech,Mid,,16
905,Salma Fassi,salma.fassi905@mail.com,Sales Executive,Marrakech,Senior,,18
2204,Salma Fassi,salma.fassi2204@mail.com,Accountant,Marrakech,Senior,,20
773,Salma Fassi,salma.fassi773@mail.com,Network Technician,Agadir,Junior,,22
266,Salma Fassi,salma.fassi266@mail.com,Marketing Specialist,Rabat,Senior,,24
3178,Salma Fassi,salma.fassi3178@mail.com,Junior trainee,Tanger,Junior,,20
1924,Salma Fassi,salma.fassi1924@mail.com,HR Officer,Marrakech,Mid,,16
4885,Salma Fassi,salma.fassi4885@mail.com,Customer Support Agent,Tanger,Senior,,18
313,Salma Fassi,salma.fassi313@mail.com,HR Officer,Casablanca,Senior,,20
467,Salma Fassi,salma.fassi467@mail.com,Customer Support Agent,Rabat,Mid,,24
3697,Salma Fassi,salma.fassi3697@mail.com,Accountant,Tanger,Senior,,22
1300,Salma Fassi,salma.fassi1300@mail.com,Customer Support Agent,Tanger,Junior,,20
406,Salma Fassi,salma.fassi406@mail.com,Junior trainee,Tanger,Junior,,18
3822,Salma Fassi,salma.fassi3822@mail.com,Junior trainee,Rabat,Junior,,22
2898,Salma Fassi,salma.fassi2898@mail.com,Customer Support Agent,Agadir,Senior,,14
2818,Salma Fassi,salma.fassi2818@mail.com,Accountant,Agadir,Senior,,18
697,Salma Fassi,salma.fassi697@mail.com,Customer Support Agent,Marrakech,Senior,,20
4487,Salma Fassi,salma.fassi4487@mail.com,Data Analyst,Agadir,Senior,,24
3762,Salma Fassi,salma.fassi3762@mail.com,Data Analyst,Marrakech,Senior,,16
2034,Salma Fassi,salma.fassi2034@mail.com,Network Technician,Marrakech,Senior,,14
2035,Salma Raji,salma.raji2035@mail.com,Marketing Specialist,Marrakech,Junior,,22
3461,Salma Raji,salma.raji3461@mail.com,Customer Support Agent,Casablanca,Senior,,16
3074,Salma Raji,salma.raji3074@mail.com,Sales Executive,Rabat,Senior,,16
1119,Salma Raji,salma.raji1119@mail.com,Marketing Specialist,Marrakech,Senior,,16
2543,Salma Raji,salma.raji2543@mail.com,Customer Support Agent,Casablanca,Junior,,20
4398,Salma Raji,salma.raji4398@mail.com,Data Analyst,Agadir,Mid,,24
1508,Salma Raji,salma.raji1508@mail.com,HR Officer,Fes,Senior,,22
4662,Salma Raji,salma.raji4662@mail.com,Marketing Specialist,Agadir,Mid,,16
4356,Salma Raji,salma.raji4356@mail.com,Network Technician,Rabat,Mid,,24
1205,Salma Raji,salma.raji1205@mail.com,Software Engineer,Marrakech,Senior,,16
1840,Salma Raji,salma.raji1840@mail.com,Software Engineer,Fes,Senior,,20
1862,Salma Raji,salma.raji1862@mail.com,Accountant,Marrakech,Mid,,16
4213,Salma Raji,salma.raji4213@mail.com,Accountant,Rabat,Senior,,18
4224,Salma Raji,salma.raji4224@mail.com,Customer Support Agent,Fes,Senior,,22
3901,Salma Raji,salma.raji3901@mail.com,Junior trainee,Rabat,Junior,,16
2610,Salma Raji,salma.raji2610@mail.com,Customer Support Agent,Fes,Senior,,18
2772,Salma Raji,salma.raji2772@mail.com,Project Manager,Tanger,Senior,,14
2234,Salma Raji,salma.raji2234@mail.com,Network Technician,Agadir,Senior,,18
565,Salma Raji,salma.raji565@mail.com,Project Manager,Marrakech,Senior,,22
2648,Salma Raji,salma.raji2648@mail.com,Data Analyst,Agadir,Senior,,18
4154,Salma Raji,salma.raji4154@mail.com,Accountant,Marrakech,Senior,,20
33,Salma Raji,salma.raji33@mail.com,Junior trainee,Fes,Junior,,16
4935,Salma Raji,salma.raji4935@mail.com,Software Engineer,Marrakech,Senior,,14
3758,Salma Raji,salma.raji3758@mail.com,HR Officer,Casablanca,Senior,,20
485,Salma Raji,salma.raji485@mail.com,Project Manager,Tanger,Senior,,22
1484,Salma Raji,salma.raji1484@mail.com,Software Engineer,Marrakech,Mid,,22
4864,Salma Raji,salma.raji4864@mail.com,Project Manager,Tanger,Senior,,20
129,Salma Raji,salma.raji129@mail.com,Marketing Specialist,Tanger,Senior,,18
159,Salma Raji,salma.raji159@mail.com,Project Manager,Marrakech,Junior,,16
2913,Salma Raji,salma.raji2913@mail.com,Software Engineer,Fes,Senior,,16
4901,Salma Tahiri,salma.tahiri4901@mail.com,Data Analyst,Agadir,Junior,,22
4919,Salma Tahiri,salma.tahiri4919@mail.com,Project Manager,Rabat,Senior,,20
4642,Salma Tahiri,salma.tahiri4642@mail.com,HR Officer,Fes,Junior,,22
1702,Salma Tahiri,salma.tahiri1702@mail.com,Data Analyst,Tanger,Mid,,16
3622,Salma Tahiri,salma.tahiri3622@mail.com,Data Analyst,Fes,Senior,,16
1007,Salma Tahiri,salma.tahiri1007@mail.com,Sales Executive,Fes,Senior,,22
2858,Salma Tahiri,salma.tahiri2858@mail.com,Marketing Specialist,Rabat,Senior,,16
4657,Salma Tahiri,salma.tahiri4657@mail.com,Data Analyst,Agadir,Senior,,18
4664,Salma Tahiri,salma.tahiri4664@mail.com,Marketing Specialist,Agadir,Senior,,22
4700,Salma Tahiri,salma.tahiri4700@mail.com,HR Officer,Casablanca,Senior,,16
1894,Salma Tahiri,salma.tahiri1894@mail.com,Sales Executive,Rabat,Senior,,22
1549,Salma Tahiri,salma.tahiri1549@mail.com,Accountant,Rabat,Senior,,18
660,Salma Tahiri,salma.tahiri660@mail.com,Marketing Specialist,Agadir,Senior,,20
1637,Salma Tahiri,salma.tahiri1637@mail.com,Data Analyst,Agadir,Senior,,20
1783,Salma Tahiri,salma.tahiri1783@mail.com,HR Officer,Tanger,Senior,,20
281,Salma Tahiri,salma.tahiri281@mail.com,Accountant,Fes,Mid,,20
2044,Salma Tahiri,salma.tahiri2044@mail.com,Project Manager,Tanger,Senior,,18
805,Salma Tahiri,salma.tahiri805@mail.com,Junior trainee,Agadir,Junior,,22
3735,Salma Tahiri,salma.tahiri3735@mail.com,Accountant,Casablanca,Senior,,20
1241,Salma Tahiri,salma.tahiri1241@mail.com,Software Engineer,Rabat,Senior,,22
1582,Salma Tahiri,salma.tahiri1582@mail.com,HR Officer,Fes,Senior,,16
961,Salma Tahiri,salma.tahiri961@mail.com,HR Officer,Fes,Senior,,20
4833,Salma Tahiri,salma.tahiri4833@mail.com,Software Engineer,Tanger,Senior,,22
715,Salma Tahiri,salma.tahiri715@mail.com,Software Engineer,Rabat,Senior,,20
2816,Salma Tahiri,salma.tahiri2816@mail.com,Marketing Specialist,Marrakech,Junior,,24
2541,Salma Zerouali,salma.zerouali2541@mail.com,HR Officer,Fes,Senior,,16
2730,Salma Zerouali,salma.zerouali2730@mail.com,Customer Support Agent,Tanger,Senior,,20
3083,Salma Zerouali,salma.zerouali3083@mail.com,Marketing Specialist,Tanger,Senior,,22
56,Salma Zerouali,salma.zerouali56@mail.com,Network Technician,Marrakech,Senior,,20
4149,Salma Zerouali,salma.zerouali4149@mail.com,Project Manager,Marrakech,Senior,,18
2868,Salma Zerouali,salma.zerouali2868@mail.com,HR Officer,Agadir,Junior,,22
1841,Salma Zerouali,salma.zerouali1841@mail.com,Marketing Specialist,Fes,Senior,,20
2652,Salma Zerouali,salma.zerouali2652@mail.com,Sales Executive,Fes,Senior,,14
3223,Salma Zerouali,salma.zerouali3223@mail.com,Marketing Specialist,Casablanca,Mid,,20
2614,Salma Zerouali,salma.zerouali2614@mail.com,Network Technician,Tanger,Junior,,22
1890,Salma Zerouali,salma.zerouali1890@mail.com,Project Manager,Tanger,Senior,,20
1919,Salma Zerouali,salma.zerouali1919@mail.com,Network Technician,Marrakech,Senior,,16
263,Salma Zerouali,salma.zerouali263@mail.com,Software Engineer,Marrakech,Mid,,22
702,Salma Zerouali,salma.zerouali702@mail.com,Accountant,Rabat,Mid,,22
1239,Salma Zerouali,salma.zerouali1239@mail.com,Software Engineer,Fes,Senior,,18
1291,Salma Zerouali,salma.zerouali1291@mail.com,Data Analyst,Casablanca,Senior,,22
1307,Salma Zerouali,salma.zerouali1307@mail.com,Customer Support Agent,Rabat,Senior,,16
1310,Salma Zerouali,salma.zerouali1310@mail.com,Network Technician,Casablanca,Mid,,14
3748,Salma Zerouali,salma.zerouali3748@mail.com,Marketing Specialist,Casablanca,Senior,,20
595,Salma Zerouali,salma.zerouali595@mail.com,Software Engineer,Tanger,Senior,,18
2066,Salma Zerouali,salma.zerouali2066@mail.com,Marketing Specialist,Casablanca,Senior,,18
1048,Salma Zerouali,salma.zerouali1048@mail.com,Project Manager,Agadir,Senior,,16
916,Salma Zerouali,salma.zerouali916@mail.com,Network Technician,Tanger,Mid,,16
3833,Salma Zerouali,salma.zerouali3833@mail.com,Sales Executive,Tanger,Senior,,24
3322,Salma Zerouali,salma.zerouali3322@mail.com,Customer Support Agent,Casablanca,Mid,,20
422,Salma Zerouali,salma.zerouali422@mail.com,Software Engineer,Casablanca,Senior,,18
d98f19e9-b906-430d-8324-4f04a292d93a,Samir Naik-NJ - Feb 2018-V6.0,,,,,,40
31dee81c-fdad-4a2c-a5f4-365822b1f118,Samir Naik-NJ - Mar 2018-V3.0,,,,,,40
c139eb0e-841e-4a88-b2d4-9ec8a48ac207,Santosh Arugula BA,,,,,,27
1905,Sara Ait Lahcen,sara.ait1905@mail.com,Data Analyst,Rabat,Senior,,26
2715,Sara Ait Lahcen,sara.ait2715@mail.com,HR Officer,Marrakech,Senior,,22
2473,Sara Ait Lahcen,sara.ait2473@mail.com,Sales Executive,Rabat,Senior,,16
2305,Sara Ait Lahcen,sara.ait2305@mail.com,Accountant,Marrakech,Senior,,24
3108,Sara Ait Lahcen,sara.ait3108@mail.com,Customer Support Agent,Tanger,Senior,,20
4763,Sara Ait Lahcen,sara.ait4763@mail.com,Accountant,Fes,Mid,,22
1138,Sara Ait Lahcen,sara.ait1138@mail.com,HR Officer,Casablanca,Mid,,24
4067,Sara Ait Lahcen,sara.ait4067@mail.com,Data Analyst,Agadir,Senior,,20
2823,Sara Ait Lahcen,sara.ait2823@mail.com,Marketing Specialist,Rabat,Senior,,20
76,Sara Ait Lahcen,sara.ait76@mail.com,Project Manager,Tanger,Senior,,18
4660,Sara Ait Lahcen,sara.ait4660@mail.com,Network Technician,Casablanca,Senior,,20
4696,Sara Ait Lahcen,sara.ait4696@mail.com,Network Technician,Casablanca,Junior,,16
975,Sara Ait Lahcen,sara.ait975@mail.com,Junior trainee,Casablanca,Junior,,20
1405,Sara Ait Lahcen,sara.ait1405@mail.com,Software Engineer,Casablanca,Senior,,18
1408,Sara Ait Lahcen,sara.ait1408@mail.com,Network Technician,Rabat,Mid,,18
2158,Sara Ait Lahcen,sara.ait2158@mail.com,Marketing Specialist,Rabat,Senior,,22
2637,Sara Ait Lahcen,sara.ait2637@mail.com,HR Officer,Tanger,Mid,,22
1832,Sara Ait Lahcen,sara.ait1832@mail.com,Project Manager,Rabat,Senior,,16
4028,Sara Ait Lahcen,sara.ait4028@mail.com,Sales Executive,Fes,Mid,,22
4948,Sara Ait Lahcen,sara.ait4948@mail.com,Data Analyst,Agadir,Junior,,22
1375,Sara Ait Lahcen,sara.ait1375@mail.com,Customer Support Agent,Agadir,Senior,,20
1261,Sara Ait Lahcen,sara.ait1261@mail.com,Accountant,Casablanca,Senior,,18
1279,Sara Ait Lahcen,sara.ait1279@mail.com,HR Officer,Rabat,Senior,,22
310,Sara Ait Lahcen,sara.ait310@mail.com,Network Technician,Marrakech,Mid,,22
815,Sara Ait Lahcen,sara.ait815@mail.com,Project Manager,Fes,Mid,,20
2046,Sara Ait Lahcen,sara.ait2046@mail.com,Project Manager,Tanger,Mid,,18
2325,Sara Ait Lahcen,sara.ait2325@mail.com,Sales Executive,Fes,Senior,,18
2346,Sara Ait Lahcen,sara.ait2346@mail.com,HR Officer,Marrakech,Senior,,22
2316,Sara Benali,sara.benali2316@mail.com,Software Engineer,Rabat,Senior,,20
2321,Sara Benali,sara.benali2321@mail.com,Project Manager,Fes,Mid,,22
2491,Sara Benali,sara.benali2491@mail.com,Sales Executive,Agadir,Senior,,12
2502,Sara Benali,sara.benali2502@mail.com,Software Engineer,Agadir,Senior,,16
2464,Sara Benali,sara.benali2464@mail.com,Project Manager,Agadir,Senior,,20
41,Sara Benali,sara.benali41@mail.com,Data Analyst,Tanger,Junior,,16
164,Sara Benali,sara.benali164@mail.com,Accountant,Tanger,Junior,,18
1090,Sara Benali,sara.benali1090@mail.com,Marketing Specialist,Marrakech,Senior,,24
2638,Sara Benali,sara.benali2638@mail.com,Marketing Specialist,Rabat,Junior,,18
4697,Sara Benali,sara.benali4697@mail.com,Customer Support Agent,Agadir,Mid,,22
898,Sara Benali,sara.benali898@mail.com,Project Manager,Agadir,Senior,,18
100,Sara Benali,sara.benali100@mail.com,HR Officer,Tanger,Senior,,22
4383,Sara Benali,sara.benali4383@mail.com,Project Manager,Casablanca,Senior,,22
3862,Sara Benali,sara.benali3862@mail.com,Junior trainee,Rabat,Junior,,16
797,Sara Benali,sara.benali797@mail.com,Data Analyst,Agadir,Senior,,18
2387,Sara Benali,sara.benali2387@mail.com,Project Manager,Rabat,Senior,,16
431,Sara Benali,sara.benali431@mail.com,Marketing Specialist,Marrakech,Senior,,16
1364,Sara Benali,sara.benali1364@mail.com,Marketing Specialist,Marrakech,Senior,,16
821,Sara Benali,sara.benali821@mail.com,Customer Support Agent,Tanger,Mid,,16
12,Sara Boulahfa,sara.boulahfa12@mail.com,Accountant,Rabat,Junior,,16
2487,Sara Boulahfa,sara.boulahfa2487@mail.com,Data Analyst,Casablanca,Mid,,20
3623,Sara Boulahfa,sara.boulahfa3623@mail.com,HR Officer,Rabat,Senior,,16
4503,Sara Boulahfa,sara.boulahfa4503@mail.com,Network Technician,Fes,Senior,,22
3488,Sara Boulahfa,sara.boulahfa3488@mail.com,Data Analyst,Agadir,Mid,,18
3988,Sara Boulahfa,sara.boulahfa3988@mail.com,Junior trainee,Fes,Junior,,22
4281,Sara Boulahfa,sara.boulahfa4281@mail.com,Software Engineer,Rabat,Senior,,16
342,Sara Boulahfa,sara.boulahfa342@mail.com,Project Manager,Marrakech,Senior,,14
352,Sara Boulahfa,sara.boulahfa352@mail.com,Junior trainee,Casablanca,Junior,,12
2829,Sara Boulahfa,sara.boulahfa2829@mail.com,Junior trainee,Marrakech,Junior,,20
4214,Sara Boulahfa,sara.boulahfa4214@mail.com,Sales Executive,Rabat,Senior,,16
3069,Sara Boulahfa,sara.boulahfa3069@mail.com,HR Officer,Rabat,Senior,,22
2749,Sara Boulahfa,sara.boulahfa2749@mail.com,Network Technician,Rabat,Junior,,18
2856,Sara Boulahfa,sara.boulahfa2856@mail.com,HR Officer,Tanger,Senior,,16
882,Sara Boulahfa,sara.boulahfa882@mail.com,Junior trainee,Tanger,Junior,,22
984,Sara Boulahfa,sara.boulahfa984@mail.com,Network Technician,Agadir,Senior,,22
223,Sara Boulahfa,sara.boulahfa223@mail.com,Network Technician,Casablanca,Senior,,16
1777,Sara Boulahfa,sara.boulahfa1777@mail.com,Marketing Specialist,Rabat,Mid,,24
1250,Sara Boulahfa,sara.boulahfa1250@mail.com,Sales Executive,Fes,Mid,,18
1259,Sara Boulahfa,sara.boulahfa1259@mail.com,HR Officer,Agadir,Senior,,20
3692,Sara Boulahfa,sara.boulahfa3692@mail.com,HR Officer,Rabat,Senior,,14
4051,Sara Boulahfa,sara.boulahfa4051@mail.com,Project Manager,Casablanca,Senior,,18
454,Sara Boulahfa,sara.boulahfa454@mail.com,Customer Support Agent,Tanger,Senior,,18
1034,Sara Boulahfa,sara.boulahfa1034@mail.com,Project Manager,Rabat,Senior,,16
2056,Sara Boulahfa,sara.boulahfa2056@mail.com,Marketing Specialist,Marrakech,Senior,,14
1608,Sara Boulahfa,sara.boulahfa1608@mail.com,Software Engineer,Agadir,Junior,,14
1482,Sara Boulahfa,sara.boulahfa1482@mail.com,HR Officer,Marrakech,Junior,,20
872,Sara Chafik,sara.chafik872@mail.com,Accountant,Tanger,Mid,,22
1164,Sara Chafik,sara.chafik1164@mail.com,Software Engineer,Marrakech,Mid,,24
2896,Sara Chafik,sara.chafik2896@mail.com,Data Analyst,Tanger,Mid,,22
1848,Sara Chafik,sara.chafik1848@mail.com,Software Engineer,Fes,Senior,,20
2453,Sara Chafik,sara.chafik2453@mail.com,HR Officer,Marrakech,Mid,,22
2270,Sara Chafik,sara.chafik2270@mail.com,Data Analyst,Rabat,Senior,,18
1669,Sara Chafik,sara.chafik1669@mail.com,HR Officer,Casablanca,Senior,,18
4667,Sara Chafik,sara.chafik4667@mail.com,Accountant,Casablanca,Junior,,20
3407,Sara Chafik,sara.chafik3407@mail.com,HR Officer,Agadir,Junior,,18
2630,Sara Chafik,sara.chafik2630@mail.com,Software Engineer,Rabat,Senior,,20
2659,Sara Chafik,sara.chafik2659@mail.com,Customer Support Agent,Marrakech,Senior,,16
3170,Sara Chafik,sara.chafik3170@mail.com,Project Manager,Casablanca,Senior,,22
1251,Sara Chafik,sara.chafik1251@mail.com,Software Engineer,Rabat,Junior,,18
156,Sara Chafik,sara.chafik156@mail.com,Project Manager,Fes,Senior,,24
510,Sara Chafik,sara.chafik510@mail.com,Data Analyst,Rabat,Senior,,22
527,Sara Chafik,sara.chafik527@mail.com,Project Manager,Marrakech,Senior,,18
1789,Sara Chafik,sara.chafik1789@mail.com,Marketing Specialist,Fes,Junior,,22
229,Sara Chafik,sara.chafik229@mail.com,Project Manager,Fes,Junior,,20
3036,Sara Chafik,sara.chafik3036@mail.com,Network Technician,Tanger,Junior,,20
2076,Sara Chafik,sara.chafik2076@mail.com,Marketing Specialist,Marrakech,Senior,,20
3671,Sara Chafik,sara.chafik3671@mail.com,Customer Support Agent,Agadir,Senior,,18
1946,Sara Chafik,sara.chafik1946@mail.com,Project Manager,Agadir,Senior,,20
960,Sara Chafik,sara.chafik960@mail.com,Software Engineer,Tanger,Senior,,16
4015,Sara Chafik,sara.chafik4015@mail.com,Customer Support Agent,Casablanca,Senior,,22
866,Sara El Amrani,sara.el866@mail.com,Sales Executive,Marrakech,Mid,,16
883,Sara El Amrani,sara.el883@mail.com,HR Officer,Fes,Senior,,14
35,Sara El Amrani,sara.el35@mail.com,Accountant,Casablanca,Mid,,16
4108,Sara El Amrani,sara.el4108@mail.com,Accountant,Rabat,Mid,,18
3885,Sara El Amrani,sara.el3885@mail.com,Accountant,Casablanca,Senior,,16
1129,Sara El Amrani,sara.el1129@mail.com,Marketing Specialist,Rabat,Junior,,14
4620,Sara El Amrani,sara.el4620@mail.com,Customer Support Agent,Tanger,Senior,,14
1022,Sara El Amrani,sara.el1022@mail.com,Software Engineer,Rabat,Mid,,20
4533,Sara El Amrani,sara.el4533@mail.com,Network Technician,Marrakech,Senior,,16
4418,Sara El Amrani,sara.el4418@mail.com,Customer Support Agent,Marrakech,Junior,,16
2261,Sara El Amrani,sara.el2261@mail.com,HR Officer,Marrakech,Senior,,20
3098,Sara El Amrani,sara.el3098@mail.com,Data Analyst,Casablanca,Mid,,20
1075,Sara El Amrani,sara.el1075@mail.com,HR Officer,Agadir,Senior,,20
73,Sara El Amrani,sara.el73@mail.com,Sales Executive,Tanger,Mid,,22
4161,Sara El Amrani,sara.el4161@mail.com,HR Officer,Casablanca,Mid,,22
4162,Sara El Amrani,sara.el4162@mail.com,Marketing Specialist,Marrakech,Senior,,16
3061,Sara El Amrani,sara.el3061@mail.com,Network Technician,Fes,Mid,,18
3215,Sara El Amrani,sara.el3215@mail.com,Accountant,Tanger,Senior,,22
3259,Sara El Amrani,sara.el3259@mail.com,Software Engineer,Tanger,Senior,,20
3262,Sara El Amrani,sara.el3262@mail.com,Accountant,Tanger,Senior,,18
4188,Sara El Amrani,sara.el4188@mail.com,Data Analyst,Marrakech,Senior,,22
2214,Sara El Amrani,sara.el2214@mail.com,Junior trainee,Casablanca,Junior,,20
1450,Sara El Amrani,sara.el1450@mail.com,Sales Executive,Fes,Senior,,22
950,Sara El Amrani,sara.el950@mail.com,Data Analyst,Rabat,Senior,,12
4800,Sara El Amrani,sara.el4800@mail.com,Accountant,Tanger,Senior,,20
4808,Sara El Amrani,sara.el4808@mail.com,Accountant,Tanger,Senior,,24
1767,Sara El Amrani,sara.el1767@mail.com,Software Engineer,Marrakech,Senior,,18
1381,Sara El Amrani,sara.el1381@mail.com,Accountant,Casablanca,Senior,,16
488,Sara El Amrani,sara.el488@mail.com,Junior trainee,Marrakech,Junior,,20
4955,Sara El Amrani,sara.el4955@mail.com,Sales Executive,Fes,Senior,,20
2123,Sara El Amrani,sara.el2123@mail.com,Customer Support Agent,Casablanca,Senior,,14
3936,Sara El Amrani,sara.el3936@mail.com,Data Analyst,Marrakech,Senior,,20
3647,Sara El Amrani,sara.el3647@mail.com,Accountant,Fes,Senior,,26
3701,Sara El Amrani,sara.el3701@mail.com,Project Manager,Fes,Mid,,24
3818,Sara El Amrani,sara.el3818@mail.com,Marketing Specialist,Fes,Senior,,16
3841,Sara El Amrani,sara.el3841@mail.com,Network Technician,Tanger,Senior,,18
464,Sara El Amrani,sara.el464@mail.com,Project Manager,Tanger,Senior,,18
1023,Sara El Amrani,sara.el1023@mail.com,Project Manager,Casablanca,Senior,,18
1029,Sara El Amrani,sara.el1029@mail.com,Data Analyst,Marrakech,Senior,,20
4246,Sara El Idrissi,sara.el4246@mail.com,Network Technician,Rabat,Senior,,22
4273,Sara El Idrissi,sara.el4273@mail.com,Sales Executive,Marrakech,Mid,,16
2018,Sara El Idrissi,sara.el2018@mail.com,Project Manager,Marrakech,Senior,,16
3897,Sara El Idrissi,sara.el3897@mail.com,Data Analyst,Rabat,Senior,,16
4538,Sara El Idrissi,sara.el4538@mail.com,Marketing Specialist,Rabat,Senior,,18
2302,Sara El Idrissi,sara.el2302@mail.com,Marketing Specialist,Marrakech,Senior,,16
1529,Sara El Idrissi,sara.el1529@mail.com,Customer Support Agent,Agadir,Mid,,14
3572,Sara El Idrissi,sara.el3572@mail.com,Data Analyst,Tanger,Mid,,12
559,Sara El Idrissi,sara.el559@mail.com,Accountant,Marrakech,Senior,,14
1414,Sara El Idrissi,sara.el1414@mail.com,Customer Support Agent,Rabat,Senior,,22
4440,Sara El Idrissi,sara.el4440@mail.com,Marketing Specialist,Casablanca,Senior,,20
616,Sara El Idrissi,sara.el616@mail.com,Customer Support Agent,Agadir,Senior,,20
4978,Sara El Idrissi,sara.el4978@mail.com,Customer Support Agent,Tanger,Junior,,20
4939,Sara Fassi,sara.fassi4939@mail.com,Customer Support Agent,Fes,Senior,,18
2433,Sara Fassi,sara.fassi2433@mail.com,Marketing Specialist,Agadir,Senior,,16
2663,Sara Fassi,sara.fassi2663@mail.com,Accountant,Marrakech,Junior,,22
4979,Sara Fassi,sara.fassi4979@mail.com,HR Officer,Marrakech,Senior,,18
3496,Sara Fassi,sara.fassi3496@mail.com,Accountant,Agadir,Junior,,22
4221,Sara Fassi,sara.fassi4221@mail.com,Accountant,Agadir,Senior,,16
4336,Sara Fassi,sara.fassi4336@mail.com,Data Analyst,Tanger,Senior,,16
3404,Sara Fassi,sara.fassi3404@mail.com,Data Analyst,Casablanca,Mid,,18
4688,Sara Fassi,sara.fassi4688@mail.com,Customer Support Agent,Tanger,Senior,,16
3096,Sara Fassi,sara.fassi3096@mail.com,Software Engineer,Agadir,Senior,,22
74,Sara Fassi,sara.fassi74@mail.com,Software Engineer,Agadir,Senior,,16
2404,Sara Fassi,sara.fassi2404@mail.com,Accountant,Rabat,Senior,,16
4552,Sara Fassi,sara.fassi4552@mail.com,Data Analyst,Marrakech,Senior,,16
4599,Sara Fassi,sara.fassi4599@mail.com,Marketing Specialist,Marrakech,Mid,,18
4787,Sara Fassi,sara.fassi4787@mail.com,Customer Support Agent,Casablanca,Senior,,18
4811,Sara Fassi,sara.fassi4811@mail.com,Sales Executive,Marrakech,Senior,,18
3045,Sara Fassi,sara.fassi3045@mail.com,Junior trainee,Rabat,Junior,,22
3721,Sara Fassi,sara.fassi3721@mail.com,Data Analyst,Rabat,Senior,,16
2083,Sara Fassi,sara.fassi2083@mail.com,Data Analyst,Marrakech,Senior,,18
3946,Sara Fassi,sara.fassi3946@mail.com,Customer Support Agent,Fes,Senior,,24
3930,Sara Raji,sara.raji3930@mail.com,Data Analyst,Fes,Senior,,20
908,Sara Raji,sara.raji908@mail.com,Network Technician,Rabat,Senior,,22
2224,Sara Raji,sara.raji2224@mail.com,Network Technician,Rabat,Mid,,18
2239,Sara Raji,sara.raji2239@mail.com,Network Technician,Marrakech,Senior,,20
3545,Sara Raji,sara.raji3545@mail.com,Marketing Specialist,Casablanca,Senior,,16
2572,Sara Raji,sara.raji2572@mail.com,Marketing Specialist,Rabat,Senior,,20
4111,Sara Raji,sara.raji4111@mail.com,Software Engineer,Rabat,Senior,,16
3624,Sara Raji,sara.raji3624@mail.com,Software Engineer,Agadir,Senior,,16
4674,Sara Raji,sara.raji4674@mail.com,HR Officer,Rabat,Senior,,20
204,Sara Raji,sara.raji204@mail.com,Marketing Specialist,Marrakech,Senior,,18
2580,Sara Raji,sara.raji2580@mail.com,Project Manager,Casablanca,Senior,,18
2991,Sara Raji,sara.raji2991@mail.com,Accountant,Agadir,Senior,,14
2262,Sara Raji,sara.raji2262@mail.com,Accountant,Marrakech,Mid,,20
4364,Sara Raji,sara.raji4364@mail.com,Accountant,Rabat,Senior,,18
4196,Sara Raji,sara.raji4196@mail.com,Network Technician,Rabat,Senior,,22
1121,Sara Raji,sara.raji1121@mail.com,Marketing Specialist,Rabat,Senior,,18
4125,Sara Raji,sara.raji4125@mail.com,Marketing Specialist,Casablanca,Senior,,20
3330,Sara Raji,sara.raji3330@mail.com,Accountant,Agadir,Senior,,20
469,Sara Raji,sara.raji469@mail.com,Marketing Specialist,Rabat,Senior,,16
1367,Sara Raji,sara.raji1367@mail.com,Sales Executive,Fes,Mid,,22
1561,Sara Raji,sara.raji1561@mail.com,HR Officer,Marrakech,Senior,,16
983,Sara Raji,sara.raji983@mail.com,Sales Executive,Agadir,Senior,,18
993,Sara Raji,sara.raji993@mail.com,Data Analyst,Casablanca,Senior,,18
267,Sara Raji,sara.raji267@mail.com,Data Analyst,Fes,Senior,,18
577,Sara Raji,sara.raji577@mail.com,Customer Support Agent,Rabat,Senior,,24
807,Sara Tahiri,sara.tahiri807@mail.com,Marketing Specialist,Rabat,Senior,,18
4951,Sara Tahiri,sara.tahiri4951@mail.com,Sales Executive,Tanger,Senior,,22
4976,Sara Tahiri,sara.tahiri4976@mail.com,Project Manager,Fes,Mid,,24
3979,Sara Tahiri,sara.tahiri3979@mail.com,Software Engineer,Rabat,Senior,,22
3999,Sara Tahiri,sara.tahiri3999@mail.com,Network Technician,Casablanca,Senior,,20
3548,Sara Tahiri,sara.tahiri3548@mail.com,Software Engineer,Casablanca,Senior,,16
4913,Sara Tahiri,sara.tahiri4913@mail.com,Junior trainee,Agadir,Junior,,20
2480,Sara Tahiri,sara.tahiri2480@mail.com,Accountant,Rabat,Mid,,18
2228,Sara Tahiri,sara.tahiri2228@mail.com,Marketing Specialist,Rabat,Mid,,18
1161,Sara Tahiri,sara.tahiri1161@mail.com,HR Officer,Casablanca,Mid,,24
1656,Sara Tahiri,sara.tahiri1656@mail.com,Accountant,Rabat,Senior,,16
4187,Sara Tahiri,sara.tahiri4187@mail.com,Accountant,Fes,Senior,,20
4204,Sara Tahiri,sara.tahiri4204@mail.com,Customer Support Agent,Tanger,Senior,,24
1684,Sara Tahiri,sara.tahiri1684@mail.com,Software Engineer,Fes,Senior,,20
2882,Sara Tahiri,sara.tahiri2882@mail.com,Marketing Specialist,Casablanca,Senior,,12
3495,Sara Tahiri,sara.tahiri3495@mail.com,Software Engineer,Marrakech,Senior,,26
324,Sara Tahiri,sara.tahiri324@mail.com,Accountant,Tanger,Senior,,22
4084,Sara Tahiri,sara.tahiri4084@mail.com,Software Engineer,Tanger,Senior,,20
4386,Sara Tahiri,sara.tahiri4386@mail.com,Software Engineer,Tanger,Senior,,18
1234,Sara Tahiri,sara.tahiri1234@mail.com,Customer Support Agent,Tanger,Senior,,16
2188,Sara Tahiri,sara.tahiri2188@mail.com,Data Analyst,Casablanca,Senior,,22
2810,Sara Tahiri,sara.tahiri2810@mail.com,HR Officer,Casablanca,Mid,,22
2766,Sara Tahiri,sara.tahiri2766@mail.com,Accountant,Agadir,Senior,,22
217,Sara Tahiri,sara.tahiri217@mail.com,Software Engineer,Tanger,Junior,,18
3323,Sara Tahiri,sara.tahiri3323@mail.com,HR Officer,Agadir,Senior,,16
2408,Sara Tahiri,sara.tahiri2408@mail.com,HR Officer,Rabat,Mid,,22
784,Sara Tahiri,sara.tahiri784@mail.com,HR Officer,Tanger,Mid,,16
3699,Sara Tahiri,sara.tahiri3699@mail.com,HR Officer,Agadir,Senior,,18
3845,Sara Tahiri,sara.tahiri3845@mail.com,Data Analyst,Marrakech,Senior,,14
3785,Sara Tahiri,sara.tahiri3785@mail.com,Customer Support Agent,Agadir,Junior,,18
4829,Sara Tahiri,sara.tahiri4829@mail.com,Junior trainee,Fes,Junior,,18
3015,Sara Tahiri,sara.tahiri3015@mail.com,Marketing Specialist,Marrakech,Senior,,20
556,Sara Zerouali,sara.zerouali556@mail.com,Sales Executive,Tanger,Senior,,20
3914,Sara Zerouali,sara.zerouali3914@mail.com,Sales Executive,Agadir,Senior,,18
1855,Sara Zerouali,sara.zerouali1855@mail.com,Software Engineer,Marrakech,Mid,,20
3457,Sara Zerouali,sara.zerouali3457@mail.com,HR Officer,Rabat,Senior,,20
3556,Sara Zerouali,sara.zerouali3556@mail.com,Customer Support Agent,Agadir,Senior,,24
3990,Sara Zerouali,sara.zerouali3990@mail.com,Sales Executive,Casablanca,Senior,,18
2181,Sara Zerouali,sara.zerouali2181@mail.com,HR Officer,Fes,Senior,,22
1548,Sara Zerouali,sara.zerouali1548@mail.com,Marketing Specialist,Rabat,Mid,,16
1177,Sara Zerouali,sara.zerouali1177@mail.com,Accountant,Casablanca,Senior,,14
3412,Sara Zerouali,sara.zerouali3412@mail.com,Data Analyst,Fes,Senior,,20
3296,Sara Zerouali,sara.zerouali3296@mail.com,Project Manager,Rabat,Senior,,22
3298,Sara Zerouali,sara.zerouali3298@mail.com,Data Analyst,Fes,Mid,,18
2736,Sara Zerouali,sara.zerouali2736@mail.com,HR Officer,Tanger,Senior,,14
458,Sara Zerouali,sara.zerouali458@mail.com,Network Technician,Tanger,Senior,,18
478,Sara Zerouali,sara.zerouali478@mail.com,Network Technician,Casablanca,Senior,,18
716,Sara Zerouali,sara.zerouali716@mail.com,Customer Support Agent,Tanger,Senior,,22
3745,Sara Zerouali,sara.zerouali3745@mail.com,Customer Support Agent,Agadir,Senior,,16
980,Sara Zerouali,sara.zerouali980@mail.com,Marketing Specialist,Fes,Senior,,20
798,Sara Zerouali,sara.zerouali798@mail.com,Data Analyst,Casablanca,Senior,,16
1951,Sara Zerouali,sara.zerouali1951@mail.com,Network Technician,Casablanca,Mid,,24
3814,Sara Zerouali,sara.zerouali3814@mail.com,Sales Executive,Rabat,Mid,,18
2130,Sara Zerouali,sara.zerouali2130@mail.com,HR Officer,Rabat,Senior,,20
1738c54c-d723-45ec-9a4e-5423c234af8a,Sarath M,,,,,,31
056fef97-6f29-48db-9a15-6464cb8f3078,SaravanaKumar,,,,,,25
a4f4039b-f593-4fcb-90e6-525b386cfc59,Satish Reddy,,,,,,36
269e52ac-0879-4373-8a1f-df32c7107e5d,Satish Uduta,,,,,,34
1d174baf-46ef-43be-929b-8eae2cfa9812,Shail Tank-Business Analyst ,,,,,,29
78f6985e-0c13-4b33-9d03-d97676047680,Shaker Resume,,,,,,39
4e829c5f-07e7-4ffe-950b-9828f38f3a7c,Sharath Java,,,,,,37
cd8cc6d4-50bd-4f9d-8728-581cc7d9aa50,Shashank,,,,,,27
4fee49ac-7506-45ac-af89-8da1e02ac315,Shelly Woods,,,,,,30
916b5e8c-028e-467e-838c-b2c3ace6de13,Shiuli Mahmud,,,,,,29
b13e3cbc-bfa1-4798-8776-f87fdd53ea98,Shiva G-Java Resume,,,,,,28
c378e475-39c6-4d2d-a321-5496122c7da4,Siddhartha Gandroju,,,,,,56
910eb4be-0de5-4f50-a0a0-9268e16e13be,Sim User,sim.user@test.com,,,,,0
854f3c70-53a9-47a5-bfb1-1f2fd042aaa6,Smita Kamble Resume,,,,,,28
e48e6e01-87df-4b2f-80ed-0cc603fba841,Sougandh Java Fullstack Developer,,,,,,38
d9c22cc2-b7b7-4c95-ad1b-190544e5cb79,Spoorthi Finance BSA Resume,,,,,,37
b50206c1-b50b-47b5-9888-356735c515a1,Sr. Business Analyst,,,,,,26
780fb710-b8ec-4a6e-adaa-8560cc4753e4,Sravani Battu,,,,,,27
476a8992-5fbc-45b1-bdab-d1b709f490fb,Sravani Singirikonda,,,,,,39
79f22e64-0dfc-42bc-afd8-846064713ced,Sri Gati,,,,,,39
03d72870-7b37-408b-a98e-f50cf4562dd0,Srivatsan Project Manager,,,,,,48
7d75c144-a0a1-485e-8436-e4236658d61b,Sudhakar Reddy,,,,,,32
87e10108-a7fe-40e0-87d7-d66d67273dc0,Sumanth Manne Java Developer,,,,,,40
41b79d82-559b-4501-b417-71d47ad8262b,Sundar Java 8+ Years.,,,,,,49
10862297-f022-409a-ace5-19292ed99730,Syed Zia Ashraf,,,,,,46
3a875df8-97d8-4216-80b2-133efffb59e6,Tanmay Dam Resume BA,,,,,,18
caf63ee3-a93f-472f-bc4d-2447bea5ca3d,Tarun,,,,,,32
31570a14-def1-489e-a03c-6d0e50f5a5df,Tarun Developer,,,,,,36
b0c9102e-7383-40ee-b9f2-a1bc9617fab0,Tarun RESUME-BSAT,,,,,,33
3a960a70-4cb6-4542-b272-ba5d831d636b,Tarun Resume,,,,,,32
ad6be8e1-2cb7-45b6-8151-895bc1865305,Tejaswi-resume,,,,,,23
0df84929-cde6-4885-b743-24eb4bc92c9f,Test Candidate,test@test.com,,,,,0
91bb38f8-5956-4972-834e-813755c543c7,Test Delete Candidate,delete.me@test.com,,,,,0
edf5288d-9e20-4750-88cc-d7cdea9cbab2,Tushar Patel,,,,,,20
b908d70b-9102-4b6d-9e3e-3fd525aeacaa,Uday Maripelly,,,,,,31
d4c1c1fe-c0d0-4e3b-8084-b3275355a95b,Ujvala BA Feb 20,,,,,,37
0bb7fd5e-9a64-492c-b6c6-ba1a2a054342,Utthan Silawal12,,,,,,26
80784d65-5b7f-4539-a069-b342b924158a,V Ashok A,,,,,,27
2135fbc0-81dd-488e-9013-0886a08440f5,VIJETHA G,,,,,,39
c4c5cb22-4eb5-42ca-9ec7-32796ea70734,Vamshi L,,,,,,44
47455768-e926-4698-b072-e8c33d113bef,Vamshi Teja Business Analyst,,,,,,19
e8ec2976-3144-44b1-abb2-25d15b77cc86,Varun,,,,,,40
27b8d753-ff36-42b1-a69b-686fcbedf2ef,Varun Kumar,,,,,,35
9e6de120-8c73-4858-8a4d-b142ec668335,Venkat BA,,,,,,27
ffce0483-5206-4462-a5de-4dbade124457,Venkata Sr.PHP Developer,,,,,,28
0516fcfc-cb90-41c9-b405-510711394f11,Vijay Bhargav,,,,,,31
20a6adb8-81ec-4535-9ee1-3c2977651176,Vikash BA Ab,,,,,,46
0f738309-b436-421e-8879-ad89ac5ceafa,Vinay.D Resume,,,,,,33
d01482f8-004e-42ba-b3b0-1e989efd73cd,Vishal S.,,,,,,19
b926ecc4-d688-44ef-921d-b0b6b45e9a52,Vishnu BA Resume,,,,,,32
eea27784-acdc-47f1-8df7-4410e983a5cf,Vishnu J,,,,,,23
d04eadab-2eba-42c2-b3e2-455ef0cb2dfe,Vishnu Java dev,,,,,,23
172c32ff-33d0-43b8-94b0-e93d6e34ca53,Vivek Joshi CV,,,,,,27
94479826-700c-41ca-8199-804639bcca20,Vivek.BSA,,,,,,44
a214dbaf-2040-4a25-b32e-cb00771df34f,Yassine Boudour,yassineboudour@gmail.com,,,,,0
2fadb86d-d8c6-4c10-914b-10b392ef39bb,Yohan BSA,,,,,,31
2135,Youssef Ait Lahcen,youssef.ait2135@mail.com,Project Manager,Marrakech,Senior,,20
2233,Youssef Ait Lahcen,youssef.ait2233@mail.com,Customer Support Agent,Agadir,Mid,,20
2521,Youssef Ait Lahcen,youssef.ait2521@mail.com,Project Manager,Tanger,Senior,,20
1078,Youssef Ait Lahcen,youssef.ait1078@mail.com,Data Analyst,Agadir,Senior,,22
2319,Youssef Ait Lahcen,youssef.ait2319@mail.com,Project Manager,Fes,Senior,,18
1901,Youssef Ait Lahcen,youssef.ait1901@mail.com,Data Analyst,Marrakech,Mid,,24
4709,Youssef Ait Lahcen,youssef.ait4709@mail.com,Customer Support Agent,Fes,Junior,,16
808,Youssef Ait Lahcen,youssef.ait808@mail.com,Customer Support Agent,Fes,Senior,,16
3959,Youssef Ait Lahcen,youssef.ait3959@mail.com,Sales Executive,Casablanca,Senior,,18
4891,Youssef Ait Lahcen,youssef.ait4891@mail.com,Junior trainee,Marrakech,Junior,,20
1268,Youssef Ait Lahcen,youssef.ait1268@mail.com,Project Manager,Marrakech,Senior,,20
3486,Youssef Ait Lahcen,youssef.ait3486@mail.com,Project Manager,Casablanca,Senior,,20
1532,Youssef Ait Lahcen,youssef.ait1532@mail.com,Data Analyst,Fes,Mid,,22
3217,Youssef Ait Lahcen,youssef.ait3217@mail.com,Accountant,Marrakech,Mid,,18
4089,Youssef Ait Lahcen,youssef.ait4089@mail.com,Software Engineer,Tanger,Senior,,22
2577,Youssef Ait Lahcen,youssef.ait2577@mail.com,Project Manager,Casablanca,Mid,,20
3847,Youssef Ait Lahcen,youssef.ait3847@mail.com,Accountant,Agadir,Senior,,16
1786,Youssef Ait Lahcen,youssef.ait1786@mail.com,Marketing Specialist,Fes,Mid,,22
71,Youssef Ait Lahcen,youssef.ait71@mail.com,Data Analyst,Casablanca,Mid,,18
1933,Youssef Ait Lahcen,youssef.ait1933@mail.com,Junior trainee,Agadir,Junior,,16
4447,Youssef Ait Lahcen,youssef.ait4447@mail.com,Sales Executive,Agadir,Senior,,12
4813,Youssef Ait Lahcen,youssef.ait4813@mail.com,HR Officer,Marrakech,Senior,,18
4235,Youssef Benali,youssef.benali4235@mail.com,HR Officer,Casablanca,Senior,,22
2633,Youssef Benali,youssef.benali2633@mail.com,Network Technician,Agadir,Junior,,24
3476,Youssef Benali,youssef.benali3476@mail.com,HR Officer,Marrakech,Senior,,18
2247,Youssef Benali,youssef.benali2247@mail.com,Data Analyst,Rabat,Senior,,14
2146,Youssef Benali,youssef.benali2146@mail.com,Software Engineer,Fes,Senior,,18
3100,Youssef Benali,youssef.benali3100@mail.com,Sales Executive,Fes,Senior,,20
4618,Youssef Benali,youssef.benali4618@mail.com,Data Analyst,Rabat,Senior,,22
1093,Youssef Benali,youssef.benali1093@mail.com,Project Manager,Casablanca,Senior,,22
2490,Youssef Benali,youssef.benali2490@mail.com,Software Engineer,Fes,Senior,,20
2495,Youssef Benali,youssef.benali2495@mail.com,Junior trainee,Marrakech,Junior,,22
889,Youssef Benali,youssef.benali889@mail.com,Customer Support Agent,Rabat,Mid,,24
4681,Youssef Benali,youssef.benali4681@mail.com,Marketing Specialist,Casablanca,Mid,,16
3976,Youssef Benali,youssef.benali3976@mail.com,Project Manager,Agadir,Senior,,24
3605,Youssef Benali,youssef.benali3605@mail.com,Software Engineer,Tanger,Mid,,20
1144,Youssef Benali,youssef.benali1144@mail.com,Customer Support Agent,Rabat,Senior,,16
4363,Youssef Benali,youssef.benali4363@mail.com,Software Engineer,Marrakech,Senior,,22
1997,Youssef Benali,youssef.benali1997@mail.com,Network Technician,Casablanca,Junior,,14
2015,Youssef Benali,youssef.benali2015@mail.com,HR Officer,Marrakech,Senior,,24
2277,Youssef Benali,youssef.benali2277@mail.com,Marketing Specialist,Tanger,Senior,,16
2294,Youssef Benali,youssef.benali2294@mail.com,Project Manager,Tanger,Senior,,20
4512,Youssef Benali,youssef.benali4512@mail.com,HR Officer,Agadir,Mid,,20
162,Youssef Benali,youssef.benali162@mail.com,Accountant,Fes,Junior,,18
4459,Youssef Benali,youssef.benali4459@mail.com,Marketing Specialist,Marrakech,Senior,,18
628,Youssef Benali,youssef.benali628@mail.com,Data Analyst,Tanger,Senior,,20
3342,Youssef Benali,youssef.benali3342@mail.com,Customer Support Agent,Tanger,Senior,,22
3199,Youssef Benali,youssef.benali3199@mail.com,Marketing Specialist,Marrakech,Mid,,22
1377,Youssef Benali,youssef.benali1377@mail.com,Customer Support Agent,Casablanca,Senior,,16
2587,Youssef Benali,youssef.benali2587@mail.com,Accountant,Agadir,Junior,,18
2620,Youssef Benali,youssef.benali2620@mail.com,Sales Executive,Rabat,Senior,,20
3285,Youssef Benali,youssef.benali3285@mail.com,Accountant,Fes,Senior,,20
4849,Youssef Benali,youssef.benali4849@mail.com,Sales Executive,Marrakech,Senior,,22
1779,Youssef Benali,youssef.benali1779@mail.com,Accountant,Fes,Senior,,14
711,Youssef Benali,youssef.benali711@mail.com,Marketing Specialist,Tanger,Senior,,18
1415,Youssef Benali,youssef.benali1415@mail.com,Data Analyst,Casablanca,Junior,,18
1416,Youssef Benali,youssef.benali1416@mail.com,Project Manager,Rabat,Senior,,20
3466,Youssef Boulahfa,youssef.boulahfa3466@mail.com,Project Manager,Marrakech,Senior,,18
1485,Youssef Boulahfa,youssef.boulahfa1485@mail.com,Network Technician,Agadir,Senior,,18
2722,Youssef Boulahfa,youssef.boulahfa2722@mail.com,Data Analyst,Casablanca,Senior,,20
4624,Youssef Boulahfa,youssef.boulahfa4624@mail.com,Project Manager,Fes,Senior,,26
3032,Youssef Boulahfa,youssef.boulahfa3032@mail.com,Sales Executive,Marrakech,Senior,,18
366,Youssef Boulahfa,youssef.boulahfa366@mail.com,Software Engineer,Marrakech,Senior,,16
3,Youssef Boulahfa,youssef.boulahfa3@mail.com,Sales Executive,Agadir,Mid,,22
4357,Youssef Boulahfa,youssef.boulahfa4357@mail.com,Project Manager,Agadir,Junior,,18
2627,Youssef Boulahfa,youssef.boulahfa2627@mail.com,Project Manager,Tanger,Senior,,24
4471,Youssef Boulahfa,youssef.boulahfa4471@mail.com,Software Engineer,Casablanca,Mid,,14
4163,Youssef Boulahfa,youssef.boulahfa4163@mail.com,Sales Executive,Agadir,Senior,,18
4164,Youssef Boulahfa,youssef.boulahfa4164@mail.com,Accountant,Casablanca,Junior,,18
4168,Youssef Boulahfa,youssef.boulahfa4168@mail.com,Customer Support Agent,Marrakech,Junior,,20
1356,Youssef Boulahfa,youssef.boulahfa1356@mail.com,Accountant,Rabat,Mid,,14
1607,Youssef Boulahfa,youssef.boulahfa1607@mail.com,HR Officer,Casablanca,Senior,,22
1404,Youssef Chafik,youssef.chafik1404@mail.com,Customer Support Agent,Rabat,Mid,,16
417,Youssef Chafik,youssef.chafik417@mail.com,Customer Support Agent,Agadir,Junior,,20
3475,Youssef Chafik,youssef.chafik3475@mail.com,Sales Executive,Marrakech,Senior,,22
2127,Youssef Chafik,youssef.chafik2127@mail.com,Network Technician,Tanger,Senior,,22
1049,Youssef Chafik,youssef.chafik1049@mail.com,Accountant,Fes,Senior,,22
4730,Youssef Chafik,youssef.chafik4730@mail.com,Network Technician,Agadir,Senior,,16
4762,Youssef Chafik,youssef.chafik4762@mail.com,Software Engineer,Casablanca,Senior,,24
3136,Youssef Chafik,youssef.chafik3136@mail.com,Accountant,Fes,Senior,,16
2920,Youssef Chafik,youssef.chafik2920@mail.com,Accountant,Agadir,Senior,,20
2317,Youssef Chafik,youssef.chafik2317@mail.com,Customer Support Agent,Rabat,Mid,,16
2320,Youssef Chafik,youssef.chafik2320@mail.com,Accountant,Rabat,Senior,,22
1697,Youssef Chafik,youssef.chafik1697@mail.com,Project Manager,Casablanca,Mid,,14
2304,Youssef Chafik,youssef.chafik2304@mail.com,Network Technician,Marrakech,Senior,,22
1511,Youssef Chafik,youssef.chafik1511@mail.com,Sales Executive,Marrakech,Senior,,18
3852,Youssef Chafik,youssef.chafik3852@mail.com,Network Technician,Rabat,Senior,,16
1358,Youssef Chafik,youssef.chafik1358@mail.com,Data Analyst,Agadir,Senior,,16
155,Youssef Chafik,youssef.chafik155@mail.com,HR Officer,Rabat,Senior,,20
2370,Youssef Chafik,youssef.chafik2370@mail.com,HR Officer,Casablanca,Junior,,20
1795,Youssef Chafik,youssef.chafik1795@mail.com,HR Officer,Casablanca,Mid,,16
98,Youssef Chafik,youssef.chafik98@mail.com,Sales Executive,Agadir,Senior,,20
1013,Youssef Chafik,youssef.chafik1013@mail.com,Project Manager,Marrakech,Senior,,16
3650,Youssef Chafik,youssef.chafik3650@mail.com,Network Technician,Marrakech,Mid,,22
28,Youssef El Amrani,youssef.el28@mail.com,Data Analyst,Rabat,Senior,,20
2670,Youssef El Amrani,youssef.el2670@mail.com,Sales Executive,Tanger,Senior,,14
1457,Youssef El Amrani,youssef.el1457@mail.com,Marketing Specialist,Tanger,Senior,,20
1039,Youssef El Amrani,youssef.el1039@mail.com,Customer Support Agent,Casablanca,Senior,,18
578,Youssef El Amrani,youssef.el578@mail.com,Data Analyst,Marrakech,Mid,,24
2255,Youssef El Amrani,youssef.el2255@mail.com,Software Engineer,Fes,Senior,,20
2912,Youssef El Amrani,youssef.el2912@mail.com,Data Analyst,Casablanca,Senior,,18
2914,Youssef El Amrani,youssef.el2914@mail.com,Sales Executive,Rabat,Senior,,22
2916,Youssef El Amrani,youssef.el2916@mail.com,Customer Support Agent,Rabat,Senior,,14
4616,Youssef El Amrani,youssef.el4616@mail.com,Sales Executive,Marrakech,Mid,,20
4216,Youssef El Amrani,youssef.el4216@mail.com,Data Analyst,Marrakech,Mid,,20
325,Youssef El Amrani,youssef.el325@mail.com,Marketing Specialist,Rabat,Senior,,20
2513,Youssef El Amrani,youssef.el2513@mail.com,Data Analyst,Casablanca,Senior,,18
2848,Youssef El Amrani,youssef.el2848@mail.com,Customer Support Agent,Agadir,Mid,,16
2861,Youssef El Amrani,youssef.el2861@mail.com,Junior trainee,Marrakech,Junior,,22
684,Youssef El Amrani,youssef.el684@mail.com,HR Officer,Marrakech,Senior,,16
1994,Youssef El Amrani,youssef.el1994@mail.com,Project Manager,Rabat,Mid,,22
2195,Youssef El Amrani,youssef.el2195@mail.com,Marketing Specialist,Casablanca,Senior,,18
2979,Youssef El Amrani,youssef.el2979@mail.com,Sales Executive,Tanger,Senior,,24
3853,Youssef El Amrani,youssef.el3853@mail.com,Accountant,Casablanca,Senior,,16
3894,Youssef El Amrani,youssef.el3894@mail.com,Data Analyst,Tanger,Senior,,16
709,Youssef El Amrani,youssef.el709@mail.com,Data Analyst,Rabat,Mid,,20
747,Youssef El Amrani,youssef.el747@mail.com,Marketing Specialist,Agadir,Senior,,16
634,Youssef El Amrani,youssef.el634@mail.com,Data Analyst,Marrakech,Senior,,22
3783,Youssef El Amrani,youssef.el3783@mail.com,Marketing Specialist,Casablanca,Junior,,16
1805,Youssef El Amrani,youssef.el1805@mail.com,Project Manager,Tanger,Senior,,16
1365,Youssef El Amrani,youssef.el1365@mail.com,Project Manager,Rabat,Senior,,22
4572,Youssef El Amrani,youssef.el4572@mail.com,Project Manager,Marrakech,Senior,,22
4553,Youssef El Idrissi,youssef.el4553@mail.com,Network Technician,Marrakech,Senior,,18
4070,Youssef El Idrissi,youssef.el4070@mail.com,HR Officer,Fes,Senior,,18
4764,Youssef El Idrissi,youssef.el4764@mail.com,Software Engineer,Tanger,Senior,,18
4753,Youssef El Idrissi,youssef.el4753@mail.com,Accountant,Rabat,Senior,,18
377,Youssef El Idrissi,youssef.el377@mail.com,Project Manager,Agadir,Junior,,20
3418,Youssef El Idrissi,youssef.el3418@mail.com,Junior trainee,Fes,Junior,,18
4966,Youssef El Idrissi,youssef.el4966@mail.com,Marketing Specialist,Marrakech,Junior,,18
51,Youssef El Idrissi,youssef.el51@mail.com,Customer Support Agent,Fes,Senior,,24
360,Youssef El Idrissi,youssef.el360@mail.com,Network Technician,Rabat,Senior,,16
1072,Youssef El Idrissi,youssef.el1072@mail.com,Data Analyst,Casablanca,Senior,,20
659,Youssef El Idrissi,youssef.el659@mail.com,Data Analyst,Tanger,Senior,,20
1286,Youssef El Idrissi,youssef.el1286@mail.com,Data Analyst,Agadir,Mid,,16
4395,Youssef El Idrissi,youssef.el4395@mail.com,Network Technician,Agadir,Senior,,14
4903,Youssef El Idrissi,youssef.el4903@mail.com,Project Manager,Agadir,Junior,,20
3590,Youssef El Idrissi,youssef.el3590@mail.com,Software Engineer,Marrakech,Mid,,22
1677,Youssef El Idrissi,youssef.el1677@mail.com,HR Officer,Fes,Senior,,22
3855,Youssef El Idrissi,youssef.el3855@mail.com,Software Engineer,Agadir,Senior,,18
178,Youssef El Idrissi,youssef.el178@mail.com,Sales Executive,Rabat,Mid,,22
978,Youssef El Idrissi,youssef.el978@mail.com,Network Technician,Casablanca,Senior,,18
923,Youssef El Idrissi,youssef.el923@mail.com,Data Analyst,Tanger,Senior,,14
1302,Youssef El Idrissi,youssef.el1302@mail.com,Data Analyst,Tanger,Junior,,20
4443,Youssef El Idrissi,youssef.el4443@mail.com,Network Technician,Fes,Senior,,20
94,Youssef El Idrissi,youssef.el94@mail.com,HR Officer,Rabat,Senior,,14
3284,Youssef El Idrissi,youssef.el3284@mail.com,Customer Support Agent,Marrakech,Senior,,24
3286,Youssef El Idrissi,youssef.el3286@mail.com,Marketing Specialist,Marrakech,Senior,,20
3737,Youssef El Idrissi,youssef.el3737@mail.com,Marketing Specialist,Agadir,Mid,,14
1954,Youssef El Idrissi,youssef.el1954@mail.com,Sales Executive,Agadir,Senior,,20
3754,Youssef El Idrissi,youssef.el3754@mail.com,Sales Executive,Agadir,Senior,,20
3761,Youssef El Idrissi,youssef.el3761@mail.com,Software Engineer,Casablanca,Senior,,16
2391,Youssef El Idrissi,youssef.el2391@mail.com,Software Engineer,Casablanca,Junior,,16
3625,Youssef Fassi,youssef.fassi3625@mail.com,Customer Support Agent,Agadir,Senior,,18
2817,Youssef Fassi,youssef.fassi2817@mail.com,Sales Executive,Marrakech,Senior,,26
2727,Youssef Fassi,youssef.fassi2727@mail.com,Software Engineer,Casablanca,Mid,,22
1472,Youssef Fassi,youssef.fassi1472@mail.com,Sales Executive,Fes,Senior,,18
2222,Youssef Fassi,youssef.fassi2222@mail.com,Network Technician,Tanger,Senior,,26
4776,Youssef Fassi,youssef.fassi4776@mail.com,Network Technician,Agadir,Senior,,14
4799,Youssef Fassi,youssef.fassi4799@mail.com,Software Engineer,Fes,Senior,,22
2426,Youssef Fassi,youssef.fassi2426@mail.com,Project Manager,Tanger,Mid,,22
4566,Youssef Fassi,youssef.fassi4566@mail.com,Software Engineer,Fes,Senior,,16
4744,Youssef Fassi,youssef.fassi4744@mail.com,Data Analyst,Marrakech,Senior,,20
4663,Youssef Fassi,youssef.fassi4663@mail.com,Project Manager,Casablanca,Senior,,22
3552,Youssef Fassi,youssef.fassi3552@mail.com,Software Engineer,Agadir,Mid,,22
3567,Youssef Fassi,youssef.fassi3567@mail.com,Junior trainee,Marrakech,Junior,,18
3937,Youssef Fassi,youssef.fassi3937@mail.com,Software Engineer,Fes,Senior,,22
1613,Youssef Fassi,youssef.fassi1613@mail.com,Marketing Specialist,Marrakech,Senior,,20
858,Youssef Fassi,youssef.fassi858@mail.com,Project Manager,Agadir,Senior,,22
3246,Youssef Fassi,youssef.fassi3246@mail.com,Software Engineer,Tanger,Senior,,20
4632,Youssef Fassi,youssef.fassi4632@mail.com,Accountant,Tanger,Mid,,18
1036,Youssef Fassi,youssef.fassi1036@mail.com,Software Engineer,Fes,Senior,,16
1063,Youssef Fassi,youssef.fassi1063@mail.com,Marketing Specialist,Fes,Senior,,22
2350,Youssef Fassi,youssef.fassi2350@mail.com,Sales Executive,Casablanca,Mid,,18
2358,Youssef Fassi,youssef.fassi2358@mail.com,Junior trainee,Rabat,Junior,,16
1141,Youssef Fassi,youssef.fassi1141@mail.com,Sales Executive,Fes,Mid,,18
193,Youssef Fassi,youssef.fassi193@mail.com,Software Engineer,Marrakech,Junior,,22
4986,Youssef Fassi,youssef.fassi4986@mail.com,Network Technician,Agadir,Senior,,18
1006,Youssef Fassi,youssef.fassi1006@mail.com,Software Engineer,Fes,Senior,,20
3183,Youssef Fassi,youssef.fassi3183@mail.com,Network Technician,Casablanca,Junior,,18
1820,Youssef Fassi,youssef.fassi1820@mail.com,Marketing Specialist,Marrakech,Senior,,20
3741,Youssef Fassi,youssef.fassi3741@mail.com,Marketing Specialist,Fes,Mid,,20
745,Youssef Fassi,youssef.fassi745@mail.com,Marketing Specialist,Fes,Senior,,22
714,Youssef Raji,youssef.raji714@mail.com,Data Analyst,Fes,Senior,,16
2805,Youssef Raji,youssef.raji2805@mail.com,Project Manager,Agadir,Mid,,14
3381,Youssef Raji,youssef.raji3381@mail.com,Network Technician,Agadir,Senior,,20
2526,Youssef Raji,youssef.raji2526@mail.com,Marketing Specialist,Rabat,Senior,,24
4499,Youssef Raji,youssef.raji4499@mail.com,Software Engineer,Casablanca,Senior,,22
4527,Youssef Raji,youssef.raji4527@mail.com,HR Officer,Marrakech,Senior,,20
4226,Youssef Raji,youssef.raji4226@mail.com,Data Analyst,Rabat,Mid,,20
2631,Youssef Raji,youssef.raji2631@mail.com,Sales Executive,Rabat,Senior,,20
2241,Youssef Raji,youssef.raji2241@mail.com,Project Manager,Agadir,Senior,,20
3667,Youssef Raji,youssef.raji3667@mail.com,Data Analyst,Agadir,Mid,,22
4109,Youssef Raji,youssef.raji4109@mail.com,Data Analyst,Tanger,Senior,,16
4879,Youssef Raji,youssef.raji4879@mail.com,Software Engineer,Fes,Mid,,16
4692,Youssef Raji,youssef.raji4692@mail.com,Data Analyst,Casablanca,Senior,,20
3003,Youssef Raji,youssef.raji3003@mail.com,Marketing Specialist,Casablanca,Junior,,14
3257,Youssef Raji,youssef.raji3257@mail.com,HR Officer,Marrakech,Senior,,20
1260,Youssef Raji,youssef.raji1260@mail.com,Network Technician,Rabat,Senior,,24
2505,Youssef Raji,youssef.raji2505@mail.com,Software Engineer,Agadir,Senior,,16
3704,Youssef Raji,youssef.raji3704@mail.com,Data Analyst,Agadir,Junior,,18
929,Youssef Raji,youssef.raji929@mail.com,Sales Executive,Marrakech,Senior,,16
167,Youssef Raji,youssef.raji167@mail.com,Network Technician,Tanger,Senior,,20
1823,Youssef Raji,youssef.raji1823@mail.com,Network Technician,Agadir,Senior,,22
1311,Youssef Raji,youssef.raji1311@mail.com,Software Engineer,Tanger,Junior,,16
4488,Youssef Raji,youssef.raji4488@mail.com,Software Engineer,Tanger,Senior,,16
453,Youssef Raji,youssef.raji453@mail.com,HR Officer,Casablanca,Senior,,24
966,Youssef Raji,youssef.raji966@mail.com,Customer Support Agent,Marrakech,Senior,,18
146,Youssef Raji,youssef.raji146@mail.com,HR Officer,Casablanca,Senior,,24
597,Youssef Raji,youssef.raji597@mail.com,Project Manager,Tanger,Senior,,20
2415,Youssef Tahiri,youssef.tahiri2415@mail.com,Data Analyst,Fes,Senior,,22
1106,Youssef Tahiri,youssef.tahiri1106@mail.com,Sales Executive,Agadir,Junior,,14
1107,Youssef Tahiri,youssef.tahiri1107@mail.com,HR Officer,Rabat,Mid,,18
386,Youssef Tahiri,youssef.tahiri386@mail.com,HR Officer,Rabat,Senior,,18
391,Youssef Tahiri,youssef.tahiri391@mail.com,Software Engineer,Tanger,Senior,,20
2099,Youssef Tahiri,youssef.tahiri2099@mail.com,Software Engineer,Marrakech,Mid,,20
3254,Youssef Tahiri,youssef.tahiri3254@mail.com,Customer Support Agent,Fes,Junior,,16
3654,Youssef Tahiri,youssef.tahiri3654@mail.com,Customer Support Agent,Tanger,Mid,,22
3666,Youssef Tahiri,youssef.tahiri3666@mail.com,Project Manager,Rabat,Mid,,20
4940,Youssef Tahiri,youssef.tahiri4940@mail.com,Software Engineer,Tanger,Mid,,20
14,Youssef Tahiri,youssef.tahiri14@mail.com,Data Analyst,Fes,Senior,,18
48,Youssef Tahiri,youssef.tahiri48@mail.com,Customer Support Agent,Marrakech,Senior,,20
907,Youssef Tahiri,youssef.tahiri907@mail.com,Project Manager,Rabat,Senior,,16
4009,Youssef Tahiri,youssef.tahiri4009@mail.com,Software Engineer,Tanger,Senior,,20
2839,Youssef Tahiri,youssef.tahiri2839@mail.com,Junior trainee,Fes,Junior,,16
4918,Youssef Tahiri,youssef.tahiri4918@mail.com,Data Analyst,Marrakech,Senior,,24
145,Youssef Tahiri,youssef.tahiri145@mail.com,Marketing Specialist,Agadir,Senior,,18
2785,Youssef Tahiri,youssef.tahiri2785@mail.com,Project Manager,Casablanca,Senior,,20
4355,Youssef Tahiri,youssef.tahiri4355@mail.com,Sales Executive,Rabat,Senior,,18
4384,Youssef Tahiri,youssef.tahiri4384@mail.com,Customer Support Agent,Agadir,Junior,,22
3370,Youssef Tahiri,youssef.tahiri3370@mail.com,Marketing Specialist,Casablanca,Senior,,24
470,Youssef Tahiri,youssef.tahiri470@mail.com,Junior trainee,Fes,Junior,,22
1319,Youssef Tahiri,youssef.tahiri1319@mail.com,Network Technician,Tanger,Senior,,16
4865,Youssef Tahiri,youssef.tahiri4865@mail.com,Marketing Specialist,Rabat,Mid,,20
4863,Youssef Zerouali,youssef.zerouali4863@mail.com,HR Officer,Rabat,Senior,,16
1238,Youssef Zerouali,youssef.zerouali1238@mail.com,Accountant,Rabat,Mid,,22
812,Youssef Zerouali,youssef.zerouali812@mail.com,Junior trainee,Tanger,Junior,,22
2642,Youssef Zerouali,youssef.zerouali2642@mail.com,Software Engineer,Tanger,Mid,,20
2827,Youssef Zerouali,youssef.zerouali2827@mail.com,Marketing Specialist,Tanger,Mid,,18
2138,Youssef Zerouali,youssef.zerouali2138@mail.com,Network Technician,Tanger,Senior,,18
1032,Youssef Zerouali,youssef.zerouali1032@mail.com,Accountant,Agadir,Mid,,24
4761,Youssef Zerouali,youssef.zerouali4761@mail.com,Network Technician,Marrakech,Mid,,22
1634,Youssef Zerouali,youssef.zerouali1634@mail.com,Data Analyst,Marrakech,Junior,,14
4171,Youssef Zerouali,youssef.zerouali4171@mail.com,HR Officer,Agadir,Senior,,22
3648,Youssef Zerouali,youssef.zerouali3648@mail.com,Accountant,Marrakech,Senior,,22
3242,Youssef Zerouali,youssef.zerouali3242@mail.com,Sales Executive,Fes,Mid,,22
3502,Youssef Zerouali,youssef.zerouali3502@mail.com,Network Technician,Casablanca,Senior,,22
3506,Youssef Zerouali,youssef.zerouali3506@mail.com,Sales Executive,Agadir,Senior,,22
3507,Youssef Zerouali,youssef.zerouali3507@mail.com,HR Officer,Rabat,Junior,,20
2778,Youssef Zerouali,youssef.zerouali2778@mail.com,Software Engineer,Casablanca,Senior,,18
3779,Youssef Zerouali,youssef.zerouali3779@mail.com,Data Analyst,Casablanca,Senior,,18
3800,Youssef Zerouali,youssef.zerouali3800@mail.com,Network Technician,Rabat,Mid,,18
3727,Youssef Zerouali,youssef.zerouali3727@mail.com,Project Manager,Fes,Senior,,16
2073,Youssef Zerouali,youssef.zerouali2073@mail.com,Project Manager,Rabat,Senior,,22
2081,Youssef Zerouali,youssef.zerouali2081@mail.com,Software Engineer,Casablanca,Mid,,18
1685,Youssef Zerouali,youssef.zerouali1685@mail.com,Customer Support Agent,Tanger,Senior,,22
1136,Youssef Zerouali,youssef.zerouali1136@mail.com,Software Engineer,Agadir,Junior,,18
1808,Youssef Zerouali,youssef.zerouali1808@mail.com,Project Manager,Marrakech,Mid,,20
3315,Youssef Zerouali,youssef.zerouali3315@mail.com,Marketing Specialist,Casablanca,Mid,,16
30cb5ccd-c1ac-4a15-ac00-d93041ee8fc5,Yugesh Resume,,,,,,40
3224,Zineb Ait Lahcen,zineb.ait3224@mail.com,Network Technician,Casablanca,Mid,,20
1545,Zineb Ait Lahcen,zineb.ait1545@mail.com,Software Engineer,Rabat,Junior,,20
3423,Zineb Ait Lahcen,zineb.ait3423@mail.com,Marketing Specialist,Agadir,Mid,,18
2194,Zineb Ait Lahcen,zineb.ait2194@mail.com,Accountant,Fes,Senior,,18
2859,Zineb Ait Lahcen,zineb.ait2859@mail.com,Accountant,Tanger,Mid,,20
2457,Zineb Ait Lahcen,zineb.ait2457@mail.com,Accountant,Agadir,Senior,,18
4094,Zineb Ait Lahcen,zineb.ait4094@mail.com,Data Analyst,Rabat,Senior,,18
226,Zineb Ait Lahcen,zineb.ait226@mail.com,Project Manager,Tanger,Senior,,18
3965,Zineb Ait Lahcen,zineb.ait3965@mail.com,Network Technician,Fes,Senior,,18
3973,Zineb Ait Lahcen,zineb.ait3973@mail.com,Data Analyst,Tanger,Senior,,18
425,Zineb Ait Lahcen,zineb.ait425@mail.com,Sales Executive,Marrakech,Mid,,18
2112,Zineb Ait Lahcen,zineb.ait2112@mail.com,Data Analyst,Rabat,Mid,,16
3913,Zineb Ait Lahcen,zineb.ait3913@mail.com,Software Engineer,Agadir,Junior,,20
3948,Zineb Ait Lahcen,zineb.ait3948@mail.com,Customer Support Agent,Casablanca,Senior,,16
3579,Zineb Ait Lahcen,zineb.ait3579@mail.com,Customer Support Agent,Rabat,Senior,,20
2892,Zineb Ait Lahcen,zineb.ait2892@mail.com,Marketing Specialist,Agadir,Mid,,20
4750,Zineb Ait Lahcen,zineb.ait4750@mail.com,Project Manager,Tanger,Senior,,18
1207,Zineb Ait Lahcen,zineb.ait1207@mail.com,Project Manager,Agadir,Senior,,22
4959,Zineb Ait Lahcen,zineb.ait4959@mail.com,Customer Support Agent,Tanger,Senior,,22
3877,Zineb Ait Lahcen,zineb.ait3877@mail.com,Sales Executive,Agadir,Senior,,18
3893,Zineb Ait Lahcen,zineb.ait3893@mail.com,Software Engineer,Casablanca,Senior,,22
122,Zineb Ait Lahcen,zineb.ait122@mail.com,Accountant,Fes,Mid,,22
1139,Zineb Ait Lahcen,zineb.ait1139@mail.com,Data Analyst,Marrakech,Senior,,20
1701,Zineb Ait Lahcen,zineb.ait1701@mail.com,Software Engineer,Tanger,Senior,,18
3369,Zineb Ait Lahcen,zineb.ait3369@mail.com,Sales Executive,Tanger,Junior,,20
1550,Zineb Benali,zineb.benali1550@mail.com,Marketing Specialist,Agadir,Senior,,24
4037,Zineb Benali,zineb.benali4037@mail.com,Marketing Specialist,Fes,Senior,,18
853,Zineb Benali,zineb.benali853@mail.com,Marketing Specialist,Casablanca,Senior,,22
2365,Zineb Benali,zineb.benali2365@mail.com,Software Engineer,Casablanca,Junior,,16
713,Zineb Benali,zineb.benali713@mail.com,Project Manager,Marrakech,Senior,,18
724,Zineb Benali,zineb.benali724@mail.com,Data Analyst,Rabat,Senior,,16
727,Zineb Benali,zineb.benali727@mail.com,Accountant,Fes,Senior,,22
1826,Zineb Benali,zineb.benali1826@mail.com,HR Officer,Casablanca,Senior,,16
3463,Zineb Benali,zineb.benali3463@mail.com,HR Officer,Marrakech,Senior,,22
3478,Zineb Benali,zineb.benali3478@mail.com,Network Technician,Agadir,Mid,,18
4529,Zineb Benali,zineb.benali4529@mail.com,Software Engineer,Marrakech,Mid,,18
1058,Zineb Benali,zineb.benali1058@mail.com,Customer Support Agent,Tanger,Mid,,16
4010,Zineb Benali,zineb.benali4010@mail.com,Sales Executive,Tanger,Senior,,16
2901,Zineb Benali,zineb.benali2901@mail.com,Data Analyst,Agadir,Senior,,18
351,Zineb Benali,zineb.benali351@mail.com,Data Analyst,Casablanca,Senior,,20
686,Zineb Benali,zineb.benali686@mail.com,Customer Support Agent,Casablanca,Senior,,14
4942,Zineb Benali,zineb.benali4942@mail.com,Marketing Specialist,Agadir,Senior,,24
1146,Zineb Benali,zineb.benali1146@mail.com,Customer Support Agent,Rabat,Senior,,16
440,Zineb Benali,zineb.benali440@mail.com,HR Officer,Agadir,Senior,,20
474,Zineb Benali,zineb.benali474@mail.com,HR Officer,Tanger,Mid,,14
95,Zineb Benali,zineb.benali95@mail.com,Accountant,Marrakech,Senior,,20
3192,Zineb Benali,zineb.benali3192@mail.com,Project Manager,Casablanca,Senior,,22
3879,Zineb Benali,zineb.benali3879@mail.com,Project Manager,Rabat,Senior,,20
765,Zineb Benali,zineb.benali765@mail.com,Project Manager,Marrakech,Senior,,18
349,Zineb Boulahfa,zineb.boulahfa349@mail.com,Project Manager,Marrakech,Senior,,22
1827,Zineb Boulahfa,zineb.boulahfa1827@mail.com,Network Technician,Casablanca,Senior,,18
4034,Zineb Boulahfa,zineb.boulahfa4034@mail.com,Data Analyst,Fes,Senior,,14
2333,Zineb Boulahfa,zineb.boulahfa2333@mail.com,HR Officer,Marrakech,Senior,,14
3143,Zineb Boulahfa,zineb.boulahfa3143@mail.com,Customer Support Agent,Agadir,Senior,,18
4859,Zineb Boulahfa,zineb.boulahfa4859@mail.com,Software Engineer,Fes,Senior,,20
3332,Zineb Boulahfa,zineb.boulahfa3332@mail.com,Accountant,Tanger,Senior,,18
730,Zineb Boulahfa,zineb.boulahfa730@mail.com,Junior trainee,Agadir,Junior,,22
1430,Zineb Boulahfa,zineb.boulahfa1430@mail.com,Data Analyst,Tanger,Senior,,18
2374,Zineb Boulahfa,zineb.boulahfa2374@mail.com,Marketing Specialist,Agadir,Senior,,18
2849,Zineb Boulahfa,zineb.boulahfa2849@mail.com,Project Manager,Rabat,Senior,,24
2151,Zineb Boulahfa,zineb.boulahfa2151@mail.com,Sales Executive,Marrakech,Senior,,16
832,Zineb Boulahfa,zineb.boulahfa832@mail.com,Accountant,Marrakech,Senior,,12
1884,Zineb Boulahfa,zineb.boulahfa1884@mail.com,Marketing Specialist,Tanger,Senior,,18
2530,Zineb Boulahfa,zineb.boulahfa2530@mail.com,Customer Support Agent,Fes,Junior,,18
2561,Zineb Boulahfa,zineb.boulahfa2561@mail.com,Network Technician,Rabat,Mid,,22
2024,Zineb Boulahfa,zineb.boulahfa2024@mail.com,Accountant,Marrakech,Senior,,20
2797,Zineb Boulahfa,zineb.boulahfa2797@mail.com,Software Engineer,Tanger,Mid,,16
2820,Zineb Boulahfa,zineb.boulahfa2820@mail.com,Customer Support Agent,Tanger,Senior,,20
408,Zineb Boulahfa,zineb.boulahfa408@mail.com,Sales Executive,Fes,Senior,,18
4001,Zineb Boulahfa,zineb.boulahfa4001@mail.com,Data Analyst,Tanger,Senior,,16
4669,Zineb Boulahfa,zineb.boulahfa4669@mail.com,Accountant,Agadir,Senior,,18
2623,Zineb Boulahfa,zineb.boulahfa2623@mail.com,Network Technician,Tanger,Mid,,20
3209,Zineb Boulahfa,zineb.boulahfa3209@mail.com,HR Officer,Fes,Senior,,24
655,Zineb Boulahfa,zineb.boulahfa655@mail.com,Data Analyst,Marrakech,Mid,,20
3306,Zineb Chafik,zineb.chafik3306@mail.com,Project Manager,Rabat,Mid,,16
4774,Zineb Chafik,zineb.chafik4774@mail.com,Sales Executive,Tanger,Senior,,18
1557,Zineb Chafik,zineb.chafik1557@mail.com,Accountant,Casablanca,Senior,,16
1407,Zineb Chafik,zineb.chafik1407@mail.com,Project Manager,Marrakech,Senior,,18
2933,Zineb Chafik,zineb.chafik2933@mail.com,HR Officer,Marrakech,Senior,,16
3432,Zineb Chafik,zineb.chafik3432@mail.com,HR Officer,Casablanca,Senior,,18
1917,Zineb Chafik,zineb.chafik1917@mail.com,Data Analyst,Tanger,Senior,,18
1923,Zineb Chafik,zineb.chafik1923@mail.com,HR Officer,Marrakech,Senior,,20
1925,Zineb Chafik,zineb.chafik1925@mail.com,Data Analyst,Marrakech,Mid,,14
4312,Zineb Chafik,zineb.chafik4312@mail.com,Data Analyst,Rabat,Junior,,18
2212,Zineb Chafik,zineb.chafik2212@mail.com,Customer Support Agent,Agadir,Senior,,16
227,Zineb Chafik,zineb.chafik227@mail.com,Junior trainee,Marrakech,Junior,,18
232,Zineb Chafik,zineb.chafik232@mail.com,Software Engineer,Fes,Mid,,26
242,Zineb Chafik,zineb.chafik242@mail.com,Junior trainee,Tanger,Junior,,14
2804,Zineb Chafik,zineb.chafik2804@mail.com,Project Manager,Tanger,Senior,,20
4523,Zineb Chafik,zineb.chafik4523@mail.com,Sales Executive,Rabat,Mid,,14
4431,Zineb Chafik,zineb.chafik4431@mail.com,Accountant,Fes,Mid,,18
4610,Zineb Chafik,zineb.chafik4610@mail.com,Customer Support Agent,Casablanca,Senior,,20
3565,Zineb Chafik,zineb.chafik3565@mail.com,Customer Support Agent,Rabat,Senior,,20
3207,Zineb Chafik,zineb.chafik3207@mail.com,Marketing Specialist,Tanger,Mid,,12
3864,Zineb Chafik,zineb.chafik3864@mail.com,Project Manager,Agadir,Senior,,18
3895,Zineb Chafik,zineb.chafik3895@mail.com,Project Manager,Fes,Senior,,16
1813,Zineb Chafik,zineb.chafik1813@mail.com,Marketing Specialist,Agadir,Senior,,18
3719,Zineb Chafik,zineb.chafik3719@mail.com,Junior trainee,Rabat,Junior,,24
2599,Zineb Chafik,zineb.chafik2599@mail.com,HR Officer,Tanger,Senior,,22
161,Zineb Chafik,zineb.chafik161@mail.com,Software Engineer,Casablanca,Mid,,18
1130,Zineb Chafik,zineb.chafik1130@mail.com,HR Officer,Fes,Mid,,22
2445,Zineb El Amrani,zineb.el2445@mail.com,Software Engineer,Tanger,Senior,,22
1282,Zineb El Amrani,zineb.el1282@mail.com,Project Manager,Tanger,Senior,,22
1396,Zineb El Amrani,zineb.el1396@mail.com,Project Manager,Marrakech,Mid,,20
3309,Zineb El Amrani,zineb.el3309@mail.com,Sales Executive,Marrakech,Senior,,20
3386,Zineb El Amrani,zineb.el3386@mail.com,Accountant,Agadir,Senior,,20
3391,Zineb El Amrani,zineb.el3391@mail.com,Software Engineer,Rabat,Senior,,16
2711,Zineb El Amrani,zineb.el2711@mail.com,Sales Executive,Tanger,Senior,,22
4115,Zineb El Amrani,zineb.el4115@mail.com,Marketing Specialist,Tanger,Mid,,20
739,Zineb El Amrani,zineb.el739@mail.com,Accountant,Rabat,Senior,,18
2389,Zineb El Amrani,zineb.el2389@mail.com,Network Technician,Casablanca,Senior,,18
1591,Zineb El Amrani,zineb.el1591@mail.com,Data Analyst,Casablanca,Senior,,20
2207,Zineb El Amrani,zineb.el2207@mail.com,Data Analyst,Fes,Senior,,20
4331,Zineb El Amrani,zineb.el4331@mail.com,Marketing Specialist,Marrakech,Senior,,16
3917,Zineb El Amrani,zineb.el3917@mail.com,Project Manager,Marrakech,Senior,,20
2786,Zineb El Amrani,zineb.el2786@mail.com,Customer Support Agent,Fes,Senior,,24
1304,Zineb El Amrani,zineb.el1304@mail.com,Software Engineer,Fes,Senior,,22
3774,Zineb El Amrani,zineb.el3774@mail.com,HR Officer,Marrakech,Junior,,18
3205,Zineb El Amrani,zineb.el3205@mail.com,HR Officer,Agadir,Junior,,20
3577,Zineb El Amrani,zineb.el3577@mail.com,Data Analyst,Rabat,Senior,,18
2478,Zineb El Amrani,zineb.el2478@mail.com,Network Technician,Tanger,Senior,,14
1746,Zineb El Amrani,zineb.el1746@mail.com,Network Technician,Marrakech,Senior,,18
4159,Zineb El Amrani,zineb.el4159@mail.com,Network Technician,Agadir,Senior,,22
3740,Zineb El Amrani,zineb.el3740@mail.com,HR Officer,Agadir,Mid,,16
329,Zineb El Idrissi,zineb.el329@mail.com,Network Technician,Marrakech,Senior,,22
3638,Zineb El Idrissi,zineb.el3638@mail.com,Marketing Specialist,Casablanca,Senior,,24
694,Zineb El Idrissi,zineb.el694@mail.com,Customer Support Agent,Rabat,Senior,,16
631,Zineb El Idrissi,zineb.el631@mail.com,Software Engineer,Marrakech,Senior,,18
2850,Zineb El Idrissi,zineb.el2850@mail.com,Customer Support Agent,Agadir,Junior,,22
260,Zineb El Idrissi,zineb.el260@mail.com,Data Analyst,Tanger,Senior,,22
4291,Zineb El Idrissi,zineb.el4291@mail.com,Accountant,Fes,Mid,,20
4396,Zineb El Idrissi,zineb.el4396@mail.com,Network Technician,Fes,Senior,,22
397,Zineb El Idrissi,zineb.el397@mail.com,Network Technician,Fes,Senior,,22
568,Zineb El Idrissi,zineb.el568@mail.com,HR Officer,Agadir,Junior,,20
3451,Zineb El Idrissi,zineb.el3451@mail.com,HR Officer,Fes,Junior,,24
1429,Zineb El Idrissi,zineb.el1429@mail.com,Accountant,Marrakech,Senior,,22
2242,Zineb El Idrissi,zineb.el2242@mail.com,Customer Support Agent,Marrakech,Mid,,24
2381,Zineb El Idrissi,zineb.el2381@mail.com,Data Analyst,Agadir,Senior,,18
4173,Zineb El Idrissi,zineb.el4173@mail.com,Software Engineer,Fes,Senior,,16
1071,Zineb El Idrissi,zineb.el1071@mail.com,Marketing Specialist,Rabat,Senior,,20
1620,Zineb El Idrissi,zineb.el1620@mail.com,Sales Executive,Casablanca,Senior,,22
1659,Zineb El Idrissi,zineb.el1659@mail.com,Customer Support Agent,Casablanca,Junior,,16
2054,Zineb El Idrissi,zineb.el2054@mail.com,HR Officer,Tanger,Junior,,20
21,Zineb El Idrissi,zineb.el21@mail.com,Customer Support Agent,Casablanca,Senior,,18
2814,Zineb El Idrissi,zineb.el2814@mail.com,Network Technician,Fes,Senior,,20
1692,Zineb El Idrissi,zineb.el1692@mail.com,Marketing Specialist,Marrakech,Senior,,20
4567,Zineb El Idrissi,zineb.el4567@mail.com,Customer Support Agent,Rabat,Senior,,24
2264,Zineb Fassi,zineb.fassi2264@mail.com,Sales Executive,Tanger,Senior,,22
816,Zineb Fassi,zineb.fassi816@mail.com,Accountant,Marrakech,Senior,,24
4785,Zineb Fassi,zineb.fassi4785@mail.com,Accountant,Marrakech,Senior,,20
3225,Zineb Fassi,zineb.fassi3225@mail.com,HR Officer,Tanger,Mid,,20
3636,Zineb Fassi,zineb.fassi3636@mail.com,Customer Support Agent,Agadir,Junior,,20
4502,Zineb Fassi,zineb.fassi4502@mail.com,Sales Executive,Fes,Senior,,18
3307,Zineb Fassi,zineb.fassi3307@mail.com,Network Technician,Marrakech,Senior,,22
2101,Zineb Fassi,zineb.fassi2101@mail.com,Marketing Specialist,Casablanca,Senior,,18
2847,Zineb Fassi,zineb.fassi2847@mail.com,Customer Support Agent,Agadir,Junior,,26
2927,Zineb Fassi,zineb.fassi2927@mail.com,Project Manager,Agadir,Mid,,20
4727,Zineb Fassi,zineb.fassi4727@mail.com,Accountant,Fes,Senior,,16
1690,Zineb Fassi,zineb.fassi1690@mail.com,Project Manager,Casablanca,Senior,,22
182,Zineb Fassi,zineb.fassi182@mail.com,Sales Executive,Tanger,Junior,,14
280,Zineb Fassi,zineb.fassi280@mail.com,Network Technician,Casablanca,Senior,,24
2770,Zineb Fassi,zineb.fassi2770@mail.com,Accountant,Fes,Senior,,20
3198,Zineb Fassi,zineb.fassi3198@mail.com,Sales Executive,Fes,Senior,,20
2041,Zineb Fassi,zineb.fassi2041@mail.com,Junior trainee,Fes,Junior,,20
2826,Zineb Fassi,zineb.fassi2826@mail.com,Data Analyst,Marrakech,Senior,,22
4680,Zineb Fassi,zineb.fassi4680@mail.com,Data Analyst,Rabat,Senior,,14
4689,Zineb Fassi,zineb.fassi4689@mail.com,Junior trainee,Marrakech,Junior,,24
4699,Zineb Fassi,zineb.fassi4699@mail.com,Software Engineer,Tanger,Senior,,22
151,Zineb Fassi,zineb.fassi151@mail.com,HR Officer,Fes,Junior,,18
2931,Zineb Raji,zineb.raji2931@mail.com,Network Technician,Fes,Mid,,18
2254,Zineb Raji,zineb.raji2254@mail.com,Project Manager,Rabat,Senior,,12
1524,Zineb Raji,zineb.raji1524@mail.com,Marketing Specialist,Casablanca,Mid,,16
4623,Zineb Raji,zineb.raji4623@mail.com,Customer Support Agent,Agadir,Junior,,16
4627,Zineb Raji,zineb.raji4627@mail.com,Junior trainee,Casablanca,Junior,,22
936,Zineb Raji,zineb.raji936@mail.com,Accountant,Marrakech,Senior,,18
3025,Zineb Raji,zineb.raji3025@mail.com,Sales Executive,Casablanca,Senior,,18
2162,Zineb Raji,zineb.raji2162@mail.com,Accountant,Tanger,Senior,,18
2566,Zineb Raji,zineb.raji2566@mail.com,Customer Support Agent,Agadir,Senior,,24
2855,Zineb Raji,zineb.raji2855@mail.com,HR Officer,Marrakech,Senior,,24
4205,Zineb Raji,zineb.raji4205@mail.com,Project Manager,Casablanca,Senior,,16
2696,Zineb Raji,zineb.raji2696@mail.com,Network Technician,Agadir,Mid,,18
2728,Zineb Raji,zineb.raji2728@mail.com,Accountant,Agadir,Mid,,22
1689,Zineb Raji,zineb.raji1689@mail.com,HR Officer,Agadir,Mid,,22
2641,Zineb Raji,zineb.raji2641@mail.com,Data Analyst,Casablanca,Senior,,16
2677,Zineb Raji,zineb.raji2677@mail.com,Marketing Specialist,Agadir,Senior,,20
4741,Zineb Raji,zineb.raji4741@mail.com,Project Manager,Fes,Mid,,16
3511,Zineb Raji,zineb.raji3511@mail.com,HR Officer,Fes,Senior,,22
1306,Zineb Raji,zineb.raji1306@mail.com,HR Officer,Agadir,Senior,,18
4968,Zineb Raji,zineb.raji4968@mail.com,Sales Executive,Casablanca,Mid,,22
497,Zineb Raji,zineb.raji497@mail.com,Sales Executive,Rabat,Senior,,20
2589,Zineb Raji,zineb.raji2589@mail.com,Network Technician,Tanger,Junior,,20
1749,Zineb Raji,zineb.raji1749@mail.com,Project Manager,Marrakech,Senior,,22
977,Zineb Raji,zineb.raji977@mail.com,Data Analyst,Fes,Senior,,16
444,Zineb Raji,zineb.raji444@mail.com,Data Analyst,Rabat,Senior,,22
589,Zineb Tahiri,zineb.tahiri589@mail.com,Data Analyst,Tanger,Senior,,24
596,Zineb Tahiri,zineb.tahiri596@mail.com,Data Analyst,Marrakech,Senior,,24
1088,Zineb Tahiri,zineb.tahiri1088@mail.com,Project Manager,Fes,Senior,,18
774,Zineb Tahiri,zineb.tahiri774@mail.com,Customer Support Agent,Tanger,Mid,,16
4344,Zineb Tahiri,zineb.tahiri4344@mail.com,Accountant,Rabat,Senior,,20
1065,Zineb Tahiri,zineb.tahiri1065@mail.com,HR Officer,Marrakech,Junior,,18
3219,Zineb Tahiri,zineb.tahiri3219@mail.com,Customer Support Agent,Fes,Mid,,22
3059,Zineb Tahiri,zineb.tahiri3059@mail.com,Accountant,Marrakech,Junior,,20
1517,Zineb Tahiri,zineb.tahiri1517@mail.com,Data Analyst,Marrakech,Senior,,18
1538,Zineb Tahiri,zineb.tahiri1538@mail.com,Project Manager,Tanger,Junior,,18
395,Zineb Tahiri,zineb.tahiri395@mail.com,Software Engineer,Fes,Senior,,18
423,Zineb Tahiri,zineb.tahiri423@mail.com,Project Manager,Marrakech,Senior,,20
2165,Zineb Tahiri,zineb.tahiri2165@mail.com,Accountant,Agadir,Senior,,20
4870,Zineb Tahiri,zineb.tahiri4870@mail.com,Customer Support Agent,Marrakech,Mid,,20
560,Zineb Tahiri,zineb.tahiri560@mail.com,Junior trainee,Marrakech,Junior,,20
4248,Zineb Tahiri,zineb.tahiri4248@mail.com,Customer Support Agent,Fes,Mid,,20
4265,Zineb Tahiri,zineb.tahiri4265@mail.com,Accountant,Tanger,Senior,,16
4749,Zineb Tahiri,zineb.tahiri4749@mail.com,Network Technician,Casablanca,Senior,,16
4758,Zineb Tahiri,zineb.tahiri4758@mail.com,HR Officer,Fes,Senior,,20
23,Zineb Tahiri,zineb.tahiri23@mail.com,Accountant,Fes,Junior,,20
29,Zineb Tahiri,zineb.tahiri29@mail.com,Sales Executive,Fes,Senior,,22
2952,Zineb Tahiri,zineb.tahiri2952@mail.com,Accountant,Casablanca,Mid,,20
1639,Zineb Tahiri,zineb.tahiri1639@mail.com,Project Manager,Agadir,Senior,,18
3238,Zineb Zerouali,zineb.zerouali3238@mail.com,Customer Support Agent,Agadir,Senior,,22
2250,Zineb Zerouali,zineb.zerouali2250@mail.com,Accountant,Casablanca,Mid,,14
4175,Zineb Zerouali,zineb.zerouali4175@mail.com,Project Manager,Agadir,Senior,,22
496,Zineb Zerouali,zineb.zerouali496@mail.com,Marketing Specialist,Rabat,Mid,,14
1189,Zineb Zerouali,zineb.zerouali1189@mail.com,Network Technician,Rabat,Senior,,18
3497,Zineb Zerouali,zineb.zerouali3497@mail.com,Customer Support Agent,Fes,Junior,,16
3632,Zineb Zerouali,zineb.zerouali3632@mail.com,Customer Support Agent,Fes,Junior,,16
1899,Zineb Zerouali,zineb.zerouali1899@mail.com,Network Technician,Rabat,Senior,,14
273,Zineb Zerouali,zineb.zerouali273@mail.com,Software Engineer,Marrakech,Senior,,18
4547,Zineb Zerouali,zineb.zerouali4547@mail.com,Software Engineer,Fes,Senior,,24
698,Zineb Zerouali,zineb.zerouali698@mail.com,Marketing Specialist,Fes,Mid,,26
379,Zineb Zerouali,zineb.zerouali379@mail.com,Customer Support Agent,Marrakech,Mid,,16
421,Zineb Zerouali,zineb.zerouali421@mail.com,Network Technician,Marrakech,Senior,,20
3964,Zineb Zerouali,zineb.zerouali3964@mail.com,Project Manager,Agadir,Mid,,18
3969,Zineb Zerouali,zineb.zerouali3969@mail.com,Sales Executive,Marrakech,Senior,,22
4917,Zineb Zerouali,zineb.zerouali4917@mail.com,Customer Support Agent,Casablanca,Mid,,20
4113,Zineb Zerouali,zineb.zerouali4113@mail.com,Data Analyst,Agadir,Senior,,20
1974,Zineb Zerouali,zineb.zerouali1974@mail.com,Junior trainee,Fes,Junior,,20
3688,Zineb Zerouali,zineb.zerouali3688@mail.com,Accountant,Agadir,Senior,,22
1778,Zineb Zerouali,zineb.zerouali1778@mail.com,Data Analyst,Casablanca,Mid,,12
988,Zineb Zerouali,zineb.zerouali988@mail.com,Software Engineer,Tanger,Senior,,18
3829,Zineb Zerouali,zineb.zerouali3829@mail.com,Marketing Specialist,Tanger,Senior,,20
2813,Zineb Zerouali,zineb.zerouali2813@mail.com,Sales Executive,Agadir,Senior,,24
59,Zineb Zerouali,zineb.zerouali59@mail.com,HR Officer,Agadir,Mid,,22
2269,Zineb Zerouali,zineb.zerouali2269@mail.com,Project Manager,Casablanca,Mid,,18
1666,Zineb Zerouali,zineb.zerouali1666@mail.com,Accountant,Agadir,Senior,,22
b4c089ae-9923-47df-83d9-7e1a28d8b1ab,avinash G,,,,,,34
66007ad7-bdc6-4828-9ced-99c3709ee226,camel chafii,chafii.camel@emsi-edu.com,,,,,0
2ca7d9be-c3ba-452c-a5a7-f625d7ab4ad7,chenna kesava,,,,,,40
eaed13e8-0ea0-4c2e-9244-5be6c206ab5b,harish S,,,,,,34
3201487f-37f7-423a-886f-23ffc4b29c4c,indrakaran soma,,,,,,27
bb841797-144e-4a9f-840f-59a9e723ce0c,jagadeesh k,,,,,,29
3f3f1d8e-277b-4087-aebf-fa279d066684,jeck P,,,,,,35
0310476a-c474-42a7-b9fe-4b31f30c35ec,kalyan das,,,,,,43
e75dfdb4-756a-4583-8e17-497b4c743b15,komal patel,,,,,,34
ba60a648-8077-4043-a08b-217216dfa55d,madhuri R,,,,,,37
58592053-9e00-496c-8a53-7adda7c2c513,madhuri java,,,,,,28
f75d529c-9d82-4212-bf50-82eafc138665,mahesh Java,,,,,,36
47c20ce8-28cc-4c66-9f71-2c0d367fa6b7,manish singh resume,,,,,,53
dca4fc54-dd6b-4d50-872f-32a662afa9ca,manohar.B,,,,,,44
a7413f8c-f9fd-4df9-b5ba-8c04b2d3ce85,mohamed habada,hebada@gmail.com,,,,,0
3c66c7d7-b0c3-4348-80ff-7cfdc29870f2,mohamed habada,hebada@gmail.com,,,,,0
86ec81fa-7e4b-434d-b3ec-c169f64d1874,mohamed habbada,hebada@gmail.com,,,,,0
413a296e-468e-4c5a-bf16-dfd989151941,mohammed boussbaa,mohammed.bousbaa@gmail.com,,,,,0
cf1c98ae-4a03-42ea-9f2a-e494d432e75d,mohid rj,,,,,,30
0031cb5a-23dd-4c27-84c7-f960038574ca,mounika BA resume 7,,,,,,36
0b2beea7-76a8-4baf-98cf-b2691ca5592f,niema nassime,niema.nassime@gmail.com,,,,,0
93edee3c-29ef-4edd-9667-2a41058d3370,nithin Reddy,,,,,,45
d6f556fe-d0be-4279-b3c2-af12530596dd,nithin katapally,,,,,,37
5c4574a4-1bfd-49f4-9e74-758af0bbe162,ram krishna,,,,,,31
94576ed5-e696-4f44-8718-0e1431c3b140,ram nandyala,,,,,,28
f226a7ff-c380-4d0a-9970-9638ba67c3d9,ravikiran JALASUTRAPU,,,,,,36
466e40eb-7c27-4dcd-bd8c-ded88cfbe526,ronith s,,,,,,35
423c1196-837c-4b89-8253-8736c3a8145c,sai k,,,,,,31
1c867863-9c84-4893-9dcc-9eb7dbce917f,sairithvik alla,,,,,,38
d38713ff-4645-4738-81b8-82fd0797242e,sanjay kumar,,,,,,27
d2635efb-85b3-4cb9-ab0e-15e814787175,srinivas b,,,,,,36
11f30986-c4ea-470a-8071-8652e3d043eb,test,test@mail.com,,,,,0
62dbc05e-5a12-46f7-af31-a13ef5aa56c0,vema reddy,,,,,,41
4ef330ed-b73f-4e9d-85bb-6344480b0c56,venu b,,,,,,32
964d9088-b351-4d10-92da-b4372aac6afe,vikas java,,,,,,42
