id,title,company,sector,location,salary,applicant_count,created_at
1513,Project Manager,Saham Assurance,Transport,Agadir,18100,140,
1563,Project Manager,Oracle Maroc,Energy,Rabat,23900,140,
1564,Project Manager,Stellantis Maroc,Industry,Agadir,25700,140,
1565,Project Manager,Stellantis Maroc,Industry,Rabat,25700,140,
1568,Project Manager,Glovo Maroc,Healthcare,Tanger,27700,140,
1699,Project Manager,Majorel,Industry,Agadir,20600,140,
1948,Project Manager,Managem,Healthcare,Rabat,25300,140,
2487,Project Manager,Vivo Energy Maroc,Telecom,Agadir,27500,140,
2493,Project Manager,Afriquia SMDC,Industry,Fes,21000,140,
1968,Project Manager,Novec,Industry,Marrakech,25700,140,
2509,Project Manager,Laprophan,Industry,Marrakech,20000,140,
2511,Project Manager,Novec,Industry,Rabat,20800,140,
2512,Project Manager,Novec,Industry,Tanger,22100,140,
1977,Project Manager,Alsa Maroc,Retail,Rabat,23800,140,
2525,Project Manager,Société Afriquia Marocaine de Distribution Services,Retail,Casablanca,27800,140,
2527,Project Manager,Société Afriquia Marocaine de Distribution Industrie,Finance,Tanger,22000,140,
2530,Project Manager,TotalEnergies Marketing Maroc Distribution,IT,Tanger,23600,140,
2531,Project Manager,TotalEnergies Marketing Maroc Industrie,Finance,Casablanca,19100,140,
2534,Project Manager,Vivo Energy Maroc Distribution,IT,Casablanca,19600,140,
2538,Project Manager,Peugeot Citroën Automobiles Maroc Distribution,IT,Fes,18800,140,
1705,Project Manager,Webhelp Maroc,Retail,Rabat,20200,140,
1982,Project Manager,Samsung Electronics Maghreb,Retail,Tanger,27500,140,
2550,Project Manager,Ciments du Maroc Distribution,Healthcare,Tanger,18300,140,
2553,Project Manager,Société Marocaine des Tabacs Services,IT,Rabat,25300,140,
2568,Project Manager,Cosumar,IT,Rabat,24600,140,
2569,Project Manager,Cosumar Services,Energy,Tanger,20800,140,
2577,Project Manager,Lesieur Cristal Services,Telecom,Tanger,23400,140,
2579,Project Manager,Lesieur Cristal Industrie,Retail,Agadir,18300,140,
2588,Project Manager,Sonasid,Energy,Agadir,26900,140,
2595,Project Manager,Nareva Holding Industrie,Healthcare,Rabat,26200,140,
2605,Project Manager,Royal Air Maroc Services,Finance,Casablanca,24700,140,
1731,Project Manager,TotalEnergies Maroc,Transport,Fes,19200,140,
2012,Project Manager,Banque Populaire,Retail,Fes,22200,140,
2025,Project Manager,Wafa Assurance,Industry,Rabat,21400,140,
2612,Project Manager,ADM Maroc,Transport,Agadir,18900,140,
2619,Project Manager,Lydec Industrie,Retail,Casablanca,27100,140,
2621,Project Manager,Redal Services,Retail,Tanger,22000,140,
2628,Project Manager,Intelcia,IT,Tanger,22400,140,
2634,Project Manager,Teleperformance Maroc Distribution,IT,Rabat,23000,140,
2037,Project Manager,Lesieur Cristal,Transport,Tanger,18700,140,
2655,Project Manager,CGI Maroc Industrie,Retail,Rabat,23100,140,
2040,Project Manager,Centrale Danone,IT,Tanger,23900,140,
2660,Project Manager,Sopra Steria Maroc,IT,Casablanca,27900,140,
2669,Project Manager,M2M Group Services,Transport,Marrakech,20200,140,
2046,Project Manager,LabelVie,Healthcare,Agadir,23500,140,
2678,Project Manager,Dislog Group Distribution,Construction,Agadir,21300,140,
2690,Project Manager,Akdital Distribution,Energy,Marrakech,21300,140,
2067,Project Manager,ONCF,Energy,Tanger,27800,140,
2069,Project Manager,ONCF,Energy,Rabat,20800,140,
2070,Project Manager,ONCF,Energy,Rabat,19000,140,
2725,Project Manager,GTR Services,Healthcare,Fes,21000,140,
2740,Project Manager,Saham Assurance,Transport,Marrakech,23300,140,
1574,Project Manager,Capgemini Maroc,Retail,Marrakech,25000,140,
1575,Project Manager,Capgemini Maroc,Retail,Rabat,24500,140,
1577,Project Manager,Afriquia SMDC,Industry,Tanger,25200,140,
1582,Project Manager,Wafa Assurance,Industry,Agadir,18600,140,
1589,Project Manager,Bim Maroc,Telecom,Marrakech,20100,140,
1756,Project Manager,Egis Maroc,Industry,Rabat,18200,140,
2071,Project Manager,ADM Maroc,Transport,Casablanca,19000,140,
2744,Project Manager,Wafa Assurance,Industry,Marrakech,18900,140,
2762,Project Manager,CIH Bank Distribution,Retail,Marrakech,25900,140,
2772,Project Manager,SQLI Maroc Groupe 4,Telecom,Agadir,27700,140,
2088,Project Manager,Intelcia,IT,Agadir,23900,140,
2092,Project Manager,Teleperformance Maroc,Healthcare,Fes,25300,140,
2784,Project Manager,TotalEnergies Maroc Groupe 4,Telecom,Rabat,27800,140,
2794,Project Manager,CID Groupe 4,Finance,Fes,19300,140,
1765,Project Manager,LG Electronics Maroc,Finance,Casablanca,20500,140,
2107,Project Manager,SQLI Maroc,Healthcare,Marrakech,23900,140,
2814,Project Manager,Cosumar Groupe 5,Telecom,Marrakech,23200,140,
2820,Project Manager,Bim Maroc Groupe 5,Healthcare,Marrakech,24600,140,
2826,Project Manager,Royal Air Maroc Groupe 5,Healthcare,Agadir,25400,140,
2120,Project Manager,Managem,Healthcare,Agadir,22600,140,
2831,Project Manager,Redal Groupe 5,Transport,Tanger,20900,140,
2837,Project Manager,Capgemini Maroc Groupe 5,Energy,Marrakech,19500,140,
2125,Project Manager,TotalEnergies Maroc,Transport,Tanger,22000,140,
2127,Project Manager,TotalEnergies Maroc,Transport,Casablanca,24900,140,
2128,Project Manager,Vivo Energy Maroc,Telecom,Casablanca,19400,140,
2850,Project Manager,Nareva Groupe 5,Construction,Fes,19200,140,
2856,Project Manager,Oncorad Group Groupe 5,Finance,Rabat,24500,140,
2861,Project Manager,Egis Maroc Groupe 5,Finance,Rabat,21600,140,
2131,Project Manager,Afriquia SMDC,Industry,Fes,26600,140,
2132,Project Manager,Afriquia SMDC,Industry,Agadir,27000,140,
2135,Project Manager,Société Afriquia Marocaine de Distribution,Healthcare,Casablanca,19600,140,
2870,Project Manager,Credit du Maroc Groupe 6,Transport,Fes,20200,140,
1601,Project Manager,HP Maroc,Transport,Marrakech,20000,140,
1602,Project Manager,HP Maroc,Transport,Fes,27500,140,
2139,Project Manager,Sothema,Telecom,Agadir,22600,140,
2881,Project Manager,Faurecia Maroc Groupe 6,Finance,Tanger,24800,140,
2901,Project Manager,Intelcia Groupe 6,Telecom,Marrakech,22400,140,
2904,Project Manager,Webhelp Maroc Groupe 6,IT,Casablanca,23500,140,
2905,Project Manager,Capgemini Maroc Groupe 6,Healthcare,Casablanca,21300,140,
2906,Project Manager,Inetum Maroc Groupe 6,Finance,Rabat,18600,140,
2161,Project Manager,Samsung Electronics Maghreb,Retail,Fes,21000,140,
2922,Project Manager,Winxo Groupe 6,Transport,Marrakech,25700,140,
2169,Project Manager,Dell Maroc,IT,Marrakech,20300,140,
2930,Project Manager,CID Groupe 6,Construction,Marrakech,20900,140,
2936,Project Manager,Banque Populaire Groupe 7,Telecom,Casablanca,26600,140,
2937,Project Manager,CIH Bank Groupe 7,Construction,Agadir,25600,140,
2942,Project Manager,Saham Assurance Groupe 7,Healthcare,Agadir,24900,140,
2943,Project Manager,AtlantaSanad Groupe 7,Industry,Casablanca,20800,140,
2945,Project Manager,Stellantis Maroc Groupe 7,Industry,Marrakech,26200,140,
1793,Project Manager,Attijariwafa Bank,Retail,Casablanca,18800,140,
2182,Project Manager,Maroc Telecom,Finance,Fes,18600,140,
2951,Project Manager,Lesieur Cristal Groupe 7,Energy,Agadir,23400,140,
2962,Project Manager,Marsa Maroc Logistics,Transport,Rabat,22700,140,
2963,Project Manager,Taqa Morocco,Energy,Agadir,20500,140,
2964,Project Manager,ONEE Electricite,Healthcare,Tanger,25000,140,
2971,Project Manager,Societe Generale Maroc,Industry,Marrakech,24400,140,
2978,Project Manager,Jet Contractors,Finance,Casablanca,23100,140,
1805,Project Manager,Wafa Assurance,Industry,Casablanca,25100,140,
2188,Project Manager,Attijariwafa Bank,Retail,Marrakech,23800,140,
2190,Project Manager,Banque Populaire,Retail,Casablanca,20700,140,
2192,Project Manager,Banque Populaire,Retail,Tanger,25000,140,
2193,Project Manager,Banque Populaire,Retail,Casablanca,21700,140,
2200,Project Manager,Saham Assurance,Transport,Marrakech,19200,140,
1527,Project Manager,Alsa Maroc,Retail,Rabat,22000,140,
1611,Project Manager,Microsoft Maroc,Energy,Casablanca,26500,140,
1613,Project Manager,OCP Group,Construction,Tanger,22700,140,
1620,Project Manager,Maroc Telecom,Finance,Fes,27100,140,
1621,Project Manager,Maroc Telecom,Finance,Rabat,25700,140,
1812,Project Manager,Stellantis Maroc,Industry,Fes,21700,140,
2205,Project Manager,Wafa Assurance,Industry,Fes,19800,140,
2214,Project Manager,Yazaki Maroc,Construction,Casablanca,25100,140,
1820,Project Manager,Yazaki Maroc,Construction,Tanger,19600,140,
1821,Project Manager,Yazaki Maroc,Construction,Tanger,19900,140,
2231,Project Manager,LabelVie,Healthcare,Casablanca,25700,140,
1837,Project Manager,Attijariwafa Bank,Retail,Rabat,24800,140,
2245,Project Manager,Jumia Maroc,Retail,Fes,22500,140,
2246,Project Manager,Jumia Maroc,Retail,Tanger,25900,140,
2248,Project Manager,Jumia Maroc,Retail,Rabat,27500,140,
2260,Project Manager,Lydec,Retail,Fes,22700,140,
1634,Project Manager,CIH Bank,Finance,Fes,19700,140,
1855,Project Manager,Renault Maroc,Construction,Tanger,20700,140,
2277,Project Manager,Webhelp Maroc,Retail,Tanger,20600,140,
2281,Project Manager,Inetum Maroc,Industry,Casablanca,18300,140,
2288,Project Manager,CGI Maroc,Energy,Tanger,25100,140,
2293,Project Manager,HPS,Transport,Casablanca,26500,140,
2298,Project Manager,M2M Group,Finance,Fes,18800,140,
1869,Project Manager,Lesieur Cristal,Transport,Tanger,27100,140,
2306,Project Manager,LafargeHolcim Maroc,Industry,Fes,20300,140,
2320,Project Manager,Société Afriquia Marocaine de Distribution,Healthcare,Agadir,19000,140,
2329,Project Manager,Laprophan,Industry,Casablanca,20000,140,
2333,Project Manager,Novec,Industry,Rabat,19300,140,
2336,Project Manager,Novec,Industry,Rabat,24000,140,
2338,Project Manager,Egis Maroc,Industry,Casablanca,23500,140,
1536,Project Manager,ADM Maroc,Transport,Rabat,25800,140,
1641,Project Manager,Stellantis Maroc,Industry,Casablanca,21100,140,
1645,Project Manager,Yazaki Maroc,Construction,Agadir,25600,140,
1648,Project Manager,Lear Corporation Maroc,Industry,Rabat,27400,140,
1891,Project Manager,Glovo Maroc,Healthcare,Tanger,23200,140,
1892,Project Manager,Glovo Maroc,Healthcare,Tanger,18100,140,
2359,Project Manager,HP Maroc,Transport,Marrakech,22600,140,
2362,Project Manager,Microsoft Maroc,Energy,Agadir,25700,140,
2366,Project Manager,OCP Group,Construction,Casablanca,22200,140,
2367,Project Manager,OCP Group,Construction,Casablanca,25900,140,
2368,Project Manager,OCP Group,Construction,Rabat,21000,140,
2369,Project Manager,Maroc Telecom,Finance,Tanger,25100,140,
1903,Project Manager,Redal,Energy,Fes,18400,140,
1907,Project Manager,Amendis,Finance,Casablanca,21200,140,
2373,Project Manager,Maroc Telecom,Finance,Fes,20600,140,
2379,Project Manager,Banque Populaire,Retail,Marrakech,18700,140,
2382,Project Manager,BMCE Bank of Africa,IT,Fes,23000,140,
2397,Project Manager,Stellantis Maroc,Industry,Tanger,22800,140,
2399,Project Manager,Yazaki Maroc,Construction,Tanger,21000,140,
1665,Project Manager,Marjane Holding,Finance,Marrakech,25000,140,
1917,Project Manager,Majorel,Industry,Rabat,23900,140,
2417,Project Manager,Marjane Holding,Finance,Rabat,24500,140,
1923,Project Manager,Webhelp Maroc,Retail,Agadir,25500,140,
2432,Project Manager,ONCF,Energy,Agadir,20800,140,
1670,Project Manager,Jumia Maroc,Retail,Fes,25700,140,
1927,Project Manager,Capgemini Maroc,Retail,Fes,23100,140,
2441,Project Manager,Redal,Energy,Fes,27700,140,
1936,Project Manager,HPS,Transport,Marrakech,20500,140,
2470,Project Manager,SQLI Maroc,Healthcare,Fes,23900,140,
2466,Customer Support Agent,CGI Maroc,Energy,Agadir,6400,135,
2063,Customer Support Agent,Glovo Maroc,Healthcare,Marrakech,6500,135,
2580,Customer Support Agent,Akwa Group,IT,Marrakech,8700,135,
1562,Customer Support Agent,Oracle Maroc,Energy,Tanger,8800,135,
1508,Customer Support Agent,Samsung Electronics Maghreb,Retail,Marrakech,6700,135,
2494,Customer Support Agent,Afriquia SMDC,Industry,Fes,7200,135,
1570,Customer Support Agent,Glovo Maroc,Healthcare,Casablanca,7900,135,
1694,Customer Support Agent,Intelcia,IT,Tanger,7400,135,
2574,Customer Support Agent,Centrale Danone Distribution,Energy,Fes,7200,135,
2542,Customer Support Agent,Renault Commerce Maroc Distribution,IT,Agadir,8300,135,
1973,Customer Support Agent,Egis Maroc,Industry,Marrakech,6200,135,
1974,Customer Support Agent,Egis Maroc,Industry,Agadir,6700,135,
1987,Customer Support Agent,LG Electronics Maroc,Finance,Rabat,7000,135,
1993,Customer Support Agent,HP Maroc,Transport,Marrakech,7800,135,
2557,Customer Support Agent,Samsung Electronics Maghreb Arab Services,Construction,Tanger,7400,135,
1554,Customer Support Agent,Yazaki Maroc,Construction,Tanger,8400,135,
1983,Customer Support Agent,Samsung Electronics Maghreb,Retail,Rabat,8500,135,
2020,Customer Support Agent,Saham Assurance,Transport,Rabat,8100,135,
2587,Customer Support Agent,Maghreb Steel Industrie,Retail,Tanger,8700,135,
2589,Customer Support Agent,Sonasid Services,Telecom,Tanger,6200,135,
1734,Customer Support Agent,Vivo Energy Maroc,Telecom,Tanger,8900,135,
1716,Customer Support Agent,SQLI Maroc,Healthcare,Casablanca,6500,135,
2607,Customer Support Agent,Royal Air Maroc Industrie,Energy,Rabat,6900,135,
2636,Customer Support Agent,Majorel,Industry,Agadir,7300,135,
2640,Customer Support Agent,Webhelp Maroc,Retail,Fes,6800,135,
2641,Customer Support Agent,Webhelp Maroc Services,Healthcare,Agadir,7900,135,
2028,Customer Support Agent,Renault Maroc,Construction,Rabat,7800,135,
2645,Customer Support Agent,Capgemini Engineering Maroc Services,Transport,Fes,7500,135,
2648,Customer Support Agent,Inetum Maroc,Industry,Fes,7800,135,
1726,Customer Support Agent,Managem,Healthcare,Tanger,6100,135,
2626,Customer Support Agent,Amendis Distribution,Industry,Agadir,8300,135,
2615,Customer Support Agent,ADM Maroc Industrie,Healthcare,Tanger,7600,135,
2679,Customer Support Agent,Dislog Group Industrie,Energy,Tanger,7700,135,
2680,Customer Support Agent,SNTL,Industry,Casablanca,7700,135,
2657,Customer Support Agent,SQLI Maroc Services,Transport,Rabat,6700,135,
1542,Customer Support Agent,Sothema,Telecom,Agadir,7500,135,
1545,Customer Support Agent,Sothema,Telecom,Agadir,6900,135,
92,Customer Support Agent,Société Générale Maroc,Industry,Tanger,8500,135,
2052,Customer Support Agent,Acima,IT,Agadir,6300,135,
2053,Customer Support Agent,Acima,IT,Fes,7100,135,
2707,Customer Support Agent,Laprophan Industrie,Telecom,Casablanca,8500,135,
2708,Customer Support Agent,Novec,Industry,Tanger,6800,135,
2713,Customer Support Agent,Egis Maroc Services,Retail,Rabat,6200,135,
2058,Customer Support Agent,Bim Maroc,Telecom,Marrakech,7000,135,
2847,Customer Support Agent,Ciments du Maroc Groupe 5,Energy,Rabat,7000,135,
2761,Customer Support Agent,CIH Bank Services,Finance,Fes,8000,135,
2764,Customer Support Agent,Credit du Maroc,Energy,Casablanca,7800,135,
2767,Customer Support Agent,Credit du Maroc Industrie,Industry,Tanger,7500,135,
2720,Customer Support Agent,SGTM,Healthcare,Casablanca,8000,135,
2758,Customer Support Agent,Attijariwafa Bank Distribution,Finance,Marrakech,7700,135,
2741,Customer Support Agent,Saham Assurance Services,Energy,Fes,8900,135,
2747,Customer Support Agent,Wafa Assurance Industrie,Healthcare,Rabat,7000,135,
2751,Customer Support Agent,AtlantaSanad Industrie,Construction,Agadir,7200,135,
2752,Customer Support Agent,Banque Centrale Populaire,Industry,Tanger,7600,135,
2072,Customer Support Agent,ADM Maroc,Transport,Casablanca,8200,135,
1747,Customer Support Agent,Laprophan,Industry,Casablanca,7800,135,
1752,Customer Support Agent,Novec,Industry,Agadir,8100,135,
1754,Customer Support Agent,Egis Maroc,Industry,Agadir,7300,135,
1758,Customer Support Agent,CID,Healthcare,Agadir,6700,135,
1759,Customer Support Agent,CID,Healthcare,Agadir,8600,135,
2101,Customer Support Agent,Capgemini Maroc,Retail,Fes,8300,135,
2104,Customer Support Agent,CGI Maroc,Energy,Casablanca,6200,135,
2804,Customer Support Agent,BMCE Bank of Africa Groupe 5,Transport,Fes,6900,135,
2090,Customer Support Agent,Intelcia,IT,Rabat,8000,135,
2773,Customer Support Agent,Sopra Steria Maroc Groupe 4,Retail,Agadir,7200,135,
2774,Customer Support Agent,HPS Groupe 4,Construction,Rabat,8000,135,
1761,Customer Support Agent,Samsung Electronics Maghreb,Retail,Fes,7200,135,
1764,Customer Support Agent,Samsung Electronics Maghreb,Retail,Rabat,8000,135,
1768,Customer Support Agent,Dell Maroc,IT,Agadir,6400,135,
2792,Customer Support Agent,Novec Groupe 4,Industry,Marrakech,8900,135,
2793,Customer Support Agent,Egis Maroc Groupe 4,Construction,Marrakech,6600,135,
2838,Customer Support Agent,Inetum Maroc Groupe 5,Construction,Marrakech,6200,135,
2841,Customer Support Agent,Sopra Steria Maroc Groupe 5,Construction,Casablanca,6800,135,
1775,Customer Support Agent,Oracle Maroc,Energy,Tanger,6800,135,
2812,Customer Support Agent,SEWS Maroc Groupe 5,IT,Rabat,8800,135,
2817,Customer Support Agent,LabelVie Groupe 5,Telecom,Agadir,8500,135,
2867,Customer Support Agent,Attijariwafa Bank Groupe 6,Transport,Fes,7800,135,
2869,Customer Support Agent,CIH Bank Groupe 6,Transport,Marrakech,7500,135,
2117,Customer Support Agent,Dislog Group,Construction,Fes,6800,135,
1784,Customer Support Agent,OCP Group,Construction,Fes,8100,135,
2894,Customer Support Agent,Royal Air Maroc Groupe 6,Transport,Rabat,6500,135,
2134,Customer Support Agent,Société Afriquia Marocaine de Distribution,Healthcare,Marrakech,7300,135,
2136,Customer Support Agent,Société Afriquia Marocaine de Distribution,Healthcare,Marrakech,8200,135,
2150,Customer Support Agent,Egis Maroc,Industry,Casablanca,7300,135,
2858,Customer Support Agent,Sothema Groupe 5,Industry,Casablanca,6700,135,
1786,Customer Support Agent,OCP Group,Construction,Marrakech,7200,135,
2899,Customer Support Agent,Redal Groupe 6,Finance,Fes,8400,135,
2903,Customer Support Agent,Majorel Groupe 6,Retail,Marrakech,7300,135,
2142,Customer Support Agent,Sothema,Telecom,Fes,7000,135,
2143,Customer Support Agent,Laprophan,Industry,Casablanca,7100,135,
2969,Customer Support Agent,CFG Bank,Energy,Rabat,8600,135,
1800,Customer Support Agent,CIH Bank,Finance,Casablanca,6600,135,
2165,Customer Support Agent,LG Electronics Maroc,Finance,Tanger,6800,135,
2170,Customer Support Agent,Dell Maroc,IT,Agadir,8700,135,
2938,Customer Support Agent,Credit du Maroc Groupe 7,Transport,Agadir,8400,135,
2939,Customer Support Agent,Al Barid Bank Groupe 7,Healthcare,Rabat,6400,135,
2175,Customer Support Agent,Microsoft Maroc,Energy,Marrakech,8500,135,
2934,Customer Support Agent,Maroc Telecom Groupe 7,Construction,Casablanca,6400,135,
2186,Customer Support Agent,Attijariwafa Bank,Retail,Agadir,7000,135,
2984,Customer Support Agent,Ynna Holding,Energy,Agadir,6600,135,
2990,Customer Support Agent,Mutandis,IT,Agadir,8100,135,
2949,Customer Support Agent,Faurecia Maroc Groupe 7,IT,Casablanca,7700,135,
2313,Customer Support Agent,TotalEnergies Maroc,Transport,Fes,8000,135,
1842,Customer Support Agent,Banque Populaire,Retail,Rabat,6300,135,
1814,Customer Support Agent,Stellantis Maroc,Industry,Tanger,7300,135,
1530,Customer Support Agent,BMCE Bank of Africa,IT,Casablanca,7100,135,
2203,Customer Support Agent,Wafa Assurance,Industry,Tanger,8300,135,
1610,Customer Support Agent,Microsoft Maroc,Energy,Fes,7100,135,
2232,Customer Support Agent,Marjane Holding,Finance,Agadir,8100,135,
2212,Customer Support Agent,Yazaki Maroc,Construction,Rabat,7600,135,
2219,Customer Support Agent,Cosumar,IT,Casablanca,7200,135,
1834,Customer Support Agent,Lesieur Cristal,Transport,Tanger,7100,135,
2207,Customer Support Agent,Renault Maroc,Construction,Casablanca,7100,135,
2211,Customer Support Agent,Yazaki Maroc,Construction,Rabat,6700,135,
1822,Customer Support Agent,Lear Corporation Maroc,Industry,Rabat,7000,135,
1823,Customer Support Agent,Lear Corporation Maroc,Industry,Rabat,6800,135,
1519,Customer Support Agent,Teleperformance Maroc,Healthcare,Marrakech,8600,135,
2266,Customer Support Agent,Intelcia,IT,Tanger,6600,135,
2243,Customer Support Agent,Bim Maroc,Telecom,Rabat,8800,135,
1640,Customer Support Agent,Renault Maroc,Construction,Casablanca,7300,135,
2282,Customer Support Agent,Inetum Maroc,Industry,Casablanca,8100,135,
2286,Customer Support Agent,CGI Maroc,Energy,Fes,8800,135,
2304,Customer Support Agent,Managem,Healthcare,Agadir,6500,135,
2290,Customer Support Agent,SQLI Maroc,Healthcare,Tanger,6600,135,
2291,Customer Support Agent,HPS,Transport,Agadir,8400,135,
2440,Customer Support Agent,Redal,Energy,Rabat,8700,135,
1908,Customer Support Agent,Intelcia,IT,Fes,6400,135,
1540,Customer Support Agent,SQLI Maroc,Healthcare,Tanger,8500,135,
2342,Customer Support Agent,CID,Healthcare,Tanger,8000,135,
2351,Customer Support Agent,Samsung Electronics Maghreb,Retail,Casablanca,6200,135,
2355,Customer Support Agent,HP Maroc,Transport,Agadir,8800,135,
2365,Customer Support Agent,OCP Group,Construction,Casablanca,7600,135,
2370,Customer Support Agent,Maroc Telecom,Finance,Casablanca,7200,135,
2358,Customer Support Agent,HP Maroc,Transport,Tanger,6800,135,
1894,Customer Support Agent,Glovo Maroc,Healthcare,Agadir,7300,135,
1900,Customer Support Agent,Lydec,Retail,Casablanca,8100,135,
1930,Customer Support Agent,Capgemini Maroc,Retail,Tanger,9000,135,
1661,Customer Support Agent,LabelVie,Healthcare,Agadir,8300,135,
2375,Customer Support Agent,Attijariwafa Bank,Retail,Marrakech,6600,135,
2413,Customer Support Agent,Centrale Danone,IT,Tanger,7800,135,
2414,Customer Support Agent,Centrale Danone,IT,Rabat,8700,135,
37,Customer Support Agent,Renault Maroc,Construction,Marrakech,7800,135,
2425,Customer Support Agent,Jumia Maroc,Retail,Casablanca,8400,135,
2422,Customer Support Agent,Acima,IT,Tanger,6200,135,
1911,Customer Support Agent,Intelcia,IT,Agadir,7400,135,
1913,Customer Support Agent,Teleperformance Maroc,Healthcare,Casablanca,7900,135,
1916,Customer Support Agent,Teleperformance Maroc,Healthcare,Rabat,7500,135,
2449,Customer Support Agent,Teleperformance Maroc,Healthcare,Fes,8700,135,
2439,Customer Support Agent,Lydec,Retail,Fes,6000,135,
2463,Customer Support Agent,Inetum Maroc,Industry,Tanger,6400,135,
1920,Customer Support Agent,Majorel,Industry,Agadir,8800,135,
1922,Customer Support Agent,Webhelp Maroc,Retail,Agadir,8600,135,
2987,Accountant,TGCC,Healthcare,Fes,9000,130,
1561,Accountant,Oracle Maroc,Energy,Tanger,9500,130,
2195,Accountant,BMCE Bank of Africa,IT,Marrakech,8600,130,
1684,Accountant,ADM Maroc,Transport,Fes,9100,130,
2480,Accountant,Dislog Group,Construction,Agadir,10000,130,
1962,Accountant,Société Afriquia Marocaine de Distribution,Healthcare,Rabat,9200,130,
1956,Accountant,Vivo Energy Maroc,Telecom,Fes,9300,130,
1960,Accountant,Akdital,Construction,Tanger,9900,130,
2500,Accountant,Société Afriquia Marocaine de Distribution,Healthcare,Tanger,9200,130,
2501,Accountant,Société Afriquia Marocaine de Distribution,Healthcare,Marrakech,9200,130,
2503,Accountant,Sothema,Telecom,Tanger,9700,130,
2506,Accountant,Sothema,Telecom,Fes,7500,130,
2575,Accountant,Centrale Danone Industrie,Construction,Agadir,9100,130,
2582,Accountant,Akwa Group Distribution,Finance,Fes,9900,130,
2519,Accountant,Alsa Maroc,Retail,Tanger,9700,130,
2064,Accountant,Glovo Maroc,Healthcare,Casablanca,10300,130,
1946,Accountant,Managem,Healthcare,Tanger,9200,130,
1950,Accountant,LafargeHolcim Maroc,Industry,Rabat,10000,130,
1569,Accountant,Glovo Maroc,Healthcare,Tanger,9800,130,
2526,Accountant,Société Afriquia Marocaine de Distribution Distribution,Retail,Agadir,7000,130,
55,Accountant,Glovo Maroc,Healthcare,Marrakech,9300,130,
2564,Accountant,Managem,Healthcare,Marrakech,9700,130,
1700,Accountant,Majorel,Industry,Agadir,8600,130,
1998,Accountant,OCP Group,Construction,Fes,9400,130,
2001,Accountant,OCP Group,Construction,Agadir,7800,130,
2535,Accountant,Vivo Energy Maroc Industrie,Energy,Rabat,9400,130,
2539,Accountant,Peugeot Citroën Automobiles Maroc Industrie,Construction,Tanger,10000,130,
2010,Accountant,Banque Populaire,Retail,Agadir,9400,130,
2011,Accountant,Banque Populaire,Retail,Agadir,7900,130,
1703,Accountant,Webhelp Maroc,Retail,Fes,9000,130,
2021,Accountant,Saham Assurance,Transport,Agadir,9000,130,
2027,Accountant,Renault Maroc,Construction,Agadir,10200,130,
1980,Accountant,Alsa Maroc,Retail,Rabat,9400,130,
2036,Accountant,Cosumar,IT,Marrakech,8500,130,
1550,Accountant,Yazaki Maroc,Construction,Rabat,8900,130,
1557,Accountant,Inetum Maroc,Industry,Marrakech,8600,130,
2552,Accountant,Société Marocaine des Tabacs,Construction,Casablanca,9100,130,
2555,Accountant,Société Marocaine des Tabacs Industrie,Finance,Marrakech,9100,130,
2638,Accountant,Majorel Distribution,Construction,Marrakech,9800,130,
2014,Accountant,BMCE Bank of Africa,IT,Fes,8800,130,
2015,Accountant,BMCE Bank of Africa,IT,Rabat,8700,130,
2019,Accountant,CIH Bank,Finance,Fes,8100,130,
2590,Accountant,Sonasid Distribution,Energy,Rabat,7100,130,
1714,Accountant,CGI Maroc,Energy,Rabat,8000,130,
93,Accountant,Société Générale Maroc,Industry,Tanger,7900,130,
96,Accountant,Managem,Healthcare,Casablanca,12100,130,
2677,Accountant,Dislog Group Services,Transport,Tanger,8400,130,
2683,Accountant,SNTL Industrie,Healthcare,Tanger,9000,130,
1721,Accountant,M2M Group,Finance,Casablanca,9800,130,
2044,Accountant,LabelVie,Healthcare,Tanger,9600,130,
2646,Accountant,Capgemini Engineering Maroc Distribution,Construction,Rabat,9900,130,
2695,Accountant,Oncorad Group Industrie,Industry,Agadir,8700,130,
2047,Accountant,Marjane Holding,Finance,Casablanca,9000,130,
2651,Accountant,Inetum Maroc Industrie,Transport,Casablanca,9800,130,
2727,Accountant,GTR Industrie,Construction,Rabat,9400,130,
2668,Accountant,M2M Group,Finance,Agadir,7700,130,
2980,Accountant,Fenie Brossette,Retail,Agadir,9300,130,
2981,Accountant,Colorado Maroc,Transport,Marrakech,9900,130,
1769,Accountant,Dell Maroc,IT,Rabat,9600,130,
1774,Accountant,Oracle Maroc,Energy,Fes,8400,130,
2057,Accountant,Bim Maroc,Telecom,Tanger,9000,130,
1807,Accountant,Wafa Assurance,Industry,Casablanca,9300,130,
1585,Accountant,Wafa Assurance,Industry,Tanger,10000,130,
1588,Accountant,Bim Maroc,Telecom,Agadir,9800,130,
2710,Accountant,Novec Distribution,Healthcare,Casablanca,8700,130,
2711,Accountant,Novec Industrie,Transport,Agadir,7200,130,
2718,Accountant,CID Distribution,Industry,Tanger,9600,130,
2852,Accountant,TotalEnergies Maroc Groupe 5,Finance,Marrakech,8500,130,
2802,Accountant,Credit du Maroc Groupe 5,Telecom,Fes,9100,130,
2803,Accountant,Al Barid Bank Groupe 5,Telecom,Agadir,9300,130,
2753,Accountant,Banque Centrale Populaire Services,Finance,Marrakech,9200,130,
1504,Accountant,HP Maroc,Transport,Marrakech,9400,130,
1505,Accountant,HP Maroc,Transport,Tanger,9800,130,
2778,Accountant,LafargeHolcim Maroc Groupe 4,Transport,Rabat,10000,130,
2094,Accountant,Teleperformance Maroc,Healthcare,Marrakech,9800,130,
2095,Accountant,Majorel,Industry,Marrakech,7100,130,
2824,Accountant,Dislog Group Groupe 5,Retail,Agadir,8600,130,
2807,Accountant,AtlantaSanad Groupe 5,Finance,Rabat,7800,130,
1767,Accountant,Dell Maroc,IT,Agadir,9400,130,
2834,Accountant,Teleperformance Maroc Groupe 5,Retail,Fes,9300,130,
2835,Accountant,Majorel Groupe 5,Transport,Rabat,9000,130,
2180,Accountant,Maroc Telecom,Finance,Rabat,10300,130,
2149,Accountant,Egis Maroc,Industry,Rabat,7200,130,
2155,Accountant,CID,Healthcare,Marrakech,8600,130,
2156,Accountant,CID,Healthcare,Fes,7400,130,
2908,Accountant,SQLI Maroc Groupe 6,Healthcare,Marrakech,9100,130,
2911,Accountant,M2M Group Groupe 6,Finance,Tanger,9500,130,
2915,Accountant,Ciments du Maroc Groupe 6,Industry,Tanger,9800,130,
2919,Accountant,Vivo Energy Maroc Groupe 6,Finance,Casablanca,9500,130,
2921,Accountant,Afriquia SMDC Groupe 6,Construction,Tanger,8400,130,
1778,Accountant,Oracle Maroc,Energy,Rabat,7800,130,
1779,Accountant,Microsoft Maroc,Energy,Rabat,10300,130,
1781,Accountant,Microsoft Maroc,Energy,Rabat,8600,130,
1783,Accountant,Microsoft Maroc,Energy,Marrakech,8500,130,
2879,Accountant,Lear Maroc Groupe 6,Healthcare,Rabat,9500,130,
2935,Accountant,Attijariwafa Bank Groupe 7,Retail,Agadir,8500,130,
2965,Accountant,ONEE Eau,Telecom,Fes,8700,130,
1591,Accountant,Bim Maroc,Telecom,Agadir,9300,130,
1592,Accountant,Majorel,Industry,Fes,9400,130,
2138,Accountant,Sothema,Telecom,Tanger,7500,130,
2140,Accountant,Sothema,Telecom,Fes,7600,130,
1785,Accountant,OCP Group,Construction,Tanger,7700,130,
2897,Accountant,Alsa Maroc Groupe 6,Construction,Casablanca,9200,130,
2958,Accountant,Jumia Maroc Groupe 7,IT,Marrakech,9900,130,
1797,Accountant,CIH Bank,Finance,Marrakech,7200,130,
1799,Accountant,CIH Bank,Finance,Rabat,7800,130,
2941,Accountant,Wafa Assurance Groupe 7,Industry,Agadir,8800,130,
2948,Accountant,SEWS Maroc Groupe 7,Finance,Marrakech,8700,130,
2953,Accountant,LabelVie Groupe 7,Energy,Marrakech,8500,130,
72,Accountant,Addoha,Telecom,Tanger,9100,130,
1938,Accountant,HPS,Transport,Rabat,8200,130,
2222,Accountant,Lesieur Cristal,Transport,Marrakech,9700,130,
1617,Accountant,Maroc Telecom,Finance,Rabat,7500,130,
1829,Accountant,Cosumar,IT,Casablanca,8500,130,
1831,Accountant,Lesieur Cristal,Transport,Agadir,9500,130,
2196,Accountant,BMCE Bank of Africa,IT,Rabat,8400,130,
1810,Accountant,Renault Maroc,Construction,Fes,9000,130,
1816,Accountant,Stellantis Maroc,Industry,Tanger,8500,130,
1531,Accountant,BMCE Bank of Africa,IT,Casablanca,8400,130,
2213,Accountant,Yazaki Maroc,Construction,Tanger,9800,130,
2220,Accountant,Lesieur Cristal,Transport,Rabat,7200,130,
2229,Accountant,LabelVie,Healthcare,Agadir,8500,130,
2236,Accountant,Acima,IT,Casablanca,8200,130,
1637,Accountant,Wafa Assurance,Industry,Marrakech,8800,130,
1826,Accountant,Lear Corporation Maroc,Industry,Casablanca,10400,130,
1859,Accountant,Stellantis Maroc,Industry,Rabat,9900,130,
1849,Accountant,Saham Assurance,Transport,Casablanca,9000,130,
2250,Accountant,Royal Air Maroc,Transport,Rabat,7300,130,
1626,Accountant,Banque Populaire,Retail,Casablanca,9700,130,
2256,Accountant,ONCF,Energy,Tanger,7200,130,
2262,Accountant,Redal,Energy,Tanger,10200,130,
2241,Accountant,Bim Maroc,Telecom,Casablanca,10500,130,
1861,Accountant,Yazaki Maroc,Construction,Marrakech,7400,130,
2275,Accountant,Majorel,Industry,Tanger,9900,130,
2263,Accountant,Redal,Energy,Rabat,9800,130,
10,Accountant,Maroc Telecom,Finance,Tanger,8700,130,
23,Accountant,Jumia Maroc,Retail,Fès,10700,130,
28,Accountant,OCP Group,Construction,Casablanca,13000,130,
2436,Accountant,ADM Maroc,Transport,Marrakech,9700,130,
2353,Accountant,LG Electronics Maroc,Finance,Tanger,8400,130,
2444,Accountant,Intelcia,IT,Agadir,9900,130,
1880,Accountant,Marjane Holding,Finance,Marrakech,9200,130,
1881,Accountant,Marjane Holding,Finance,Marrakech,8100,130,
1882,Accountant,Acima,IT,Fes,8500,130,
2322,Accountant,Société Afriquia Marocaine de Distribution,Healthcare,Fes,7200,130,
1887,Accountant,Bim Maroc,Telecom,Fes,7900,130,
1657,Accountant,Centrale Danone,IT,Tanger,9000,130,
1643,Accountant,Stellantis Maroc,Industry,Tanger,8900,130,
1647,Accountant,Lear Corporation Maroc,Industry,Agadir,7300,130,
1539,Accountant,SQLI Maroc,Healthcare,Casablanca,9500,130,
2395,Accountant,Stellantis Maroc,Industry,Tanger,7900,130,
1906,Accountant,Amendis,Finance,Agadir,7200,130,
2450,Accountant,Teleperformance Maroc,Healthcare,Rabat,9900,130,
2453,Accountant,Teleperformance Maroc,Healthcare,Rabat,9800,130,
1663,Accountant,Marjane Holding,Finance,Tanger,7700,130,
1933,Accountant,Inetum Maroc,Industry,Agadir,9800,130,
1934,Accountant,CGI Maroc,Energy,Rabat,9000,130,
2404,Accountant,Lear Corporation Maroc,Industry,Marrakech,8500,130,
2385,Accountant,BMCE Bank of Africa,IT,Agadir,8400,130,
2388,Accountant,Saham Assurance,Transport,Casablanca,8600,130,
1918,Accountant,Majorel,Industry,Agadir,9900,130,
1667,Accountant,Bim Maroc,Telecom,Agadir,9600,130,
1672,Accountant,Jumia Maroc,Retail,Agadir,7100,130,
1673,Accountant,Jumia Maroc,Retail,Fes,9700,130,
2377,Accountant,Banque Populaire,Retail,Marrakech,7700,130,
29,Accountant,OCP Group,Construction,Rabat,10500,130,
2429,Accountant,Royal Air Maroc,Transport,Marrakech,7600,130,
6,Software Engineer,CGI Maroc,Energy,Agadir,12700,127,
9,Software Engineer,Renault Maroc,Construction,Rabat,14400,127,
1510,Software Engineer,Samsung Electronics Maghreb,Retail,Fes,19500,127,
1511,Software Engineer,Saham Assurance,Transport,Agadir,18800,127,
39,Software Engineer,Renault Maroc,Construction,Rabat,17100,127,
43,Software Engineer,Renault Maroc,Construction,Rabat,16700,127,
48,Software Engineer,BMCE Bank of Africa,IT,Marrakech,15300,127,
49,Software Engineer,OCP Group,Construction,Fès,18700,127,
51,Software Engineer,Glovo Maroc,Healthcare,Fès,19300,127,
99,Software Engineer,Royal Air Maroc,Transport,Fès,14000,127,
1501,Software Engineer,OCP Group,Construction,Rabat,12800,127,
1503,Software Engineer,HP Maroc,Transport,Casablanca,12200,127,
1524,Software Engineer,LafargeHolcim Maroc,Industry,Marrakech,14800,127,
1518,Software Engineer,Teleperformance Maroc,Healthcare,Tanger,15900,127,
1520,Software Engineer,Teleperformance Maroc,Healthcare,Rabat,15800,127,
83,Software Engineer,Addoha,Telecom,Agadir,16800,127,
84,Software Engineer,Addoha,Telecom,Marrakech,14300,127,
88,Software Engineer,Addoha,Telecom,Rabat,12100,127,
91,Software Engineer,Attijariwafa Bank,Retail,Tanger,19300,127,
18,Software Engineer,ONCF,Energy,Marrakech,17400,127,
1534,Software Engineer,Cosumar,IT,Casablanca,18800,127,
1538,Software Engineer,ADM Maroc,Transport,Marrakech,19000,127,
2428,Software Engineer,Glovo Maroc,Healthcare,Casablanca,13000,126,
1999,Software Engineer,OCP Group,Construction,Marrakech,14600,126,
2194,Software Engineer,BMCE Bank of Africa,IT,Fes,13800,126,
2702,Software Engineer,Sothema Distribution,IT,Marrakech,12500,126,
2704,Software Engineer,Laprophan,Industry,Marrakech,13200,126,
1681,Software Engineer,Royal Air Maroc,Transport,Fes,17000,126,
1990,Software Engineer,HP Maroc,Transport,Agadir,13000,126,
1991,Software Engineer,HP Maroc,Transport,Casablanca,18100,126,
1924,Software Engineer,Webhelp Maroc,Retail,Marrakech,13500,126,
2504,Software Engineer,Sothema,Telecom,Rabat,19600,126,
2508,Software Engineer,Laprophan,Industry,Agadir,14500,126,
1954,Software Engineer,TotalEnergies Maroc,Transport,Fes,12200,126,
1683,Software Engineer,ONCF,Energy,Fes,16400,126,
2468,Software Engineer,SQLI Maroc,Healthcare,Marrakech,16800,126,
2469,Software Engineer,SQLI Maroc,Healthcare,Agadir,14400,126,
1965,Software Engineer,Laprophan,Industry,Fes,16400,126,
2483,Software Engineer,Managem,Healthcare,Tanger,17600,126,
2477,Software Engineer,M2M Group,Finance,Agadir,17100,126,
1795,Software Engineer,Banque Populaire,Retail,Casablanca,16200,126,
2576,Software Engineer,Lesieur Cristal,Transport,Agadir,19400,126,
1971,Software Engineer,Novec,Industry,Rabat,13900,126,
2513,Software Engineer,Egis Maroc,Industry,Tanger,12200,126,
2514,Software Engineer,Egis Maroc,Industry,Fes,18700,126,
2517,Software Engineer,Alsa Maroc,Retail,Casablanca,18900,126,
2520,Software Engineer,Dell Maroc,IT,Agadir,20000,126,
2521,Software Engineer,Dell Maroc,IT,Fes,17600,126,
2523,Software Engineer,Dell Maroc,IT,Marrakech,15600,126,
2658,Software Engineer,SQLI Maroc Distribution,Healthcare,Rabat,19600,126,
1572,Software Engineer,Capgemini Maroc,Retail,Rabat,13400,126,
1573,Software Engineer,Capgemini Maroc,Retail,Casablanca,13600,126,
1945,Software Engineer,Managem,Healthcare,Agadir,14900,126,
2567,Software Engineer,Managem Industrie,Energy,Tanger,14300,126,
2570,Software Engineer,Cosumar Distribution,Telecom,Agadir,12200,126,
2050,Software Engineer,Marjane Holding,Finance,Casablanca,12100,126,
2691,Software Engineer,Akdital Industrie,Telecom,Agadir,12500,126,
2536,Software Engineer,Peugeot Citroën Automobiles Maroc,Finance,Rabat,17600,126,
2541,Software Engineer,Renault Commerce Maroc Services,IT,Fes,17700,126,
1549,Software Engineer,Microsoft Maroc,Energy,Tanger,13000,126,
1551,Software Engineer,Yazaki Maroc,Construction,Agadir,16300,126,
1553,Software Engineer,Yazaki Maroc,Construction,Marrakech,19500,126,
1981,Software Engineer,Samsung Electronics Maghreb,Retail,Casablanca,17200,126,
1985,Software Engineer,LG Electronics Maroc,Finance,Tanger,12400,126,
1730,Software Engineer,TotalEnergies Maroc,Transport,Fes,15300,126,
2023,Software Engineer,Saham Assurance,Transport,Tanger,18100,126,
2030,Software Engineer,Stellantis Maroc,Industry,Marrakech,18800,126,
2031,Software Engineer,Stellantis Maroc,Industry,Agadir,16400,126,
2600,Software Engineer,Tanger Med Port Authority,IT,Rabat,13800,126,
2602,Software Engineer,Tanger Med Port Authority Distribution,Transport,Casablanca,17900,126,
2625,Software Engineer,Amendis Services,Retail,Tanger,12900,126,
2179,Software Engineer,OCP Group,Construction,Tanger,16000,126,
2694,Software Engineer,Oncorad Group Distribution,Telecom,Marrakech,13200,126,
2591,Software Engineer,Sonasid Industrie,Finance,Casablanca,15300,126,
2629,Software Engineer,Intelcia Services,Healthcare,Fes,19700,126,
2630,Software Engineer,Intelcia Distribution,Healthcare,Agadir,15300,126,
2632,Software Engineer,Teleperformance Maroc,Healthcare,Rabat,16000,126,
2650,Software Engineer,Inetum Maroc Distribution,Finance,Casablanca,15400,126,
1548,Software Engineer,Microsoft Maroc,Energy,Tanger,17700,126,
1740,Software Engineer,Akdital,Construction,Rabat,12900,126,
2664,Software Engineer,HPS,Transport,Agadir,18400,126,
2666,Software Engineer,HPS Distribution,Energy,Marrakech,12400,126,
2038,Software Engineer,Lesieur Cristal,Transport,Fes,12800,126,
2041,Software Engineer,Centrale Danone,IT,Fes,17500,126,
2045,Software Engineer,LabelVie,Healthcare,Tanger,12900,126,
2961,Software Engineer,SNTL Groupe 7,IT,Rabat,13700,126,
1587,Software Engineer,Bim Maroc,Telecom,Casablanca,18000,126,
2979,Software Engineer,Afric Industries,Healthcare,Fes,18000,126,
2728,Software Engineer,Winxo,Healthcare,Fes,15500,126,
2734,Software Engineer,Auto Hall Distribution,Industry,Casablanca,12600,126,
2081,Software Engineer,Redal,Energy,Tanger,18400,126,
1803,Software Engineer,Saham Assurance,Transport,Marrakech,12800,126,
1806,Software Engineer,Wafa Assurance,Industry,Rabat,13200,126,
2722,Software Engineer,SGTM Distribution,Transport,Rabat,19800,126,
2724,Software Engineer,GTR,Construction,Fes,17700,126,
1770,Software Engineer,HP Maroc,Transport,Rabat,13200,126,
1771,Software Engineer,HP Maroc,Transport,Fes,18100,126,
2822,Software Engineer,Jumia Maroc Groupe 5,Telecom,Casablanca,17900,126,
2099,Software Engineer,Webhelp Maroc,Retail,Agadir,16200,126,
2123,Software Engineer,TotalEnergies Maroc,Transport,Fes,15200,126,
2842,Software Engineer,HPS Groupe 5,IT,Tanger,19700,126,
1755,Software Engineer,Egis Maroc,Industry,Agadir,16300,126,
1757,Software Engineer,Egis Maroc,Industry,Agadir,17400,126,
1749,Software Engineer,Laprophan,Industry,Casablanca,16000,126,
2798,Software Engineer,Maroc Telecom Groupe 5,IT,Tanger,14100,126,
2788,Software Engineer,Oncorad Group Groupe 4,IT,Agadir,17100,126,
2791,Software Engineer,Laprophan Groupe 4,Energy,Rabat,18800,126,
2849,Software Engineer,Maghreb Steel Groupe 5,IT,Marrakech,14300,126,
2757,Software Engineer,Attijariwafa Bank Services,IT,Casablanca,14800,126,
2160,Software Engineer,Alsa Maroc,Retail,Fes,20000,126,
2162,Software Engineer,Samsung Electronics Maghreb,Retail,Fes,13600,126,
2810,Software Engineer,Yazaki Maroc Groupe 5,Finance,Tanger,18500,126,
2115,Software Engineer,Dislog Group,Construction,Marrakech,19700,126,
2118,Software Engineer,Dislog Group,Construction,Marrakech,19900,126,
2119,Software Engineer,Managem,Healthcare,Fes,16700,126,
2871,Software Engineer,Al Barid Bank Groupe 6,Retail,Rabat,19800,126,
2873,Software Engineer,Wafa Assurance Groupe 6,Telecom,Casablanca,17300,126,
2974,Software Engineer,RMA Assurance,Telecom,Casablanca,12600,126,
2976,Software Engineer,Timar,Energy,Tanger,14600,126,
2977,Software Engineer,Stroc Industrie,Construction,Rabat,17000,126,
1762,Software Engineer,Samsung Electronics Maghreb,Retail,Marrakech,18500,126,
1766,Software Engineer,LG Electronics Maroc,Finance,Tanger,19400,126,
1599,Software Engineer,HP Maroc,Transport,Casablanca,12400,126,
2896,Software Engineer,ADM Maroc Groupe 6,Construction,Tanger,12600,126,
2830,Software Engineer,Lydec Groupe 5,Retail,Agadir,14300,126,
1791,Software Engineer,Attijariwafa Bank,Retail,Tanger,16700,126,
1792,Software Engineer,Attijariwafa Bank,Retail,Marrakech,13500,126,
2912,Software Engineer,Involys Groupe 6,Construction,Casablanca,12800,126,
2885,Software Engineer,LabelVie Groupe 6,Finance,Tanger,16400,126,
2920,Software Engineer,TotalEnergies Maroc Groupe 6,Finance,Marrakech,13300,126,
2141,Software Engineer,Sothema,Telecom,Fes,16300,126,
2968,Software Engineer,Salafin,Construction,Casablanca,18100,126,
2163,Software Engineer,Samsung Electronics Maghreb,Retail,Casablanca,19100,126,
2167,Software Engineer,LG Electronics Maroc,Finance,Agadir,15400,126,
1595,Software Engineer,TotalEnergies Maroc,Transport,Rabat,19600,126,
2947,Software Engineer,Lear Maroc Groupe 7,Industry,Fes,17100,126,
2950,Software Engineer,Cosumar Groupe 7,Finance,Marrakech,17600,126,
2952,Software Engineer,Centrale Danone Groupe 7,Finance,Rabat,19500,126,
1839,Software Engineer,Banque Populaire,Retail,Agadir,14800,126,
1843,Software Engineer,BMCE Bank of Africa,IT,Agadir,13800,126,
2206,Software Engineer,Wafa Assurance,Industry,Marrakech,14300,126,
2210,Software Engineer,Renault Maroc,Construction,Agadir,19700,126,
2317,Software Engineer,Akdital,Construction,Agadir,12000,126,
2318,Software Engineer,Akdital,Construction,Agadir,13400,126,
2458,Software Engineer,Capgemini Maroc,Retail,Marrakech,14700,126,
2460,Software Engineer,Capgemini Maroc,Retail,Tanger,19200,126,
2464,Software Engineer,CGI Maroc,Energy,Fes,17800,126,
2221,Software Engineer,Lesieur Cristal,Transport,Rabat,12300,126,
1937,Software Engineer,HPS,Transport,Casablanca,13000,126,
1830,Software Engineer,Lesieur Cristal,Transport,Fes,17900,126,
1608,Software Engineer,Oracle Maroc,Energy,Agadir,13500,126,
1612,Software Engineer,Microsoft Maroc,Energy,Tanger,14500,126,
1616,Software Engineer,OCP Group,Construction,Rabat,15800,126,
1618,Software Engineer,Maroc Telecom,Finance,Fes,14000,126,
1619,Software Engineer,Maroc Telecom,Finance,Fes,16700,126,
1623,Software Engineer,Attijariwafa Bank,Retail,Marrakech,15900,126,
1852,Software Engineer,Wafa Assurance,Industry,Tanger,18800,126,
1856,Software Engineer,Stellantis Maroc,Industry,Fes,14600,126,
1857,Software Engineer,Stellantis Maroc,Industry,Marrakech,12300,126,
1860,Software Engineer,Yazaki Maroc,Construction,Rabat,19400,126,
2308,Software Engineer,LafargeHolcim Maroc,Industry,Marrakech,17800,126,
2312,Software Engineer,TotalEnergies Maroc,Transport,Agadir,16800,126,
1633,Software Engineer,CIH Bank,Finance,Casablanca,15900,126,
2278,Software Engineer,Webhelp Maroc,Retail,Casablanca,19800,126,
2253,Software Engineer,Royal Air Maroc,Transport,Tanger,14300,126,
1871,Software Engineer,Lesieur Cristal,Transport,Marrakech,17200,126,
1874,Software Engineer,Centrale Danone,IT,Marrakech,12700,126,
1845,Software Engineer,BMCE Bank of Africa,IT,Tanger,13300,126,
1851,Software Engineer,Saham Assurance,Transport,Marrakech,12800,126,
1627,Software Engineer,Banque Populaire,Retail,Fes,18100,126,
2257,Software Engineer,ONCF,Energy,Rabat,14200,126,
2259,Software Engineer,ADM Maroc,Transport,Casablanca,17200,126,
2372,Software Engineer,Maroc Telecom,Finance,Marrakech,18000,126,
2437,Software Engineer,Lydec,Retail,Marrakech,14700,126,
2438,Software Engineer,Lydec,Retail,Marrakech,17500,126,
2296,Software Engineer,M2M Group,Finance,Marrakech,16500,126,
1649,Software Engineer,Cosumar,IT,Marrakech,18100,126,
2270,Software Engineer,Intelcia,IT,Tanger,17400,126,
1653,Software Engineer,Lesieur Cristal,Transport,Tanger,12200,126,
2442,Software Engineer,Amendis,Finance,Casablanca,18200,126,
2443,Software Engineer,Amendis,Finance,Agadir,12100,126,
2347,Software Engineer,Alsa Maroc,Retail,Fes,19400,126,
1889,Software Engineer,Jumia Maroc,Retail,Casablanca,19500,126,
1893,Software Engineer,Glovo Maroc,Healthcare,Agadir,14600,126,
2325,Software Engineer,Sothema,Telecom,Casablanca,13400,126,
1902,Software Engineer,Redal,Energy,Casablanca,17600,126,
1658,Software Engineer,LabelVie,Healthcare,Rabat,14500,126,
1659,Software Engineer,LabelVie,Healthcare,Agadir,16300,126,
1660,Software Engineer,LabelVie,Healthcare,Casablanca,19900,126,
1664,Software Engineer,Marjane Holding,Finance,Agadir,16900,126,
2164,Data Analyst,LG Electronics Maroc,Finance,Marrakech,9200,120,
2168,Data Analyst,LG Electronics Maroc,Finance,Tanger,9100,120,
1736,Data Analyst,Afriquia SMDC,Industry,Casablanca,9300,120,
2656,Data Analyst,SQLI Maroc,Healthcare,Rabat,7800,120,
1686,Data Analyst,Lydec,Retail,Tanger,9000,120,
1687,Data Analyst,Lydec,Retail,Marrakech,8900,120,
1996,Data Analyst,Oracle Maroc,Energy,Rabat,8000,120,
1535,Data Analyst,Cosumar,IT,Marrakech,9100,120,
94,Data Analyst,Maroc Telecom,Finance,Rabat,12300,120,
2426,Data Analyst,Jumia Maroc,Retail,Agadir,8900,120,
2992,Data Analyst,Super Cerame,Transport,Marrakech,7300,120,
1955,Data Analyst,Vivo Energy Maroc,Telecom,Marrakech,8400,120,
1678,Data Analyst,Glovo Maroc,Healthcare,Agadir,8100,120,
1680,Data Analyst,Royal Air Maroc,Transport,Marrakech,8400,120,
2507,Data Analyst,Laprophan,Industry,Agadir,8800,120,
1926,Data Analyst,Webhelp Maroc,Retail,Fes,10400,120,
2481,Data Analyst,Dislog Group,Construction,Fes,8000,120,
2482,Data Analyst,Managem,Healthcare,Rabat,8300,120,
1963,Data Analyst,Société Afriquia Marocaine de Distribution,Healthcare,Fes,9600,120,
1967,Data Analyst,Novec,Industry,Rabat,9100,120,
1969,Data Analyst,Novec,Industry,Casablanca,8200,120,
2490,Data Analyst,Afriquia SMDC,Industry,Agadir,7300,120,
2491,Data Analyst,Afriquia SMDC,Industry,Tanger,8300,120,
2495,Data Analyst,Akdital,Construction,Tanger,8600,120,
2496,Data Analyst,Akdital,Construction,Tanger,7600,120,
2065,Data Analyst,Glovo Maroc,Healthcare,Fes,7700,120,
2581,Data Analyst,Akwa Group Services,Retail,Rabat,8200,120,
2547,Data Analyst,LafargeHolcim Maroc Industrie,Finance,Casablanca,8800,120,
1794,Data Analyst,Attijariwafa Bank,Retail,Agadir,9900,120,
1796,Data Analyst,Banque Populaire,Retail,Rabat,9000,120,
1972,Data Analyst,Egis Maroc,Industry,Casablanca,7100,120,
2560,Data Analyst,LabelVie,Healthcare,Marrakech,7900,120,
2563,Data Analyst,LabelVie Industrie,Industry,Casablanca,7800,120,
1729,Data Analyst,TotalEnergies Maroc,Transport,Casablanca,9900,120,
1702,Data Analyst,Webhelp Maroc,Retail,Rabat,9200,120,
1706,Data Analyst,Capgemini Maroc,Retail,Casablanca,7500,120,
1708,Data Analyst,Capgemini Maroc,Retail,Rabat,8400,120,
2593,Data Analyst,Nareva Holding Services,Energy,Tanger,7100,120,
2594,Data Analyst,Nareva Holding Distribution,Finance,Rabat,8600,120,
2598,Data Analyst,Marsa Maroc Distribution,Transport,Fes,9500,120,
2008,Data Analyst,Attijariwafa Bank,Retail,Rabat,9200,120,
2009,Data Analyst,Banque Populaire,Retail,Tanger,7400,120,
2551,Data Analyst,Ciments du Maroc Industrie,Construction,Agadir,8900,120,
2558,Data Analyst,Samsung Electronics Maghreb Arab Distribution,Finance,Agadir,9600,120,
1978,Data Analyst,Alsa Maroc,Retail,Agadir,10000,120,
2051,Data Analyst,Marjane Holding,Finance,Fes,9900,120,
2684,Data Analyst,Alsa Maroc,Retail,Agadir,8000,120,
2686,Data Analyst,Alsa Maroc Distribution,Finance,Fes,7400,120,
2647,Data Analyst,Capgemini Engineering Maroc Industrie,Construction,Marrakech,10500,120,
2601,Data Analyst,Tanger Med Port Authority Services,IT,Tanger,8700,120,
2606,Data Analyst,Royal Air Maroc Distribution,IT,Tanger,9400,120,
2032,Data Analyst,Lear Corporation Maroc,Industry,Tanger,9200,120,
2610,Data Analyst,ONCF Distribution,Finance,Casablanca,7200,120,
2616,Data Analyst,Lydec,Retail,Agadir,10400,120,
2627,Data Analyst,Amendis Industrie,Telecom,Agadir,8300,120,
2697,Data Analyst,Pharma 5 Services,Telecom,Fes,9700,120,
2701,Data Analyst,Sothema Services,Telecom,Marrakech,8200,120,
2178,Data Analyst,OCP Group,Construction,Agadir,7000,120,
2584,Data Analyst,Maghreb Steel,Telecom,Casablanca,7800,120,
2676,Data Analyst,Dislog Group,Construction,Casablanca,9900,120,
2681,Data Analyst,SNTL Services,Transport,Agadir,10100,120,
1719,Data Analyst,HPS,Transport,Tanger,7200,120,
2966,Data Analyst,Maghrebail,Retail,Marrakech,8600,120,
2967,Data Analyst,Eqdom,Transport,Tanger,9800,120,
2729,Data Analyst,Winxo Services,Transport,Casablanca,9900,120,
2731,Data Analyst,Winxo Industrie,Finance,Tanger,9300,120,
52,Data Analyst,Somaca,Energy,Fès,8300,120,
2074,Data Analyst,ADM Maroc,Transport,Tanger,9100,120,
2075,Data Analyst,Lydec,Retail,Tanger,8600,120,
2663,Data Analyst,Sopra Steria Maroc Industrie,Construction,Marrakech,7600,120,
2671,Data Analyst,M2M Group Industrie,Industry,Casablanca,10100,120,
2674,Data Analyst,Involys Distribution,Energy,Casablanca,8700,120,
1580,Data Analyst,Dell Maroc,IT,Rabat,9200,120,
2982,Data Analyst,Cartier Saada,Construction,Agadir,8900,120,
2986,Data Analyst,Groupe BCP Services,Transport,Casablanca,8600,120,
2956,Data Analyst,Bim Maroc Groupe 7,Telecom,Tanger,7200,120,
2957,Data Analyst,Aswak Assalam Groupe 7,Industry,Agadir,10300,120,
2745,Data Analyst,Wafa Assurance Services,IT,Tanger,9700,120,
2742,Data Analyst,Saham Assurance Distribution,Industry,Tanger,9800,120,
2743,Data Analyst,Saham Assurance Industrie,Transport,Rabat,8800,120,
2061,Data Analyst,Jumia Maroc,Retail,Tanger,8300,120,
1748,Data Analyst,Laprophan,Industry,Rabat,8400,120,
2827,Data Analyst,ONCF Groupe 5,Construction,Fes,8800,120,
2828,Data Analyst,ADM Maroc Groupe 5,N/A,Casablanca,9100,120,
2085,Data Analyst,Amendis,Finance,Casablanca,9000,120,
2716,Data Analyst,CID,Healthcare,Fes,9800,120,
2112,Data Analyst,HPS,Transport,Tanger,9800,120,
1776,Data Analyst,Oracle Maroc,Energy,Agadir,9500,120,
2721,Data Analyst,SGTM Services,Healthcare,Agadir,9300,120,
2122,Data Analyst,LafargeHolcim Maroc,Industry,Marrakech,7000,120,
2129,Data Analyst,Vivo Energy Maroc,Telecom,Agadir,7000,120,
2093,Data Analyst,Teleperformance Maroc,Healthcare,Fes,7800,120,
2780,Data Analyst,Sonasid Groupe 4,Construction,Tanger,7700,120,
2781,Data Analyst,Maghreb Steel Groupe 4,Industry,Tanger,9000,120,
2782,Data Analyst,Nareva Groupe 4,Telecom,Casablanca,9800,120,
2785,Data Analyst,Afriquia SMDC Groupe 4,Industry,Marrakech,7900,120,
2973,Data Analyst,AXA Assurance Maroc,Retail,Casablanca,7400,120,
2787,Data Analyst,Akdital Groupe 4,Energy,Agadir,8400,120,
57,Data Analyst,Attijariwafa Bank,Retail,Fès,7300,120,
58,Data Analyst,OCP Group,Construction,Casablanca,9000,120,
59,Data Analyst,CGI Maroc,Energy,Fès,7500,120,
61,Data Analyst,Glovo Maroc,Healthcare,Rabat,7300,120,
64,Data Analyst,Renault Maroc,Construction,Rabat,12400,120,
2900,Data Analyst,Amendis Groupe 6,Telecom,Marrakech,9400,120,
2846,Data Analyst,LafargeHolcim Maroc Groupe 5,Transport,Casablanca,9100,120,
2862,Data Analyst,CID Groupe 5,Industry,Rabat,10000,120,
2864,Data Analyst,GTR Groupe 5,Retail,Casablanca,8400,120,
2875,Data Analyst,AtlantaSanad Groupe 6,Telecom,Tanger,9700,120,
2158,Data Analyst,Alsa Maroc,Retail,Casablanca,7600,120,
2113,Data Analyst,M2M Group,Finance,Tanger,9500,120,
2183,Data Analyst,Maroc Telecom,Finance,Rabat,9900,120,
2184,Data Analyst,Maroc Telecom,Finance,Agadir,7900,120,
2806,Data Analyst,Saham Assurance Groupe 5,IT,Fes,9600,120,
2925,Data Analyst,Pharma 5 Groupe 6,Energy,Rabat,9700,120,
2884,Data Analyst,Centrale Danone Groupe 6,Energy,Fes,10200,120,
2829,Data Analyst,Alsa Maroc Groupe 5,Construction,Casablanca,9500,120,
2832,Data Analyst,Amendis Groupe 5,Transport,Rabat,10400,120,
2836,Data Analyst,Webhelp Maroc Groupe 5,Construction,Fes,9700,120,
1939,Data Analyst,M2M Group,Finance,Agadir,10300,120,
2283,Data Analyst,Inetum Maroc,Industry,Rabat,9800,120,
1594,Data Analyst,Majorel,Industry,Casablanca,8300,120,
1596,Data Analyst,TotalEnergies Maroc,Transport,Marrakech,10000,120,
19,Data Analyst,Cosumar,IT,Tanger,11300,120,
25,Data Analyst,Royal Air Maroc,Transport,Fès,8900,120,
2225,Data Analyst,Centrale Danone,IT,Agadir,9200,120,
1836,Data Analyst,Centrale Danone,IT,Tanger,8200,120,
1840,Data Analyst,Banque Populaire,Retail,Rabat,9600,120,
2197,Data Analyst,CIH Bank,Finance,Marrakech,9200,120,
2201,Data Analyst,Saham Assurance,Transport,Marrakech,9800,120,
2459,Data Analyst,Capgemini Maroc,Retail,Fes,7300,120,
1870,Data Analyst,Lesieur Cristal,Transport,Casablanca,9800,120,
1862,Data Analyst,Yazaki Maroc,Construction,Fes,8000,120,
1866,Data Analyst,Lear Corporation Maroc,Industry,Casablanca,9700,120,
2230,Data Analyst,LabelVie,Healthcare,Agadir,10300,120,
2233,Data Analyst,Marjane Holding,Finance,Agadir,9600,120,
2215,Data Analyst,Lear Corporation Maroc,Industry,Marrakech,7300,120,
1832,Data Analyst,Lesieur Cristal,Transport,Rabat,9900,120,
31,Data Analyst,Managem,Healthcare,Rabat,12800,120,
2247,Data Analyst,Jumia Maroc,Retail,Marrakech,9200,120,
2249,Data Analyst,Royal Air Maroc,Transport,Marrakech,7800,120,
2305,Data Analyst,Managem,Healthcare,Rabat,7500,120,
1622,Data Analyst,Attijariwafa Bank,Retail,Marrakech,9200,120,
2238,Data Analyst,Acima,IT,Marrakech,10200,120,
2239,Data Analyst,Acima,IT,Marrakech,9200,120,
2244,Data Analyst,Bim Maroc,Telecom,Marrakech,7700,120,
2324,Data Analyst,Sothema,Telecom,Marrakech,9300,120,
2330,Data Analyst,Laprophan,Industry,Tanger,10500,120,
81,Data Analyst,Capgemini Maroc,Retail,Fès,8200,120,
2254,Data Analyst,ONCF,Energy,Agadir,9500,120,
2337,Data Analyst,Egis Maroc,Industry,Tanger,9400,120,
1651,Data Analyst,Lesieur Cristal,Transport,Casablanca,8000,120,
1654,Data Analyst,Lesieur Cristal,Transport,Tanger,9600,120,
1656,Data Analyst,Centrale Danone,IT,Marrakech,9800,120,
2299,Data Analyst,M2M Group,Finance,Agadir,10200,120,
2302,Data Analyst,Dislog Group,Construction,Marrakech,9700,120,
2434,Data Analyst,ADM Maroc,Transport,Rabat,7700,120,
2435,Data Analyst,ADM Maroc,Transport,Fes,8000,120,
2349,Data Analyst,Samsung Electronics Maghreb,Retail,Rabat,7900,120,
1878,Data Analyst,Marjane Holding,Finance,Casablanca,9200,120,
1884,Data Analyst,Acima,IT,Tanger,7800,120,
1642,Data Analyst,Stellantis Maroc,Industry,Tanger,8200,120,
1886,Data Analyst,Bim Maroc,Telecom,Fes,9500,120,
1522,Data Analyst,LafargeHolcim Maroc,Industry,Rabat,9100,120,
2357,Data Analyst,HP Maroc,Transport,Rabat,9900,120,
2364,Data Analyst,Microsoft Maroc,Energy,Casablanca,7900,120,
1905,Data Analyst,Amendis,Finance,Fes,8300,120,
1909,Data Analyst,Intelcia,IT,Rabat,9900,120,
1910,Data Analyst,Intelcia,IT,Agadir,7800,120,
2394,Data Analyst,Renault Maroc,Construction,Marrakech,7300,120,
2341,Data Analyst,CID,Healthcare,Fes,7700,120,
2345,Data Analyst,CID,Healthcare,Tanger,10200,120,
2407,Data Analyst,Cosumar,IT,Tanger,10500,120,
2409,Data Analyst,Lesieur Cristal,Transport,Fes,9400,120,
1928,Data Analyst,Capgemini Maroc,Retail,Rabat,9300,120,
1935,Data Analyst,CGI Maroc,Energy,Casablanca,7300,120,
2381,Data Analyst,Banque Populaire,Retail,Casablanca,7800,120,
2384,Data Analyst,BMCE Bank of Africa,IT,Fes,7300,120,
2386,Data Analyst,CIH Bank,Finance,Tanger,9200,120,
2543,Marketing Specialist,Renault Commerce Maroc Industrie,Industry,Fes,10200,119,
2545,Marketing Specialist,LafargeHolcim Maroc Services,Finance,Marrakech,8100,119,
2546,Marketing Specialist,LafargeHolcim Maroc Distribution,Construction,Fes,9400,119,
2989,Marketing Specialist,Saham Finances,Industry,Fes,9700,119,
2993,Marketing Specialist,Ciments de l Atlas,Industry,Casablanca,9300,119,
2995,Marketing Specialist,Cooper Pharma,Construction,Tanger,9000,119,
1688,Marketing Specialist,Redal,Energy,Casablanca,10100,119,
1689,Marketing Specialist,Redal,Energy,Fes,9200,119,
1691,Marketing Specialist,Amendis,Finance,Tanger,9800,119,
2166,Marketing Specialist,LG Electronics Maroc,Finance,Tanger,7000,119,
2652,Marketing Specialist,CGI Maroc,Energy,Tanger,8000,119,
1559,Marketing Specialist,Akdital,Construction,Marrakech,9800,119,
1742,Marketing Specialist,Akdital,Construction,Fes,10400,119,
2431,Marketing Specialist,ONCF,Energy,Rabat,8400,119,
1997,Marketing Specialist,OCP Group,Construction,Fes,8500,119,
2003,Marketing Specialist,Maroc Telecom,Finance,Rabat,9700,119,
2709,Marketing Specialist,Novec Services,Construction,Agadir,8400,119,
1986,Marketing Specialist,LG Electronics Maroc,Finance,Casablanca,7600,119,
1533,Marketing Specialist,Maroc Telecom,Finance,Tanger,8100,119,
2578,Marketing Specialist,Lesieur Cristal Distribution,Telecom,Marrakech,9800,119,
2471,Marketing Specialist,SQLI Maroc,Healthcare,Tanger,9800,119,
1674,Marketing Specialist,Glovo Maroc,Healthcare,Rabat,9700,119,
1677,Marketing Specialist,Glovo Maroc,Healthcare,Tanger,8000,119,
2066,Marketing Specialist,ONCF,Energy,Casablanca,8100,119,
2068,Marketing Specialist,ONCF,Energy,Casablanca,8400,119,
2515,Marketing Specialist,CID,Healthcare,Marrakech,8800,119,
2479,Marketing Specialist,Dislog Group,Construction,Casablanca,8900,119,
2497,Marketing Specialist,Akdital,Construction,Marrakech,7000,119,
2499,Marketing Specialist,Société Afriquia Marocaine de Distribution,Healthcare,Rabat,9900,119,
2484,Marketing Specialist,Managem,Healthcare,Marrakech,7600,119,
2485,Marketing Specialist,LafargeHolcim Maroc,Industry,Rabat,8700,119,
2533,Marketing Specialist,Vivo Energy Maroc Services,Construction,Tanger,8300,119,
2173,Marketing Specialist,Microsoft Maroc,Energy,Fes,9700,119,
2174,Marketing Specialist,Microsoft Maroc,Energy,Casablanca,9400,119,
2006,Marketing Specialist,Attijariwafa Bank,Retail,Fes,9600,119,
2007,Marketing Specialist,Attijariwafa Bank,Retail,Rabat,9200,119,
2561,Marketing Specialist,LabelVie Services,Healthcare,Casablanca,8700,119,
1541,Marketing Specialist,Sothema,Telecom,Tanger,8300,119,
1975,Marketing Specialist,CID,Healthcare,Tanger,9100,119,
1976,Marketing Specialist,CID,Healthcare,Tanger,8100,119,
2,Marketing Specialist,Lesieur Cristal,Transport,Marrakech,9400,119,
5,Marketing Specialist,Decathlon Maroc,Retail,Fès,9800,119,
8,Marketing Specialist,Accor Maroc,Healthcare,Casablanca,9300,119,
2592,Marketing Specialist,Nareva Holding,Finance,Rabat,10000,119,
2596,Marketing Specialist,Marsa Maroc,Finance,Rabat,10300,119,
1952,Marketing Specialist,TotalEnergies Maroc,Transport,Casablanca,9700,119,
2572,Marketing Specialist,Centrale Danone,IT,Fes,9700,119,
1704,Marketing Specialist,Webhelp Maroc,Retail,Casablanca,8700,119,
2540,Marketing Specialist,Renault Commerce Maroc,Transport,Rabat,10100,119,
2700,Marketing Specialist,Sothema,Telecom,Casablanca,7100,119,
2048,Marketing Specialist,Marjane Holding,Finance,Casablanca,7500,119,
2049,Marketing Specialist,Marjane Holding,Finance,Tanger,7100,119,
2022,Marketing Specialist,Saham Assurance,Transport,Tanger,10000,119,
1984,Marketing Specialist,LG Electronics Maroc,Finance,Agadir,9500,119,
1715,Marketing Specialist,CGI Maroc,Energy,Tanger,8100,119,
2643,Marketing Specialist,Webhelp Maroc Industrie,IT,Agadir,9100,119,
2620,Marketing Specialist,Redal,Energy,Fes,9200,119,
2687,Marketing Specialist,Alsa Maroc Industrie,Retail,Tanger,9500,119,
2692,Marketing Specialist,Oncorad Group,Transport,Casablanca,7500,119,
2604,Marketing Specialist,Royal Air Maroc,Transport,Marrakech,8000,119,
2035,Marketing Specialist,Cosumar,IT,Fes,8600,119,
2923,Marketing Specialist,Akdital Groupe 6,Industry,Tanger,9200,119,
2928,Marketing Specialist,Novec Groupe 6,Construction,Fes,8000,119,
2719,Marketing Specialist,CID Industrie,Retail,Marrakech,8200,119,
2726,Marketing Specialist,GTR Distribution,Industry,Rabat,9600,119,
2983,Marketing Specialist,Zalagh Holding,IT,Agadir,9600,119,
2799,Marketing Specialist,Attijariwafa Bank Groupe 5,Energy,Casablanca,9700,119,
2970,Marketing Specialist,BMCI,Healthcare,Rabat,9400,119,
2854,Marketing Specialist,Winxo Groupe 5,Energy,Marrakech,7900,119,
2857,Marketing Specialist,Pharma 5 Groupe 5,Telecom,Tanger,9700,119,
2860,Marketing Specialist,Novec Groupe 5,Construction,Agadir,7800,119,
2682,Marketing Specialist,SNTL Distribution,Transport,Tanger,8100,119,
1720,Marketing Specialist,HPS,Transport,Fes,8000,119,
1722,Marketing Specialist,M2M Group,Finance,Casablanca,9400,119,
1723,Marketing Specialist,Dislog Group,Construction,Marrakech,9700,119,
1725,Marketing Specialist,Dislog Group,Construction,Marrakech,8200,119,
2073,Marketing Specialist,ADM Maroc,Transport,Agadir,9200,119,
2076,Marketing Specialist,Lydec,Retail,Agadir,8500,119,
2768,Marketing Specialist,Al Barid Bank,Transport,Casablanca,8100,119,
2675,Marketing Specialist,Involys Industrie,IT,Casablanca,9500,119,
1590,Marketing Specialist,Bim Maroc,Telecom,Casablanca,8700,119,
2659,Marketing Specialist,SQLI Maroc Industrie,Healthcare,Marrakech,9100,119,
1772,Marketing Specialist,HP Maroc,Transport,Tanger,7200,119,
1773,Marketing Specialist,HP Maroc,Transport,Agadir,9700,119,
65,Marketing Specialist,Renault Maroc,Construction,Fès,7700,119,
66,Marketing Specialist,Accor Maroc,Healthcare,Rabat,8100,119,
2821,Marketing Specialist,Aswak Assalam Groupe 5,Energy,Fes,9400,119,
2739,Marketing Specialist,CTM Industrie,Energy,Rabat,9300,119,
2954,Marketing Specialist,Marjane Holding Groupe 7,IT,Tanger,9400,119,
2746,Marketing Specialist,Wafa Assurance Distribution,Transport,Agadir,9400,119,
1750,Marketing Specialist,Laprophan,Industry,Marrakech,9300,119,
1808,Marketing Specialist,Wafa Assurance,Industry,Agadir,9900,119,
1809,Marketing Specialist,Renault Maroc,Construction,Casablanca,9400,119,
2054,Marketing Specialist,Acima,IT,Marrakech,7600,119,
2106,Marketing Specialist,SQLI Maroc,Healthcare,Agadir,9500,119,
2108,Marketing Specialist,SQLI Maroc,Healthcare,Tanger,8300,119,
2086,Marketing Specialist,Amendis,Finance,Rabat,9400,119,
1760,Marketing Specialist,Samsung Electronics Maghreb,Retail,Marrakech,9500,119,
2839,Marketing Specialist,CGI Maroc Groupe 5,Construction,Rabat,9600,119,
2840,Marketing Specialist,SQLI Maroc Groupe 5,Healthcare,Fes,10000,119,
2843,Marketing Specialist,M2M Group Groupe 5,Finance,Rabat,9000,119,
2844,Marketing Specialist,Involys Groupe 5,Retail,Rabat,9600,119,
2775,Marketing Specialist,M2M Group Groupe 4,Finance,Casablanca,8700,119,
2805,Marketing Specialist,Wafa Assurance Groupe 5,Industry,Agadir,7200,119,
2809,Marketing Specialist,Stellantis Maroc Groupe 5,Energy,Marrakech,9800,119,
2877,Marketing Specialist,Stellantis Maroc Groupe 6,Transport,Agadir,9100,119,
2975,Marketing Specialist,SNEP,Industry,Fes,9600,119,
2124,Marketing Specialist,TotalEnergies Maroc,Transport,Marrakech,8000,119,
2756,Marketing Specialist,Attijariwafa Bank,Retail,Fes,10100,119,
2760,Marketing Specialist,CIH Bank,Finance,Tanger,9800,119,
2089,Marketing Specialist,Intelcia,IT,Marrakech,8500,119,
2815,Marketing Specialist,Lesieur Cristal Groupe 5,Finance,Marrakech,7400,119,
2866,Marketing Specialist,Maroc Telecom Groupe 6,Construction,Casablanca,9400,119,
2789,Marketing Specialist,Pharma 5 Groupe 4,Finance,Rabat,7500,119,
2133,Marketing Specialist,Afriquia SMDC,Industry,Tanger,8100,119,
2137,Marketing Specialist,Société Afriquia Marocaine de Distribution,Healthcare,Agadir,9900,119,
2845,Marketing Specialist,Managem Groupe 5,Construction,Fes,8900,119,
2851,Marketing Specialist,Vivo Energy Maroc Groupe 5,IT,Casablanca,9600,119,
2181,Marketing Specialist,Maroc Telecom,Finance,Fes,8300,119,
2917,Marketing Specialist,Maghreb Steel Groupe 6,Energy,Fes,7600,119,
2918,Marketing Specialist,Nareva Groupe 6,Industry,Casablanca,8700,119,
2889,Marketing Specialist,Aswak Assalam Groupe 6,Finance,Marrakech,7400,119,
2892,Marketing Specialist,Dislog Group Groupe 6,Construction,Rabat,8100,119,
1600,Marketing Specialist,HP Maroc,Transport,Tanger,10500,119,
1604,Marketing Specialist,Oracle Maroc,Energy,Fes,10000,119,
2114,Marketing Specialist,M2M Group,Finance,Agadir,10000,119,
2116,Marketing Specialist,Dislog Group,Construction,Marrakech,9900,119,
2157,Marketing Specialist,Alsa Maroc,Retail,Rabat,9000,119,
1931,Marketing Specialist,Inetum Maroc,Industry,Casablanca,9500,119,
2310,Marketing Specialist,LafargeHolcim Maroc,Industry,Casablanca,8100,119,
2228,Marketing Specialist,LabelVie,Healthcare,Agadir,7500,119,
2946,Marketing Specialist,Yazaki Maroc Groupe 7,IT,Agadir,9100,119,
1813,Marketing Specialist,Stellantis Maroc,Industry,Marrakech,9800,119,
1895,Marketing Specialist,Royal Air Maroc,Transport,Agadir,7700,119,
1897,Marketing Specialist,ONCF,Energy,Casablanca,9600,119,
2944,Marketing Specialist,Renault Maroc Groupe 7,Construction,Rabat,7900,119,
1846,Marketing Specialist,BMCE Bank of Africa,IT,Tanger,8200,119,
1848,Marketing Specialist,CIH Bank,Finance,Fes,9100,119,
1850,Marketing Specialist,Saham Assurance,Transport,Rabat,7400,119,
2285,Marketing Specialist,CGI Maroc,Energy,Tanger,7100,119,
74,Marketing Specialist,Attijariwafa Bank,Retail,Tanger,8100,119,
2314,Marketing Specialist,TotalEnergies Maroc,Transport,Tanger,9100,119,
1865,Marketing Specialist,Lear Corporation Maroc,Industry,Rabat,9500,119,
1867,Marketing Specialist,Lear Corporation Maroc,Industry,Marrakech,10300,119,
2198,Marketing Specialist,CIH Bank,Finance,Rabat,10000,119,
1615,Marketing Specialist,OCP Group,Construction,Casablanca,9400,119,
1875,Marketing Specialist,Centrale Danone,IT,Agadir,7300,119,
1876,Marketing Specialist,LabelVie,Healthcare,Casablanca,9800,119,
2465,Marketing Specialist,CGI Maroc,Energy,Fes,10200,119,
33,Marketing Specialist,Somaca,Energy,Marrakech,9800,119,
2217,Marketing Specialist,Lear Corporation Maroc,Industry,Fes,8200,119,
2235,Marketing Specialist,Marjane Holding,Finance,Marrakech,7800,119,
2237,Marketing Specialist,Acima,IT,Casablanca,7600,119,
1833,Marketing Specialist,Lesieur Cristal,Transport,Rabat,9800,119,
2273,Marketing Specialist,Teleperformance Maroc,Healthcare,Marrakech,9700,119,
2274,Marketing Specialist,Teleperformance Maroc,Healthcare,Tanger,8600,119,
2279,Marketing Specialist,Webhelp Maroc,Retail,Agadir,9000,119,
2408,Marketing Specialist,Cosumar,IT,Fes,9700,119,
2289,Marketing Specialist,SQLI Maroc,Healthcare,Agadir,8100,119,
2294,Marketing Specialist,HPS,Transport,Marrakech,10300,119,
2295,Marketing Specialist,HPS,Transport,Agadir,9900,119,
1529,Marketing Specialist,Alsa Maroc,Retail,Marrakech,8100,119,
1787,Marketing Specialist,OCP Group,Construction,Fes,7600,119,
1789,Marketing Specialist,Maroc Telecom,Finance,Fes,8400,119,
2447,Marketing Specialist,Intelcia,IT,Fes,7000,119,
1624,Marketing Specialist,Attijariwafa Bank,Retail,Rabat,8800,119,
1628,Marketing Specialist,Banque Populaire,Retail,Casablanca,9100,119,
1630,Marketing Specialist,BMCE Bank of Africa,IT,Casablanca,7400,119,
2327,Marketing Specialist,Laprophan,Industry,Fes,10300,119,
1650,Marketing Specialist,Cosumar,IT,Agadir,8600,119,
2332,Marketing Specialist,Novec,Industry,Fes,7500,119,
2335,Marketing Specialist,Novec,Industry,Marrakech,8600,119,
2348,Marketing Specialist,Samsung Electronics Maghreb,Retail,Fes,9000,119,
2350,Marketing Specialist,Samsung Electronics Maghreb,Retail,Casablanca,8000,119,
2352,Marketing Specialist,LG Electronics Maroc,Finance,Agadir,9300,119,
1668,Marketing Specialist,Bim Maroc,Telecom,Fes,7700,119,
1669,Marketing Specialist,Jumia Maroc,Retail,Rabat,8500,119,
2455,Marketing Specialist,Webhelp Maroc,Retail,Rabat,7200,119,
1885,Marketing Specialist,Acima,IT,Marrakech,7100,119,
2390,Marketing Specialist,Saham Assurance,Transport,Fes,7000,119,
2391,Marketing Specialist,Saham Assurance,Transport,Agadir,8800,119,
2392,Marketing Specialist,Renault Maroc,Construction,Tanger,9700,119,
1915,Marketing Specialist,Teleperformance Maroc,Healthcare,Rabat,8200,119,
1516,Marketing Specialist,Acima,IT,Rabat,9200,119,
2416,Marketing Specialist,LabelVie,Healthcare,Agadir,9300,119,
2398,Marketing Specialist,Yazaki Maroc,Construction,Marrakech,9000,119,
2401,Sales Executive,Yazaki Maroc,Construction,Rabat,7300,112,
2402,Sales Executive,Yazaki Maroc,Construction,Tanger,7200,112,
2685,Sales Executive,Alsa Maroc Services,Finance,Agadir,9800,112,
2430,Sales Executive,Royal Air Maroc,Transport,Rabat,9100,112,
1662,Sales Executive,LabelVie,Healthcare,Agadir,9000,112,
2770,Sales Executive,Al Barid Bank Distribution,Telecom,Agadir,9700,112,
2777,Sales Executive,Managem Groupe 4,Telecom,Fes,7700,112,
2549,Sales Executive,Ciments du Maroc Services,Industry,Marrakech,10100,112,
2882,Sales Executive,Cosumar Groupe 6,Retail,Agadir,10400,112,
2387,Sales Executive,CIH Bank,Finance,Agadir,9200,112,
1735,Sales Executive,Afriquia SMDC,Industry,Casablanca,7900,112,
1737,Sales Executive,Afriquia SMDC,Industry,Fes,9200,112,
2189,Sales Executive,Banque Populaire,Retail,Casablanca,7700,112,
97,Sales Executive,Accor Maroc,Healthcare,Casablanca,7800,112,
98,Sales Executive,BMCE Bank of Africa,IT,Agadir,12500,112,
2703,Sales Executive,Sothema Industrie,Construction,Casablanca,7600,112,
1925,Sales Executive,Webhelp Maroc,Retail,Agadir,10200,112,
1692,Sales Executive,Amendis,Finance,Marrakech,7900,112,
2522,Sales Executive,Dell Maroc,IT,Marrakech,7300,112,
1953,Sales Executive,TotalEnergies Maroc,Transport,Casablanca,7300,112,
1959,Sales Executive,Afriquia SMDC,Industry,Casablanca,10000,112,
1763,Sales Executive,Samsung Electronics Maghreb,Retail,Fes,9100,112,
1966,Sales Executive,Laprophan,Industry,Tanger,7500,112,
1994,Sales Executive,Oracle Maroc,Energy,Marrakech,8100,112,
1676,Sales Executive,Glovo Maroc,Healthcare,Rabat,7400,112,
1679,Sales Executive,Royal Air Maroc,Transport,Tanger,7500,112,
2467,Sales Executive,CGI Maroc,Energy,Fes,9700,112,
2474,Sales Executive,HPS,Transport,Marrakech,8200,112,
2617,Sales Executive,Lydec Services,Retail,Marrakech,9700,112,
2622,Sales Executive,Redal Distribution,Healthcare,Tanger,7900,112,
2597,Sales Executive,Marsa Maroc Services,IT,Fes,7900,112,
2599,Sales Executive,Marsa Maroc Industrie,Telecom,Casablanca,7700,112,
2145,Sales Executive,Novec,Industry,Agadir,9700,112,
2171,Sales Executive,Dell Maroc,IT,Fes,9100,112,
1567,Sales Executive,Glovo Maroc,Healthcare,Rabat,10200,112,
2528,Sales Executive,TotalEnergies Marketing Maroc,Telecom,Tanger,7900,112,
2486,Sales Executive,LafargeHolcim Maroc,Industry,Agadir,9700,112,
1801,Sales Executive,CIH Bank,Finance,Agadir,9500,112,
1,Sales Executive,Somaca,Energy,Casablanca,9000,112,
2559,Sales Executive,Samsung Electronics Maghreb Arab Industrie,Healthcare,Rabat,7900,112,
2565,Sales Executive,Managem Services,Finance,Fes,8200,112,
2004,Sales Executive,Attijariwafa Bank,Retail,Tanger,9600,112,
1552,Sales Executive,Yazaki Maroc,Construction,Rabat,8000,112,
1546,Sales Executive,Microsoft Maroc,Energy,Agadir,9400,112,
1547,Sales Executive,Microsoft Maroc,Energy,Rabat,10500,112,
2644,Sales Executive,Capgemini Engineering Maroc,Industry,Rabat,7000,112,
1947,Sales Executive,Managem,Healthcare,Marrakech,7200,112,
1951,Sales Executive,LafargeHolcim Maroc,Industry,Fes,7800,112,
2016,Sales Executive,BMCE Bank of Africa,IT,Rabat,8300,112,
2017,Sales Executive,CIH Bank,Finance,Tanger,9800,112,
2573,Sales Executive,Centrale Danone Services,Transport,Agadir,10100,112,
1709,Sales Executive,Capgemini Maroc,Retail,Rabat,9800,112,
1712,Sales Executive,Inetum Maroc,Industry,Agadir,7800,112,
2932,Sales Executive,GTR Groupe 6,Telecom,Agadir,8200,112,
2613,Sales Executive,ADM Maroc Services,Industry,Rabat,7000,112,
1605,Sales Executive,Oracle Maroc,Energy,Agadir,7900,112,
1607,Sales Executive,Oracle Maroc,Energy,Fes,9900,112,
2082,Sales Executive,Redal,Energy,Marrakech,9900,112,
2083,Sales Executive,Amendis,Finance,Agadir,8500,112,
2087,Sales Executive,Intelcia,IT,Tanger,9400,112,
2077,Sales Executive,Lydec,Retail,Rabat,7500,112,
2078,Sales Executive,Redal,Energy,Casablanca,8400,112,
1753,Sales Executive,Novec,Industry,Agadir,9200,112,
2730,Sales Executive,Winxo Distribution,Finance,Marrakech,8300,112,
2732,Sales Executive,Auto Hall,Healthcare,Fes,8800,112,
2042,Sales Executive,Centrale Danone,IT,Fes,8100,112,
2043,Sales Executive,Centrale Danone,IT,Marrakech,9800,112,
2603,Sales Executive,Tanger Med Port Authority Industrie,Transport,Casablanca,9100,112,
1718,Sales Executive,SQLI Maroc,Healthcare,Marrakech,9400,112,
50,Sales Executive,Société Générale Maroc,Industry,Fès,12900,112,
1578,Sales Executive,Dell Maroc,IT,Rabat,7100,112,
2795,Sales Executive,SGTM Groupe 4,Energy,Rabat,8800,112,
2797,Sales Executive,OCP Groupe 5,Construction,Fes,7300,112,
2111,Sales Executive,HPS,Transport,Casablanca,9800,112,
2736,Sales Executive,CTM,Finance,Tanger,7900,112,
2765,Sales Executive,Credit du Maroc Services,Energy,Agadir,8100,112,
2769,Sales Executive,Al Barid Bank Services,Healthcare,Agadir,7900,112,
2825,Sales Executive,SNTL Groupe 5,Healthcare,Tanger,7900,112,
2662,Sales Executive,Sopra Steria Maroc Distribution,Construction,Tanger,10100,112,
2665,Sales Executive,HPS Services,Retail,Marrakech,9300,112,
2056,Sales Executive,Bim Maroc,Telecom,Marrakech,7900,112,
2059,Sales Executive,Bim Maroc,Telecom,Fes,9300,112,
2955,Sales Executive,Acima Groupe 7,Construction,Fes,9300,112,
2960,Sales Executive,Dislog Group Groupe 7,Construction,Tanger,9000,112,
2098,Sales Executive,Webhelp Maroc,Retail,Marrakech,8800,112,
2103,Sales Executive,CGI Maroc,Energy,Casablanca,7200,112,
2712,Sales Executive,Egis Maroc,Industry,Tanger,7700,112,
2715,Sales Executive,Egis Maroc Industrie,Healthcare,Agadir,9300,112,
2717,Sales Executive,CID Services,Energy,Rabat,9400,112,
2895,Sales Executive,ONCF Groupe 6,Telecom,Fes,9600,112,
2813,Sales Executive,Faurecia Maroc Groupe 5,Retail,Agadir,9600,112,
2878,Sales Executive,Yazaki Maroc Groupe 6,Telecom,Marrakech,9700,112,
2153,Sales Executive,CID,Healthcare,Rabat,10200,112,
2154,Sales Executive,CID,Healthcare,Agadir,8400,112,
2808,Sales Executive,Renault Maroc Groupe 5,Finance,Casablanca,9400,112,
2755,Sales Executive,Banque Centrale Populaire Industrie,Transport,Agadir,10400,112,
2916,Sales Executive,Sonasid Groupe 6,IT,Tanger,9500,112,
2848,Sales Executive,Sonasid Groupe 5,Telecom,Fes,7100,112,
2415,Sales Executive,LabelVie,Healthcare,Fes,9100,112,
2421,Sales Executive,Acima,IT,Agadir,9100,112,
2159,Sales Executive,Alsa Maroc,Retail,Fes,9500,112,
2226,Sales Executive,Centrale Danone,IT,Agadir,9200,112,
1929,Sales Executive,Capgemini Maroc,Retail,Tanger,8500,112,
2309,Sales Executive,LafargeHolcim Maroc,Industry,Marrakech,9600,112,
2311,Sales Executive,TotalEnergies Maroc,Transport,Fes,9100,112,
1817,Sales Executive,Yazaki Maroc,Construction,Rabat,10200,112,
12,Sales Executive,Managem,Healthcare,Agadir,8600,112,
22,Sales Executive,Decathlon Maroc,Retail,Agadir,8200,112,
1896,Sales Executive,Royal Air Maroc,Transport,Rabat,8200,112,
1899,Sales Executive,Lydec,Retail,Fes,7500,112,
2204,Sales Executive,Wafa Assurance,Industry,Tanger,7800,112,
1598,Sales Executive,LG Electronics Maroc,Finance,Fes,9700,112,
2216,Sales Executive,Lear Corporation Maroc,Industry,Fes,8800,112,
2218,Sales Executive,Cosumar,IT,Fes,10000,112,
1863,Sales Executive,Yazaki Maroc,Construction,Tanger,10400,112,
1864,Sales Executive,Yazaki Maroc,Construction,Rabat,10300,112,
2321,Sales Executive,Société Afriquia Marocaine de Distribution,Healthcare,Agadir,8200,112,
68,Sales Executive,Lesieur Cristal,Transport,Rabat,13100,112,
70,Sales Executive,CGI Maroc,Energy,Fès,8000,112,
73,Sales Executive,Lesieur Cristal,Transport,Rabat,9400,112,
79,Sales Executive,OCP Group,Construction,Fès,11100,112,
34,Sales Executive,OCP Group,Construction,Tanger,7300,112,
36,Sales Executive,Attijariwafa Bank,Retail,Tanger,7900,112,
2202,Sales Executive,Wafa Assurance,Industry,Fes,9400,112,
1854,Sales Executive,Renault Maroc,Construction,Marrakech,9000,112,
2461,Sales Executive,Capgemini Maroc,Retail,Casablanca,10100,112,
2462,Sales Executive,Inetum Maroc,Industry,Agadir,7600,112,
1877,Sales Executive,LabelVie,Healthcare,Agadir,7500,112,
1636,Sales Executive,Wafa Assurance,Industry,Fes,8400,112,
1517,Sales Executive,Teleperformance Maroc,Healthcare,Rabat,9700,112,
1523,Sales Executive,LafargeHolcim Maroc,Industry,Casablanca,7900,112,
1625,Sales Executive,Attijariwafa Bank,Retail,Casablanca,8300,112,
2292,Sales Executive,HPS,Transport,Fes,8400,112,
2374,Sales Executive,Attijariwafa Bank,Retail,Agadir,8000,112,
2240,Sales Executive,Acima,IT,Rabat,8500,112,
2406,Sales Executive,Cosumar,IT,Agadir,9300,112,
2411,Sales Executive,Lesieur Cristal,Transport,Agadir,10300,112,
2412,Sales Executive,Lesieur Cristal,Transport,Casablanca,8700,112,
1827,Sales Executive,Cosumar,IT,Fes,8600,112,
1828,Sales Executive,Cosumar,IT,Rabat,9800,112,
2301,Sales Executive,Dislog Group,Construction,Tanger,8300,112,
2258,Sales Executive,ADM Maroc,Transport,Casablanca,7700,112,
86,Sales Executive,Addoha,Telecom,Marrakech,9600,112,
89,Sales Executive,Cosumar,IT,Casablanca,9400,112,
1788,Sales Executive,Maroc Telecom,Finance,Casablanca,8900,112,
2265,Sales Executive,Amendis,Finance,Rabat,8500,112,
2267,Sales Executive,Intelcia,IT,Agadir,8300,112,
2268,Sales Executive,Intelcia,IT,Tanger,9700,112,
1528,Sales Executive,Alsa Maroc,Retail,Marrakech,9500,112,
2339,Sales Executive,Egis Maroc,Industry,Fes,10400,112,
2343,Sales Executive,CID,Healthcare,Fes,9700,112,
2344,Sales Executive,CID,Healthcare,Fes,9500,112,
1890,Sales Executive,Jumia Maroc,Retail,Marrakech,9500,112,
1646,Sales Executive,Lear Corporation Maroc,Industry,Agadir,8300,112,
2396,Sales Executive,Stellantis Maroc,Industry,Marrakech,9100,112,
1883,Sales Executive,Acima,IT,Tanger,7500,112,
1904,Sales Executive,Amendis,Finance,Agadir,7500,112,
2456,Sales Executive,Webhelp Maroc,Retail,Casablanca,9800,112,
2452,HR Officer,Teleperformance Maroc,Healthcare,Casablanca,8400,111,
2454,HR Officer,Webhelp Maroc,Retail,Marrakech,8800,111,
2457,HR Officer,Capgemini Maroc,Retail,Casablanca,9200,111,
2914,HR Officer,LafargeHolcim Maroc Groupe 6,Transport,Marrakech,8000,111,
1711,HR Officer,Inetum Maroc,Industry,Agadir,10100,111,
1964,HR Officer,Laprophan,Industry,Casablanca,10000,111,
1583,HR Officer,Wafa Assurance,Industry,Marrakech,9000,111,
1586,HR Officer,Wafa Assurance,Industry,Casablanca,8800,111,
2880,HR Officer,SEWS Maroc Groupe 6,Energy,Marrakech,8200,111,
2886,HR Officer,Marjane Holding Groupe 6,IT,Rabat,7900,111,
2887,HR Officer,Acima Groupe 6,Industry,Rabat,10500,111,
2991,HR Officer,Dolidol,Energy,Tanger,9500,111,
1507,HR Officer,Samsung Electronics Maghreb,Retail,Rabat,7900,111,
2585,HR Officer,Maghreb Steel Services,Telecom,Tanger,9800,111,
2476,HR Officer,M2M Group,Finance,Casablanca,8800,111,
2478,HR Officer,M2M Group,Finance,Agadir,7700,111,
2121,HR Officer,LafargeHolcim Maroc,Industry,Casablanca,7300,111,
2855,HR Officer,Akdital Groupe 5,Construction,Agadir,9500,111,
2859,HR Officer,Laprophan Groupe 5,Construction,Casablanca,8300,111,
2548,HR Officer,Ciments du Maroc,Retail,Fes,7100,111,
2424,HR Officer,Jumia Maroc,Retail,Casablanca,7100,111,
1777,HR Officer,Oracle Maroc,Energy,Tanger,9800,111,
1780,HR Officer,Microsoft Maroc,Energy,Agadir,8000,111,
2653,HR Officer,CGI Maroc Services,Healthcare,Rabat,8800,111,
2779,HR Officer,Ciments du Maroc Groupe 4,Telecom,Casablanca,10400,111,
2783,HR Officer,Vivo Energy Maroc Groupe 4,Healthcare,Agadir,9300,111,
1738,HR Officer,Afriquia SMDC,Industry,Agadir,9300,111,
1741,HR Officer,Akdital,Construction,Fes,9400,111,
2380,HR Officer,Banque Populaire,Retail,Tanger,7600,111,
2191,HR Officer,Banque Populaire,Retail,Casablanca,9600,111,
2084,HR Officer,Amendis,Finance,Tanger,7800,111,
2002,HR Officer,Maroc Telecom,Finance,Rabat,7200,111,
2502,HR Officer,Sothema,Telecom,Fes,8300,111,
1961,HR Officer,Akdital,Construction,Marrakech,9300,111,
1919,HR Officer,Majorel,Industry,Rabat,9600,111,
1921,HR Officer,Majorel,Industry,Agadir,8000,111,
2705,HR Officer,Laprophan Services,Healthcare,Marrakech,9500,111,
2524,HR Officer,Dell Maroc,IT,Casablanca,7800,111,
1693,HR Officer,Amendis,Finance,Fes,9900,111,
1696,HR Officer,Intelcia,IT,Rabat,8500,111,
1697,HR Officer,Intelcia,IT,Fes,8200,111,
1698,HR Officer,Majorel,Industry,Rabat,9400,111,
1992,HR Officer,HP Maroc,Transport,Casablanca,8600,111,
2492,HR Officer,Afriquia SMDC,Industry,Casablanca,9700,111,
2623,HR Officer,Redal Industrie,Transport,Casablanca,8600,111,
2624,HR Officer,Amendis,Finance,Casablanca,10300,111,
1682,HR Officer,ONCF,Energy,Rabat,9600,111,
1566,HR Officer,Stellantis Maroc,Industry,Agadir,7600,111,
1727,HR Officer,Managem,Healthcare,Agadir,7400,111,
1728,HR Officer,TotalEnergies Maroc,Transport,Tanger,7700,111,
1732,HR Officer,TotalEnergies Maroc,Transport,Casablanca,7900,111,
1733,HR Officer,Vivo Energy Maroc,Telecom,Marrakech,10000,111,
2172,HR Officer,Microsoft Maroc,Energy,Marrakech,8200,111,
2529,HR Officer,TotalEnergies Marketing Maroc Services,Telecom,Rabat,9400,111,
2562,HR Officer,LabelVie Distribution,Finance,Fes,10100,111,
2566,HR Officer,Managem Distribution,IT,Marrakech,7300,111,
2635,HR Officer,Teleperformance Maroc Industrie,Healthcare,Rabat,7600,111,
2639,HR Officer,Majorel Industrie,Retail,Tanger,9100,111,
2537,HR Officer,Peugeot Citroën Automobiles Maroc Services,IT,Marrakech,7700,111,
1707,HR Officer,Capgemini Maroc,Retail,Rabat,8600,111,
1543,HR Officer,Sothema,Telecom,Rabat,9900,111,
2633,HR Officer,Teleperformance Maroc Services,Transport,Tanger,9800,111,
2693,HR Officer,Oncorad Group Services,Transport,Casablanca,10200,111,
2698,HR Officer,Pharma 5 Distribution,Telecom,Fes,9800,111,
2699,HR Officer,Pharma 5 Industrie,Transport,Marrakech,7600,111,
2024,HR Officer,Wafa Assurance,Industry,Rabat,9500,111,
2026,HR Officer,Renault Maroc,Construction,Marrakech,8900,111,
2754,HR Officer,Banque Centrale Populaire Distribution,Energy,Marrakech,8800,111,
2759,HR Officer,Attijariwafa Bank Industrie,Retail,Agadir,9900,111,
2055,HR Officer,Bim Maroc,Telecom,Fes,9900,111,
2062,HR Officer,Glovo Maroc,Healthcare,Agadir,7100,111,
2608,HR Officer,ONCF,Energy,Rabat,9400,111,
1603,HR Officer,HP Maroc,Transport,Fes,9100,111,
2931,HR Officer,SGTM Groupe 6,Retail,Marrakech,9900,111,
2927,HR Officer,Laprophan Groupe 6,Transport,Rabat,8500,111,
1744,HR Officer,Société Afriquia Marocaine de Distribution,Healthcare,Casablanca,7300,111,
1745,HR Officer,Sothema,Telecom,Fes,8900,111,
1746,HR Officer,Sothema,Telecom,Casablanca,10200,111,
2985,HR Officer,Holmarcom,Industry,Rabat,9600,111,
2898,HR Officer,Lydec Groupe 6,Transport,Agadir,9600,111,
2661,HR Officer,Sopra Steria Maroc Services,Retail,Rabat,9300,111,
2667,HR Officer,HPS Industrie,Industry,Marrakech,7900,111,
2800,HR Officer,Banque Populaire Groupe 5,Transport,Fes,7300,111,
2801,HR Officer,CIH Bank Groupe 5,Energy,Rabat,9000,111,
1724,HR Officer,Dislog Group,Construction,Marrakech,7900,111,
1576,HR Officer,Afriquia SMDC,Industry,Casablanca,9700,111,
1579,HR Officer,Dell Maroc,IT,Rabat,9100,111,
1581,HR Officer,Dell Maroc,IT,Fes,8500,111,
2749,HR Officer,AtlantaSanad Services,Construction,Casablanca,8200,111,
2105,HR Officer,SQLI Maroc,Healthcare,Fes,9800,111,
2109,HR Officer,HPS,Transport,Fes,8600,111,
2110,HR Officer,HPS,Transport,Fes,9000,111,
2766,HR Officer,Credit du Maroc Distribution,IT,Rabat,7300,111,
2816,HR Officer,Centrale Danone Groupe 5,Retail,Casablanca,7700,111,
2714,HR Officer,Egis Maroc Distribution,Finance,Agadir,9500,111,
2096,HR Officer,Majorel,Industry,Marrakech,9900,111,
2097,HR Officer,Webhelp Maroc,Retail,Agadir,9300,111,
2102,HR Officer,Capgemini Maroc,Retail,Rabat,10100,111,
2891,HR Officer,Glovo Maroc Groupe 6,Finance,Agadir,9700,111,
2893,HR Officer,SNTL Groupe 6,Transport,Rabat,10200,111,
2091,HR Officer,Teleperformance Maroc,Healthcare,Rabat,9600,111,
2147,HR Officer,Novec,Industry,Fes,9700,111,
2151,HR Officer,Egis Maroc,Industry,Marrakech,9300,111,
2863,HR Officer,SGTM Groupe 5,Transport,Marrakech,7400,111,
2868,HR Officer,Banque Populaire Groupe 6,Construction,Casablanca,8200,111,
2872,HR Officer,BMCE Bank of Africa Groupe 6,Energy,Rabat,9500,111,
2874,HR Officer,Saham Assurance Groupe 6,Healthcare,Casablanca,9600,111,
2185,HR Officer,Attijariwafa Bank,Retail,Rabat,9000,111,
2187,HR Officer,Attijariwafa Bank,Retail,Casablanca,8100,111,
2907,HR Officer,CGI Maroc Groupe 6,Energy,Agadir,9000,111,
2910,HR Officer,HPS Groupe 6,Finance,Fes,9500,111,
2670,HR Officer,M2M Group Distribution,Construction,Casablanca,10200,111,
2419,HR Officer,Marjane Holding,Finance,Casablanca,9900,111,
1502,HR Officer,OCP Group,Construction,Tanger,8900,111,
1506,HR Officer,HP Maroc,Transport,Marrakech,9200,111,
2833,HR Officer,Intelcia Groupe 5,Finance,Rabat,7300,111,
1844,HR Officer,BMCE Bank of Africa,IT,Marrakech,9200,111,
1847,HR Officer,CIH Bank,Finance,Rabat,9400,111,
1811,HR Officer,Renault Maroc,Construction,Agadir,9800,111,
1815,HR Officer,Stellantis Maroc,Industry,Rabat,9800,111,
1802,HR Officer,Saham Assurance,Transport,Agadir,7000,111,
1804,HR Officer,Saham Assurance,Transport,Casablanca,8200,111,
1940,HR Officer,M2M Group,Finance,Fes,7200,111,
1942,HR Officer,Dislog Group,Construction,Casablanca,8600,111,
1943,HR Officer,Dislog Group,Construction,Agadir,10300,111,
2307,HR Officer,LafargeHolcim Maroc,Industry,Fes,8300,111,
2223,HR Officer,Lesieur Cristal,Transport,Agadir,9400,111,
2224,HR Officer,Centrale Danone,IT,Marrakech,7500,111,
2227,HR Officer,Centrale Danone,IT,Casablanca,7000,111,
1932,HR Officer,Inetum Maroc,Industry,Rabat,7300,111,
1858,HR Officer,Stellantis Maroc,Industry,Rabat,8900,111,
1597,HR Officer,LG Electronics Maroc,Finance,Rabat,7300,111,
2280,HR Officer,Webhelp Maroc,Retail,Rabat,8000,111,
2287,HR Officer,CGI Maroc,Energy,Agadir,10000,111,
2251,HR Officer,Royal Air Maroc,Transport,Marrakech,9700,111,
1838,HR Officer,Attijariwafa Bank,Retail,Agadir,9100,111,
2208,HR Officer,Renault Maroc,Construction,Tanger,9600,111,
2209,HR Officer,Renault Maroc,Construction,Marrakech,7100,111,
1819,HR Officer,Yazaki Maroc,Construction,Tanger,9500,111,
1825,HR Officer,Lear Corporation Maroc,Industry,Fes,7800,111,
1898,HR Officer,ONCF,Energy,Casablanca,9500,111,
1901,HR Officer,Redal,Energy,Tanger,10000,111,
2199,HR Officer,CIH Bank,Finance,Tanger,8700,111,
1868,HR Officer,Lear Corporation Maroc,Industry,Tanger,7800,111,
2315,HR Officer,Vivo Energy Maroc,Telecom,Marrakech,7000,111,
1879,HR Officer,Marjane Holding,Finance,Marrakech,9900,111,
1638,HR Officer,Renault Maroc,Construction,Fes,10100,111,
2433,HR Officer,ONCF,Energy,Rabat,7800,111,
1872,HR Officer,Lesieur Cristal,Transport,Casablanca,9800,111,
1629,HR Officer,BMCE Bank of Africa,IT,Marrakech,9500,111,
1521,HR Officer,LafargeHolcim Maroc,Industry,Rabat,10400,111,
2271,HR Officer,Teleperformance Maroc,Healthcare,Tanger,9800,111,
2261,HR Officer,Lydec,Retail,Rabat,9300,111,
2446,HR Officer,Intelcia,IT,Marrakech,10100,111,
2378,HR Officer,Banque Populaire,Retail,Fes,9400,111,
2300,HR Officer,Dislog Group,Construction,Rabat,9800,111,
2303,HR Officer,Dislog Group,Construction,Casablanca,8900,111,
2393,HR Officer,Renault Maroc,Construction,Fes,10400,111,
2264,HR Officer,Amendis,Finance,Tanger,8500,111,
1914,HR Officer,Teleperformance Maroc,Healthcare,Tanger,10200,111,
2371,HR Officer,Maroc Telecom,Finance,Tanger,9200,111,
2334,HR Officer,Novec,Industry,Agadir,8300,111,
1652,HR Officer,Lesieur Cristal,Transport,Tanger,9000,111,
1655,HR Officer,Lesieur Cristal,Transport,Casablanca,9100,111,
2323,HR Officer,Société Afriquia Marocaine de Distribution,Healthcare,Rabat,9900,111,
1644,HR Officer,Yazaki Maroc,Construction,Casablanca,9400,111,
1671,HR Officer,Jumia Maroc,Retail,Agadir,9900,111,
2361,HR Officer,Oracle Maroc,Energy,Tanger,8000,111,
2354,HR Officer,LG Electronics Maroc,Finance,Fes,10400,111,
1525,HR Officer,Alsa Maroc,Retail,Fes,9100,111,
1526,HR Officer,Alsa Maroc,Retail,Casablanca,9100,111,
1532,HR Officer,Maroc Telecom,Finance,Agadir,7100,111,
2346,HR Officer,Alsa Maroc,Retail,Marrakech,10200,111,
2340,Network Technician,Egis Maroc,Industry,Casablanca,7000,103,
1710,Network Technician,Inetum Maroc,Industry,Fes,7500,103,
1713,Network Technician,Inetum Maroc,Industry,Rabat,7800,103,
1717,Network Technician,SQLI Maroc,Healthcare,Fes,9700,103,
2400,Network Technician,Yazaki Maroc,Construction,Tanger,10400,103,
2403,Network Technician,Lear Corporation Maroc,Industry,Agadir,9100,103,
2405,Network Technician,Cosumar,IT,Fes,8000,103,
2451,Network Technician,Teleperformance Maroc,Healthcare,Casablanca,10300,103,
2688,Network Technician,Akdital,Construction,Tanger,9200,103,
2689,Network Technician,Akdital Services,Retail,Fes,9700,103,
2326,Network Technician,Sothema,Telecom,Marrakech,9400,103,
2328,Network Technician,Laprophan,Industry,Agadir,8100,103,
1888,Network Technician,Jumia Maroc,Retail,Tanger,9100,103,
2331,Network Technician,Laprophan,Industry,Rabat,9500,103,
2510,Network Technician,Novec,Industry,Agadir,8300,103,
2516,Network Technician,CID,Healthcare,Agadir,9700,103,
2389,Network Technician,Saham Assurance,Transport,Fes,9100,103,
1790,Network Technician,Attijariwafa Bank,Retail,Agadir,7900,103,
2376,Network Technician,Attijariwafa Bank,Retail,Rabat,9400,103,
2445,Network Technician,Intelcia,IT,Marrakech,9300,103,
2448,Network Technician,Intelcia,IT,Fes,8100,103,
53,Network Technician,Société Générale Maroc,Industry,Rabat,8000,103,
1970,Network Technician,Novec,Industry,Tanger,9000,103,
2410,Network Technician,Lesieur Cristal,Transport,Casablanca,10400,103,
1873,Network Technician,Lesieur Cristal,Transport,Agadir,8200,103,
2242,Network Technician,Bim Maroc,Telecom,Agadir,7600,103,
1782,Network Technician,Microsoft Maroc,Energy,Agadir,9300,103,
2316,Network Technician,Vivo Energy Maroc,Telecom,Casablanca,10300,103,
2319,Network Technician,Akdital,Construction,Fes,9800,103,
82,Network Technician,Managem,Healthcare,Fès,8700,103,
85,Network Technician,Somaca,Energy,Agadir,11000,103,
2631,Network Technician,Intelcia Industrie,Finance,Rabat,7500,103,
63,Network Technician,Maroc Telecom,Finance,Fès,7000,103,
2039,Network Technician,Centrale Danone,IT,Tanger,8100,103,
77,Network Technician,CGI Maroc,Energy,Agadir,9300,103,
78,Network Technician,Decathlon Maroc,Retail,Rabat,11100,103,
80,Network Technician,Label'Vie,Construction,Fès,9000,103,
2733,Network Technician,Auto Hall Services,Energy,Agadir,9800,103,
2735,Network Technician,Auto Hall Industrie,Healthcare,Casablanca,9600,103,
35,Network Technician,Maroc Telecom,Finance,Fès,9100,103,
38,Network Technician,Maroc Telecom,Finance,Tanger,9400,103,
2883,Network Technician,Lesieur Cristal Groupe 6,Industry,Fes,9500,103,
2823,Network Technician,Glovo Maroc Groupe 5,Transport,Casablanca,7300,103,
1609,Network Technician,Microsoft Maroc,Energy,Tanger,7800,103,
1614,Network Technician,OCP Group,Construction,Rabat,8500,103,
1593,Network Technician,Majorel,Industry,Rabat,9900,103,
1853,Network Technician,Wafa Assurance,Industry,Marrakech,10000,103,
2144,Network Technician,Laprophan,Industry,Fes,9800,103,
2913,Network Technician,Managem Groupe 6,Transport,Casablanca,9400,103,
1798,Network Technician,CIH Bank,Finance,Fes,8300,103,
1695,Network Technician,Intelcia,IT,Fes,8800,103,
2418,Network Technician,Marjane Holding,Finance,Marrakech,9900,103,
2420,Network Technician,Marjane Holding,Finance,Agadir,9000,103,
2423,Network Technician,Acima,IT,Marrakech,9200,103,
1584,Network Technician,Wafa Assurance,Industry,Rabat,8100,103,
2234,Network Technician,Marjane Holding,Finance,Fes,9700,103,
2853,Network Technician,Afriquia SMDC Groupe 5,Telecom,Agadir,7500,103,
26,Network Technician,Somaca,Energy,Casablanca,11600,103,
2475,Network Technician,HPS,Transport,Marrakech,9100,103,
2972,Network Technician,Zurich Assurance Maroc,IT,Marrakech,9400,103,
2888,Network Technician,Bim Maroc Groupe 6,Transport,Agadir,7900,103,
2890,Network Technician,Jumia Maroc Groupe 6,Healthcare,Tanger,10400,103,
2100,Network Technician,Capgemini Maroc,Retail,Rabat,8600,103,
2790,Network Technician,Sothema Groupe 4,Healthcare,Agadir,9300,103,
2130,Network Technician,Afriquia SMDC,Industry,Casablanca,9600,103,
2013,Network Technician,Banque Populaire,Retail,Casablanca,7100,103,
2018,Network Technician,CIH Bank,Finance,Fes,7500,103,
2126,Network Technician,TotalEnergies Maroc,Transport,Rabat,7900,103,
2811,Network Technician,Lear Maroc Groupe 5,Construction,Agadir,9300,103,
2959,Network Technician,Glovo Maroc Groupe 7,Transport,Rabat,7600,103,
1944,Network Technician,Dislog Group,Construction,Casablanca,7200,103,
1949,Network Technician,LafargeHolcim Maroc,Industry,Agadir,9200,103,
2902,Network Technician,Teleperformance Maroc Groupe 6,Transport,Agadir,9600,103,
1751,Network Technician,Laprophan,Industry,Fes,8900,103,
2924,Network Technician,Oncorad Group Groupe 6,Construction,Rabat,9900,103,
2926,Network Technician,Sothema Groupe 6,Healthcare,Agadir,9100,103,
2929,Network Technician,Egis Maroc Groupe 6,IT,Marrakech,9400,103,
1979,Network Technician,Alsa Maroc,Retail,Rabat,10400,103,
2060,Network Technician,Jumia Maroc,Retail,Tanger,10000,103,
1509,Network Technician,Samsung Electronics Maghreb,Retail,Marrakech,9400,103,
1512,Network Technician,Saham Assurance,Transport,Casablanca,10400,103,
1514,Network Technician,Saham Assurance,Transport,Agadir,8800,103,
1515,Network Technician,Acima,IT,Fes,9200,103,
2696,Network Technician,Pharma 5,Construction,Casablanca,8600,103,
2637,Network Technician,Majorel Services,Energy,Tanger,10200,103,
2609,Network Technician,ONCF Services,Industry,Agadir,7100,103,
2611,Network Technician,ONCF Industrie,Finance,Casablanca,9000,103,
2614,Network Technician,ADM Maroc Distribution,Healthcare,Agadir,9600,103,
2029,Network Technician,Renault Maroc,Construction,Rabat,9900,103,
2033,Network Technician,Lear Corporation Maroc,Industry,Tanger,9000,103,
2034,Network Technician,Lear Corporation Maroc,Industry,Tanger,9800,103,
1571,Network Technician,Glovo Maroc,Healthcare,Fes,10100,103,
2498,Network Technician,Akdital,Construction,Marrakech,9100,103,
1988,Network Technician,Dell Maroc,IT,Fes,7500,103,
1989,Network Technician,Dell Maroc,IT,Rabat,8700,103,
2706,Network Technician,Laprophan Distribution,Industry,Tanger,8600,103,
4,Network Technician,Somaca,Energy,Marrakech,8900,103,
7,Network Technician,Managem,Healthcare,Tanger,10500,103,
2586,Network Technician,Maghreb Steel Distribution,IT,Marrakech,7800,103,
1995,Network Technician,Oracle Maroc,Energy,Agadir,8600,103,
2000,Network Technician,OCP Group,Construction,Tanger,9100,103,
2383,Network Technician,BMCE Bank of Africa,IT,Fes,9500,103,
1957,Network Technician,Vivo Energy Maroc,Telecom,Fes,9400,103,
1958,Network Technician,Afriquia SMDC,Industry,Marrakech,10300,103,
2786,Network Technician,Winxo Groupe 4,Industry,Rabat,9100,103,
2544,Network Technician,LafargeHolcim Maroc,Industry,Rabat,9600,103,
2654,Network Technician,CGI Maroc Distribution,Construction,Rabat,8000,103,
2505,Network Technician,Sothema,Telecom,Fes,8200,103,
1544,Network Technician,Sothema,Telecom,Rabat,8700,103,
1558,Network Technician,Inetum Maroc,Industry,Agadir,9600,103,
1560,Network Technician,Akdital,Construction,Agadir,8200,103,
2771,Network Technician,Al Barid Bank Industrie,Construction,Agadir,9100,103,
2776,Network Technician,Involys Groupe 4,IT,Marrakech,9400,103,
2269,Network Technician,Intelcia,IT,Tanger,8700,103,
2297,Network Technician,M2M Group,Finance,Casablanca,10400,103,
95,Network Technician,Jumia Maroc,Retail,Fès,12600,103,
1675,Network Technician,Glovo Maroc,Healthcare,Agadir,7200,103,
1631,Network Technician,BMCE Bank of Africa,IT,Agadir,9200,103,
1632,Network Technician,CIH Bank,Finance,Fes,8200,103,
1635,Network Technician,CIH Bank,Finance,Agadir,9000,103,
1639,Network Technician,Renault Maroc,Construction,Casablanca,8700,103,
1537,Network Technician,ADM Maroc,Transport,Agadir,9100,103,
2079,Network Technician,Redal,Energy,Marrakech,7200,103,
2080,Network Technician,Redal,Energy,Casablanca,8900,103,
1835,Network Technician,Centrale Danone,IT,Fes,8300,103,
1841,Network Technician,Banque Populaire,Retail,Casablanca,9700,103,
2284,Network Technician,Inetum Maroc,Industry,Marrakech,8700,103,
2571,Network Technician,Cosumar Industrie,Industry,Agadir,7600,103,
1818,Network Technician,Yazaki Maroc,Construction,Rabat,10100,103,
2940,Network Technician,BMCE Bank of Africa Groupe 7,Industry,Rabat,9800,103,
2909,Network Technician,Sopra Steria Maroc Groupe 6,Retail,Casablanca,7800,103,
2737,Network Technician,CTM Services,Transport,Rabat,9800,103,
2738,Network Technician,CTM Distribution,Finance,Tanger,8900,103,
2488,Network Technician,Vivo Energy Maroc,Telecom,Tanger,8800,103,
2489,Network Technician,Vivo Energy Maroc,Telecom,Marrakech,8500,103,
1555,Network Technician,Royal Air Maroc,Transport,Fes,8300,103,
1556,Network Technician,Royal Air Maroc,Transport,Agadir,8100,103,
2763,Network Technician,CIH Bank Industrie,Transport,Agadir,8300,103,
2748,Network Technician,AtlantaSanad,Finance,Agadir,8700,103,
2750,Network Technician,AtlantaSanad Distribution,Construction,Agadir,9000,103,
2796,Network Technician,GTR Groupe 4,Finance,Casablanca,8100,103,
2532,Network Technician,Vivo Energy Maroc,Telecom,Fes,9600,103,
1606,Network Technician,Oracle Maroc,Energy,Rabat,9000,103,
2642,Network Technician,Webhelp Maroc Distribution,Transport,Casablanca,9700,103,
2649,Network Technician,Inetum Maroc Services,Transport,Marrakech,7900,103,
2723,Network Technician,SGTM Industrie,Finance,Rabat,9100,103,
2518,Network Technician,Alsa Maroc,Retail,Casablanca,8000,103,
2618,Network Technician,Lydec Distribution,Industry,Marrakech,9800,103,
1701,Network Technician,Majorel,Industry,Rabat,9800,103,
2176,Network Technician,OCP Group,Construction,Agadir,10000,103,
2177,Network Technician,OCP Group,Construction,Agadir,10500,103,
2876,Network Technician,Renault Maroc Groupe 6,Industry,Fes,7500,103,
2554,Network Technician,Société Marocaine des Tabacs Distribution,Transport,Marrakech,9700,103,
2556,Network Technician,Samsung Electronics Maghreb Arab,IT,Casablanca,9900,103,
2933,Network Technician,OCP Groupe 7,Retail,Tanger,8000,103,
1666,Network Technician,Marjane Holding,Finance,Agadir,9800,103,
1912,Network Technician,Teleperformance Maroc,Healthcare,Fes,9200,103,
2272,Network Technician,Teleperformance Maroc,Healthcare,Tanger,9200,103,
2276,Network Technician,Majorel,Industry,Tanger,9300,103,
2427,Network Technician,Glovo Maroc,Healthcare,Rabat,7900,103,
1824,Network Technician,Lear Corporation Maroc,Industry,Rabat,8200,103,
2252,Network Technician,Royal Air Maroc,Transport,Rabat,7500,103,
2472,Network Technician,SQLI Maroc,Healthcare,Tanger,9600,103,
2473,Network Technician,HPS,Transport,Agadir,9800,103,
2672,Network Technician,Involys,Transport,Casablanca,8500,103,
2673,Network Technician,Involys Services,Industry,Fes,7200,103,
2146,Network Technician,Novec,Industry,Tanger,9200,103,
2148,Network Technician,Egis Maroc,Industry,Casablanca,8600,103,
2152,Network Technician,Egis Maroc,Industry,Rabat,10400,103,
2005,Network Technician,Attijariwafa Bank,Retail,Tanger,9100,103,
2865,Network Technician,OCP Groupe 6,Healthcare,Casablanca,8900,103,
2818,Network Technician,Marjane Holding Groupe 5,IT,Fes,7000,103,
2819,Network Technician,Acima Groupe 5,Telecom,Tanger,9900,103,
2988,Network Technician,Travaux Generaux de Construction,Transport,Rabat,8000,103,
2994,Network Technician,Promopharm,Healthcare,Tanger,9500,103,
1739,Network Technician,Afriquia SMDC,Industry,Tanger,10300,103,
1743,Network Technician,Société Afriquia Marocaine de Distribution,Healthcare,Casablanca,8700,103,
1941,Network Technician,Dislog Group,Construction,Rabat,7300,103,
2583,Network Technician,Akwa Group Industrie,Retail,Marrakech,7400,103,
1685,Network Technician,ADM Maroc,Transport,Marrakech,9200,103,
1690,Network Technician,Amendis,Finance,Tanger,8700,103,
2255,Network Technician,ONCF,Energy,Fes,7300,103,
2356,Network Technician,HP Maroc,Transport,Rabat,9200,103,
2360,Network Technician,Oracle Maroc,Energy,Marrakech,7500,103,
2363,Network Technician,Microsoft Maroc,Energy,Rabat,7400,103,
132b3068-c622-41c7-a688-4dcd0ab2093b,Full Stack Developer,Tech Solutions,IT Services,Casablanca,12400,0,
0a1c02ec-0357-4082-b520-e5d810c2caf7,Python Backend Engineer,DataFlow,IT Services,Rabat,14300,0,
e873e5bd-a3c4-4939-a651-4ac360c509fa,Java Tech Lead,Bank IT,IT Services,Casablanca,19800,0,
fe908eac-489f-4feb-af2c-41fff7274770,Digital Marketing Manager,Global Brands,Marketing & Design,Casablanca,22800,0,
9bcc2210-b702-4d8f-804d-0e495beb81e0,SEO Specialist,Global Brands,Marketing & Design,Rabat,12000,0,
cd7530fd-f7b8-4d14-ad1e-9b255f45281d,Content Creator,Creative Studio,Marketing & Design,Marrakech,10500,0,
a9a5f371-7528-4558-aa39-ed33314933d8,UI/UX Designer,Creative Studio,Marketing & Design,Casablanca,13500,0,
6d30d773-3b32-4478-98c2-27fe8e3832c6,Graphic Designer,Global Brands,Marketing & Design,Tangier,11200,0,
f4f2e190-a138-462c-bfae-a5d5cc68aa35,HR Manager,MediCare,Healthcare,Rabat,23200,0,
178a964f-3d1c-4493-9263-4fecb6345d8b,Financial Analyst,Bank IT,IT Services,Casablanca,11500,0,
88792d52-c70d-40df-ac09-272a433d7ba8,Accountant,MediCare,Healthcare,Fes,12800,0,
25ba2216-847f-4780-9770-0cdb6a481198,chef,ADM Maroc,Transport,,50000,0,1768572785500
100,Financial Analyst,Cosumar,IT,Casablanca,11300,0,
101,Sales Executive (Nouvelle offre),Somaca,Energy,Casablanca,9000,0,
102,Marketing Specialist (Nouvelle offre),Lesieur Cristal,Transport,Marrakech,9400,0,
103,HR Manager (Nouvelle offre),Glovo Maroc,Healthcare,Agadir,26100,0,
104,Network Technician (Nouvelle offre),Somaca,Energy,Marrakech,7400,0,
105,Marketing Specialist (Nouvelle offre),Decathlon Maroc,Retail,Fès,8400,0,
106,Software Engineer (Nouvelle offre),CGI Maroc,Energy,Agadir,16800,0,
107,Network Technician (Nouvelle offre),Managem,Healthcare,Tanger,10500,0,
108,Marketing Specialist (Nouvelle offre),Accor Maroc,Healthcare,Casablanca,9300,0,
109,Software Engineer (Nouvelle offre),Renault Maroc,Construction,Rabat,14100,0,
110,Accountant (Nouvelle offre),Maroc Telecom,Finance,Tanger,9800,0,
111,HR Manager (Nouvelle offre),Capgemini Maroc,Retail,Casablanca,27900,0,
112,Sales Executive (Nouvelle offre),Managem,Healthcare,Agadir,7100,0,
113,Supply Chain Coordinator (Nouvelle offre),Cosumar,IT,Rabat,9400,0,
114,Supply Chain Coordinator (Nouvelle offre),Renault Maroc,Construction,Fès,10500,0,
115,Supply Chain Coordinator (Nouvelle offre),Renault Maroc,Construction,Casablanca,10000,0,
116,Supply Chain Coordinator (Nouvelle offre),Decathlon Maroc,Retail,Casablanca,13100,0,
117,Financial Analyst (Nouvelle offre),Managem,Healthcare,Tanger,8300,0,
118,Software Engineer (Nouvelle offre),ONCF,Energy,Marrakech,14000,0,
119,Data Analyst (Nouvelle offre),Cosumar,IT,Tanger,11300,0,
120,HR Manager (Nouvelle offre),BMCE Bank of Africa,IT,Casablanca,27500,0,
121,HR Manager (Nouvelle offre),Somaca,Energy,Marrakech,25800,0,
122,Sales Executive (Nouvelle offre),Decathlon Maroc,Retail,Agadir,9200,0,
123,Accountant (Nouvelle offre),Jumia Maroc,Retail,Fès,10700,0,
124,HR Manager (Nouvelle offre),Capgemini Maroc,Retail,Rabat,24300,0,
125,Data Analyst (Nouvelle offre),Royal Air Maroc,Transport,Fès,9500,0,
126,Network Technician (Nouvelle offre),Somaca,Energy,Casablanca,11600,0,
127,Financial Analyst (Nouvelle offre),CGI Maroc,Energy,Marrakech,7300,0,
128,Accountant (Nouvelle offre),OCP Group,Construction,Casablanca,13000,0,
129,Accountant (Nouvelle offre),OCP Group,Construction,Rabat,10500,0,
130,HR Manager (Nouvelle offre),Glovo Maroc,Healthcare,Rabat,22300,0,
131,Data Analyst (Nouvelle offre),Managem,Healthcare,Rabat,12800,0,
132,HR Manager (Nouvelle offre),Attijariwafa Bank,Retail,Tanger,25500,0,
133,Marketing Specialist (Nouvelle offre),Somaca,Energy,Marrakech,7500,0,
134,Sales Executive (Nouvelle offre),OCP Group,Construction,Tanger,8900,0,
135,Network Technician (Nouvelle offre),Maroc Telecom,Finance,Fès,7700,0,
136,Sales Executive (Nouvelle offre),Attijariwafa Bank,Retail,Tanger,8300,0,
137,Customer Support Agent (Nouvelle offre),Renault Maroc,Construction,Marrakech,6400,0,
138,Network Technician (Nouvelle offre),Maroc Telecom,Finance,Tanger,8100,0,
139,Software Engineer (Nouvelle offre),Renault Maroc,Construction,Rabat,12600,0,
140,HR Manager (Nouvelle offre),Somaca,Energy,Agadir,23700,0,
141,HR Manager (Nouvelle offre),Renault Maroc,Construction,Tanger,26500,0,
142,Supply Chain Coordinator (Nouvelle offre),Managem,Healthcare,Agadir,11700,0,
143,Software Engineer (Nouvelle offre),Renault Maroc,Construction,Rabat,13600,0,
144,Financial Analyst (Nouvelle offre),Capgemini Maroc,Retail,Tanger,11100,0,
145,Supply Chain Coordinator (Nouvelle offre),CGI Maroc,Energy,Casablanca,9400,0,
146,HR Manager (Nouvelle offre),Managem,Healthcare,Marrakech,24800,0,
147,Supply Chain Coordinator (Nouvelle offre),Glovo Maroc,Healthcare,Tanger,11600,0,
148,Software Engineer (Nouvelle offre),BMCE Bank of Africa,IT,Marrakech,19800,0,
149,Software Engineer (Nouvelle offre),OCP Group,Construction,Fès,17600,0,
150,Sales Executive (Nouvelle offre),Société Générale Maroc,Industry,Fès,12900,0,
151,Software Engineer (Nouvelle offre),Glovo Maroc,Healthcare,Fès,18400,0,
152,Data Analyst (Nouvelle offre),Somaca,Energy,Fès,7400,0,
153,Network Technician (Nouvelle offre),Société Générale Maroc,Industry,Rabat,9800,0,
154,Financial Analyst (Nouvelle offre),Decathlon Maroc,Retail,Marrakech,12200,0,
155,Accountant (Nouvelle offre),Glovo Maroc,Healthcare,Marrakech,9900,0,
156,HR Manager (Nouvelle offre),Renault Maroc,Construction,Tanger,26600,0,
157,Data Analyst (Nouvelle offre),Attijariwafa Bank,Retail,Fès,8900,0,
158,Data Analyst (Nouvelle offre),OCP Group,Construction,Casablanca,9000,0,
159,Data Analyst (Nouvelle offre),CGI Maroc,Energy,Fès,9300,0,
160,Supply Chain Coordinator (Nouvelle offre),ONCF,Energy,Rabat,10100,0,
161,Data Analyst (Nouvelle offre),Glovo Maroc,Healthcare,Rabat,8700,0,
162,Financial Analyst (Nouvelle offre),Capgemini Maroc,Retail,Fès,9100,0,
163,Network Technician (Nouvelle offre),Maroc Telecom,Finance,Fès,8300,0,
164,Data Analyst (Nouvelle offre),Renault Maroc,Construction,Rabat,12400,0,
165,Marketing Specialist (Nouvelle offre),Renault Maroc,Construction,Fès,7400,0,
166,Marketing Specialist (Nouvelle offre),Accor Maroc,Healthcare,Rabat,7200,0,
167,Supply Chain Coordinator (Nouvelle offre),Société Générale Maroc,Industry,Marrakech,11100,0,
168,Sales Executive (Nouvelle offre),Lesieur Cristal,Transport,Rabat,13100,0,
169,Financial Analyst (Nouvelle offre),Cosumar,IT,Casablanca,7800,0,
170,Sales Executive (Nouvelle offre),CGI Maroc,Energy,Fès,7800,0,
171,HR Manager (Nouvelle offre),Renault Maroc,Construction,Tanger,22200,0,
172,Accountant (Nouvelle offre),Addoha,Telecom,Tanger,7600,0,
173,Sales Executive (Nouvelle offre),Lesieur Cristal,Transport,Rabat,7900,0,
174,Marketing Specialist (Nouvelle offre),Attijariwafa Bank,Retail,Tanger,9000,0,
175,Supply Chain Coordinator (Nouvelle offre),ONCF,Energy,Agadir,9300,0,
176,Supply Chain Coordinator (Nouvelle offre),ONCF,Energy,Casablanca,13500,0,
177,Network Technician (Nouvelle offre),CGI Maroc,Energy,Agadir,9700,0,
178,Network Technician (Nouvelle offre),Decathlon Maroc,Retail,Rabat,11100,0,
179,Sales Executive (Nouvelle offre),OCP Group,Construction,Fès,11100,0,
180,Network Technician (Nouvelle offre),Label'Vie,Construction,Fès,7000,0,
181,Data Analyst (Nouvelle offre),Capgemini Maroc,Retail,Fès,8900,0,
182,Network Technician (Nouvelle offre),Managem,Healthcare,Fès,8300,0,
183,Software Engineer (Nouvelle offre),Addoha,Telecom,Agadir,14500,0,
184,Software Engineer (Nouvelle offre),Addoha,Telecom,Marrakech,13000,0,
185,Network Technician (Nouvelle offre),Somaca,Energy,Agadir,11000,0,
186,Sales Executive (Nouvelle offre),Addoha,Telecom,Marrakech,9600,0,
187,Supply Chain Coordinator (Nouvelle offre),Lesieur Cristal,Transport,Rabat,13300,0,
188,Software Engineer (Nouvelle offre),Addoha,Telecom,Rabat,19300,0,
189,Sales Executive (Nouvelle offre),Cosumar,IT,Casablanca,8200,0,
190,HR Manager (Nouvelle offre),Jumia Maroc,Retail,Agadir,25500,0,
191,Software Engineer (Nouvelle offre),Attijariwafa Bank,Retail,Tanger,15400,0,
192,Customer Support Agent (Nouvelle offre),Société Générale Maroc,Industry,Tanger,6300,0,
193,Accountant (Nouvelle offre),Société Générale Maroc,Industry,Tanger,7300,0,
194,Data Analyst (Nouvelle offre),Maroc Telecom,Finance,Rabat,12300,0,
195,Network Technician (Nouvelle offre),Jumia Maroc,Retail,Fès,12600,0,
196,Accountant (Nouvelle offre),Managem,Healthcare,Casablanca,12100,0,
197,Sales Executive (Nouvelle offre),Accor Maroc,Healthcare,Casablanca,9300,0,
198,Sales Executive (Nouvelle offre),BMCE Bank of Africa,IT,Agadir,12500,0,
199,Software Engineer (Nouvelle offre),Royal Air Maroc,Transport,Fès,15900,0,
200,Financial Analyst (Nouvelle offre),Cosumar,IT,Casablanca,11300,0,
201,Sales Executive (Nouvelle offre),Somaca,Energy,Casablanca,9000,0,
202,Marketing Specialist (Nouvelle offre),Lesieur Cristal,Transport,Marrakech,9400,0,
203,HR Manager (Nouvelle offre),Glovo Maroc,Healthcare,Agadir,18100,0,
204,Network Technician (Nouvelle offre),Somaca,Energy,Marrakech,8900,0,
205,Marketing Specialist (Nouvelle offre),Decathlon Maroc,Retail,Fès,7600,0,
206,Software Engineer (Nouvelle offre),CGI Maroc,Energy,Agadir,18400,0,
207,Network Technician (Nouvelle offre),Managem,Healthcare,Tanger,10500,0,
208,Marketing Specialist (Nouvelle offre),Accor Maroc,Healthcare,Casablanca,9300,0,
209,Software Engineer (Nouvelle offre),Renault Maroc,Construction,Rabat,17000,0,
210,Accountant (Nouvelle offre),Maroc Telecom,Finance,Tanger,9600,0,
211,HR Manager (Nouvelle offre),Capgemini Maroc,Retail,Casablanca,25900,0,
212,Sales Executive (Nouvelle offre),Managem,Healthcare,Agadir,8100,0,
213,Supply Chain Coordinator (Nouvelle offre),Cosumar,IT,Rabat,9800,0,
214,Supply Chain Coordinator (Nouvelle offre),Renault Maroc,Construction,Fès,10500,0,
215,Supply Chain Coordinator (Nouvelle offre),Renault Maroc,Construction,Casablanca,10000,0,
216,Supply Chain Coordinator (Nouvelle offre),Decathlon Maroc,Retail,Casablanca,13100,0,
217,Financial Analyst (Nouvelle offre),Managem,Healthcare,Tanger,7500,0,
218,Software Engineer (Nouvelle offre),ONCF,Energy,Marrakech,16600,0,
219,Data Analyst (Nouvelle offre),Cosumar,IT,Tanger,11300,0,
220,HR Manager (Nouvelle offre),BMCE Bank of Africa,IT,Casablanca,21900,0,
221,HR Manager (Nouvelle offre),Somaca,Energy,Marrakech,22200,0,
222,Sales Executive (Nouvelle offre),Decathlon Maroc,Retail,Agadir,9900,0,
223,Accountant (Nouvelle offre),Jumia Maroc,Retail,Fès,10700,0,
224,HR Manager (Nouvelle offre),Capgemini Maroc,Retail,Rabat,24000,0,
225,Data Analyst (Nouvelle offre),Royal Air Maroc,Transport,Fès,8600,0,
226,Network Technician (Nouvelle offre),Somaca,Energy,Casablanca,11600,0,
227,Financial Analyst (Nouvelle offre),CGI Maroc,Energy,Marrakech,9700,0,
228,Accountant (Nouvelle offre),OCP Group,Construction,Casablanca,13000,0,
229,Accountant (Nouvelle offre),OCP Group,Construction,Rabat,10500,0,
230,HR Manager (Nouvelle offre),Glovo Maroc,Healthcare,Rabat,23600,0,
231,Data Analyst (Nouvelle offre),Managem,Healthcare,Rabat,12800,0,
232,HR Manager (Nouvelle offre),Attijariwafa Bank,Retail,Tanger,21600,0,
233,Marketing Specialist (Nouvelle offre),Somaca,Energy,Marrakech,8600,0,
234,Sales Executive (Nouvelle offre),OCP Group,Construction,Tanger,10000,0,
235,Network Technician (Nouvelle offre),Maroc Telecom,Finance,Fès,8000,0,
236,Sales Executive (Nouvelle offre),Attijariwafa Bank,Retail,Tanger,8900,0,
237,Customer Support Agent (Nouvelle offre),Renault Maroc,Construction,Marrakech,8900,0,
60,Supply Chain Coordinator,ONCF,Energy,Rabat,10100,0,
62,Financial Analyst,Capgemini Maroc,Retail,Fès,8900,0,
67,Supply Chain Coordinator,Société Générale Maroc,Industry,Marrakech,11100,0,
238,Network Technician (Nouvelle offre),Maroc Telecom,Finance,Tanger,9800,0,
239,Software Engineer (Nouvelle offre),Renault Maroc,Construction,Rabat,16100,0,
240,HR Manager (Nouvelle offre),Somaca,Energy,Agadir,21400,0,
241,HR Manager (Nouvelle offre),Renault Maroc,Construction,Tanger,22700,0,
242,Supply Chain Coordinator (Nouvelle offre),Managem,Healthcare,Agadir,11700,0,
243,Software Engineer (Nouvelle offre),Renault Maroc,Construction,Rabat,12000,0,
244,Financial Analyst (Nouvelle offre),Capgemini Maroc,Retail,Tanger,11100,0,
245,Supply Chain Coordinator (Nouvelle offre),CGI Maroc,Energy,Casablanca,9400,0,
246,HR Manager (Nouvelle offre),Managem,Healthcare,Marrakech,23200,0,
247,Supply Chain Coordinator (Nouvelle offre),Glovo Maroc,Healthcare,Tanger,11600,0,
248,Software Engineer (Nouvelle offre),BMCE Bank of Africa,IT,Marrakech,14400,0,
249,Software Engineer (Nouvelle offre),OCP Group,Construction,Fès,12500,0,
250,Sales Executive (Nouvelle offre),Société Générale Maroc,Industry,Fès,12900,0,
251,Software Engineer (Nouvelle offre),Glovo Maroc,Healthcare,Fès,14300,0,
252,Data Analyst (Nouvelle offre),Somaca,Energy,Fès,8000,0,
253,Network Technician (Nouvelle offre),Société Générale Maroc,Industry,Rabat,8000,0,
254,Financial Analyst (Nouvelle offre),Decathlon Maroc,Retail,Marrakech,12200,0,
255,Accountant (Nouvelle offre),Glovo Maroc,Healthcare,Marrakech,8300,0,
256,HR Manager (Nouvelle offre),Renault Maroc,Construction,Tanger,22500,0,
257,Data Analyst (Nouvelle offre),Attijariwafa Bank,Retail,Fès,7900,0,
258,Data Analyst (Nouvelle offre),OCP Group,Construction,Casablanca,9000,0,
259,Data Analyst (Nouvelle offre),CGI Maroc,Energy,Fès,8500,0,
260,Supply Chain Coordinator (Nouvelle offre),ONCF,Energy,Rabat,10100,0,
261,Data Analyst (Nouvelle offre),Glovo Maroc,Healthcare,Rabat,8100,0,
262,Financial Analyst (Nouvelle offre),Capgemini Maroc,Retail,Fès,8100,0,
263,Network Technician (Nouvelle offre),Maroc Telecom,Finance,Fès,7600,0,
264,Data Analyst (Nouvelle offre),Renault Maroc,Construction,Rabat,12400,0,
265,Marketing Specialist (Nouvelle offre),Renault Maroc,Construction,Fès,9500,0,
266,Marketing Specialist (Nouvelle offre),Accor Maroc,Healthcare,Rabat,9200,0,
267,Supply Chain Coordinator (Nouvelle offre),Société Générale Maroc,Industry,Marrakech,11100,0,
268,Sales Executive (Nouvelle offre),Lesieur Cristal,Transport,Rabat,13100,0,
269,Financial Analyst (Nouvelle offre),Cosumar,IT,Casablanca,9500,0,
270,Sales Executive (Nouvelle offre),CGI Maroc,Energy,Fès,8900,0,
271,HR Manager (Nouvelle offre),Renault Maroc,Construction,Tanger,19100,0,
272,Accountant (Nouvelle offre),Addoha,Telecom,Tanger,9400,0,
273,Sales Executive (Nouvelle offre),Lesieur Cristal,Transport,Rabat,9000,0,
274,Marketing Specialist (Nouvelle offre),Attijariwafa Bank,Retail,Tanger,8800,0,
275,Supply Chain Coordinator (Nouvelle offre),ONCF,Energy,Agadir,9300,0,
276,Supply Chain Coordinator (Nouvelle offre),ONCF,Energy,Casablanca,13500,0,
277,Network Technician (Nouvelle offre),CGI Maroc,Energy,Agadir,8700,0,
278,Network Technician (Nouvelle offre),Decathlon Maroc,Retail,Rabat,11100,0,
279,Sales Executive (Nouvelle offre),OCP Group,Construction,Fès,11100,0,
280,Network Technician (Nouvelle offre),Label'Vie,Construction,Fès,7200,0,
281,Data Analyst (Nouvelle offre),Capgemini Maroc,Retail,Fès,7400,0,
282,Network Technician (Nouvelle offre),Managem,Healthcare,Fès,7600,0,
283,Software Engineer (Nouvelle offre),Addoha,Telecom,Agadir,19600,0,
284,Software Engineer (Nouvelle offre),Addoha,Telecom,Marrakech,13600,0,
285,Network Technician (Nouvelle offre),Somaca,Energy,Agadir,11000,0,
286,Sales Executive (Nouvelle offre),Addoha,Telecom,Marrakech,9600,0,
287,Supply Chain Coordinator (Nouvelle offre),Lesieur Cristal,Transport,Rabat,13300,0,
288,Software Engineer (Nouvelle offre),Addoha,Telecom,Rabat,16300,0,
289,Sales Executive (Nouvelle offre),Cosumar,IT,Casablanca,9400,0,
290,HR Manager (Nouvelle offre),Jumia Maroc,Retail,Agadir,23600,0,
291,Software Engineer (Nouvelle offre),Attijariwafa Bank,Retail,Tanger,13100,0,
292,Customer Support Agent (Nouvelle offre),Société Générale Maroc,Industry,Tanger,7000,0,
293,Accountant (Nouvelle offre),Société Générale Maroc,Industry,Tanger,7700,0,
294,Data Analyst (Nouvelle offre),Maroc Telecom,Finance,Rabat,12300,0,
295,Network Technician (Nouvelle offre),Jumia Maroc,Retail,Fès,12600,0,
296,Accountant (Nouvelle offre),Managem,Healthcare,Casablanca,12100,0,
297,Sales Executive (Nouvelle offre),Accor Maroc,Healthcare,Casablanca,8600,0,
298,Sales Executive (Nouvelle offre),BMCE Bank of Africa,IT,Agadir,12500,0,
299,Software Engineer (Nouvelle offre),Royal Air Maroc,Transport,Fès,12700,0,
300,Financial Analyst (Nouvelle offre),Cosumar,IT,Casablanca,11300,0,
301,Sales Executive (Nouvelle offre),Somaca,Energy,Casablanca,9000,0,
302,Marketing Specialist (Nouvelle offre),Lesieur Cristal,Transport,Marrakech,9400,0,
303,HR Manager (Nouvelle offre),Glovo Maroc,Healthcare,Agadir,27600,0,
304,Network Technician (Nouvelle offre),Somaca,Energy,Marrakech,8400,0,
305,Marketing Specialist (Nouvelle offre),Decathlon Maroc,Retail,Fès,9000,0,
306,Software Engineer (Nouvelle offre),CGI Maroc,Energy,Agadir,12100,0,
307,Network Technician (Nouvelle offre),Managem,Healthcare,Tanger,10500,0,
308,Marketing Specialist (Nouvelle offre),Accor Maroc,Healthcare,Casablanca,9300,0,
309,Software Engineer (Nouvelle offre),Renault Maroc,Construction,Rabat,15600,0,
310,Accountant (Nouvelle offre),Maroc Telecom,Finance,Tanger,8600,0,
311,HR Manager (Nouvelle offre),Capgemini Maroc,Retail,Casablanca,22000,0,
312,Sales Executive (Nouvelle offre),Managem,Healthcare,Agadir,7900,0,
313,Supply Chain Coordinator (Nouvelle offre),Cosumar,IT,Rabat,7400,0,
314,Supply Chain Coordinator (Nouvelle offre),Renault Maroc,Construction,Fès,10500,0,
315,Supply Chain Coordinator (Nouvelle offre),Renault Maroc,Construction,Casablanca,10000,0,
316,Supply Chain Coordinator (Nouvelle offre),Decathlon Maroc,Retail,Casablanca,13100,0,
317,Financial Analyst (Nouvelle offre),Managem,Healthcare,Tanger,8200,0,
318,Software Engineer (Nouvelle offre),ONCF,Energy,Marrakech,19000,0,
319,Data Analyst (Nouvelle offre),Cosumar,IT,Tanger,11300,0,
320,HR Manager (Nouvelle offre),BMCE Bank of Africa,IT,Casablanca,21300,0,
321,HR Manager (Nouvelle offre),Somaca,Energy,Marrakech,27800,0,
322,Sales Executive (Nouvelle offre),Decathlon Maroc,Retail,Agadir,7600,0,
323,Accountant (Nouvelle offre),Jumia Maroc,Retail,Fès,10700,0,
324,HR Manager (Nouvelle offre),Capgemini Maroc,Retail,Rabat,25400,0,
325,Data Analyst (Nouvelle offre),Royal Air Maroc,Transport,Fès,9700,0,
326,Network Technician (Nouvelle offre),Somaca,Energy,Casablanca,11600,0,
327,Financial Analyst (Nouvelle offre),CGI Maroc,Energy,Marrakech,10000,0,
328,Accountant (Nouvelle offre),OCP Group,Construction,Casablanca,13000,0,
329,Accountant (Nouvelle offre),OCP Group,Construction,Rabat,10500,0,
330,HR Manager (Nouvelle offre),Glovo Maroc,Healthcare,Rabat,23900,0,
331,Data Analyst (Nouvelle offre),Managem,Healthcare,Rabat,12800,0,
332,HR Manager (Nouvelle offre),Attijariwafa Bank,Retail,Tanger,21500,0,
333,Marketing Specialist (Nouvelle offre),Somaca,Energy,Marrakech,9600,0,
334,Sales Executive (Nouvelle offre),OCP Group,Construction,Tanger,8600,0,
335,Network Technician (Nouvelle offre),Maroc Telecom,Finance,Fès,7800,0,
336,Sales Executive (Nouvelle offre),Attijariwafa Bank,Retail,Tanger,8700,0,
337,Customer Support Agent (Nouvelle offre),Renault Maroc,Construction,Marrakech,6100,0,
338,Network Technician (Nouvelle offre),Maroc Telecom,Finance,Tanger,9900,0,
339,Software Engineer (Nouvelle offre),Renault Maroc,Construction,Rabat,15600,0,
340,HR Manager (Nouvelle offre),Somaca,Energy,Agadir,24300,0,
341,HR Manager (Nouvelle offre),Renault Maroc,Construction,Tanger,21100,0,
342,Supply Chain Coordinator (Nouvelle offre),Managem,Healthcare,Agadir,11700,0,
343,Software Engineer (Nouvelle offre),Renault Maroc,Construction,Rabat,12200,0,
344,Financial Analyst (Nouvelle offre),Capgemini Maroc,Retail,Tanger,11100,0,
345,Supply Chain Coordinator (Nouvelle offre),CGI Maroc,Energy,Casablanca,9400,0,
346,HR Manager (Nouvelle offre),Managem,Healthcare,Marrakech,23300,0,
347,Supply Chain Coordinator (Nouvelle offre),Glovo Maroc,Healthcare,Tanger,11600,0,
348,Software Engineer (Nouvelle offre),BMCE Bank of Africa,IT,Marrakech,12900,0,
349,Software Engineer (Nouvelle offre),OCP Group,Construction,Fès,19800,0,
350,Sales Executive (Nouvelle offre),Société Générale Maroc,Industry,Fès,12900,0,
351,Software Engineer (Nouvelle offre),Glovo Maroc,Healthcare,Fès,18000,0,
352,Data Analyst (Nouvelle offre),Somaca,Energy,Fès,7100,0,
353,Network Technician (Nouvelle offre),Société Générale Maroc,Industry,Rabat,9300,0,
354,Financial Analyst (Nouvelle offre),Decathlon Maroc,Retail,Marrakech,12200,0,
355,Accountant (Nouvelle offre),Glovo Maroc,Healthcare,Marrakech,8700,0,
356,HR Manager (Nouvelle offre),Renault Maroc,Construction,Tanger,18300,0,
357,Data Analyst (Nouvelle offre),Attijariwafa Bank,Retail,Fès,8100,0,
358,Data Analyst (Nouvelle offre),OCP Group,Construction,Casablanca,9000,0,
359,Data Analyst (Nouvelle offre),CGI Maroc,Energy,Fès,8000,0,
360,Supply Chain Coordinator (Nouvelle offre),ONCF,Energy,Rabat,10100,0,
361,Data Analyst (Nouvelle offre),Glovo Maroc,Healthcare,Rabat,7100,0,
362,Financial Analyst (Nouvelle offre),Capgemini Maroc,Retail,Fès,7600,0,
363,Network Technician (Nouvelle offre),Maroc Telecom,Finance,Fès,10000,0,
364,Data Analyst (Nouvelle offre),Renault Maroc,Construction,Rabat,12400,0,
365,Marketing Specialist (Nouvelle offre),Renault Maroc,Construction,Fès,9800,0,
366,Marketing Specialist (Nouvelle offre),Accor Maroc,Healthcare,Rabat,7900,0,
367,Supply Chain Coordinator (Nouvelle offre),Société Générale Maroc,Industry,Marrakech,11100,0,
368,Sales Executive (Nouvelle offre),Lesieur Cristal,Transport,Rabat,13100,0,
369,Financial Analyst (Nouvelle offre),Cosumar,IT,Casablanca,9000,0,
370,Sales Executive (Nouvelle offre),CGI Maroc,Energy,Fès,8900,0,
371,HR Manager (Nouvelle offre),Renault Maroc,Construction,Tanger,27800,0,
372,Accountant (Nouvelle offre),Addoha,Telecom,Tanger,8100,0,
373,Sales Executive (Nouvelle offre),Lesieur Cristal,Transport,Rabat,7400,0,
374,Marketing Specialist (Nouvelle offre),Attijariwafa Bank,Retail,Tanger,9100,0,
375,Supply Chain Coordinator (Nouvelle offre),ONCF,Energy,Agadir,10000,0,
376,Supply Chain Coordinator (Nouvelle offre),ONCF,Energy,Casablanca,13500,0,
377,Network Technician (Nouvelle offre),CGI Maroc,Energy,Agadir,7800,0,
378,Network Technician (Nouvelle offre),Decathlon Maroc,Retail,Rabat,11100,0,
379,Sales Executive (Nouvelle offre),OCP Group,Construction,Fès,11100,0,
380,Network Technician (Nouvelle offre),Label'Vie,Construction,Fès,8800,0,
381,Data Analyst (Nouvelle offre),Capgemini Maroc,Retail,Fès,9600,0,
382,Network Technician (Nouvelle offre),Managem,Healthcare,Fès,8500,0,
383,Software Engineer (Nouvelle offre),Addoha,Telecom,Agadir,14200,0,
384,Software Engineer (Nouvelle offre),Addoha,Telecom,Marrakech,17200,0,
385,Network Technician (Nouvelle offre),Somaca,Energy,Agadir,11000,0,
386,Sales Executive (Nouvelle offre),Addoha,Telecom,Marrakech,9600,0,
387,Supply Chain Coordinator (Nouvelle offre),Lesieur Cristal,Transport,Rabat,13300,0,
388,Software Engineer (Nouvelle offre),Addoha,Telecom,Rabat,18900,0,
389,Sales Executive (Nouvelle offre),Cosumar,IT,Casablanca,9800,0,
390,HR Manager (Nouvelle offre),Jumia Maroc,Retail,Agadir,24000,0,
391,Software Engineer (Nouvelle offre),Attijariwafa Bank,Retail,Tanger,16200,0,
392,Customer Support Agent (Nouvelle offre),Société Générale Maroc,Industry,Tanger,7600,0,
393,Accountant (Nouvelle offre),Société Générale Maroc,Industry,Tanger,8600,0,
394,Data Analyst (Nouvelle offre),Maroc Telecom,Finance,Rabat,12300,0,
395,Network Technician (Nouvelle offre),Jumia Maroc,Retail,Fès,12600,0,
396,Accountant (Nouvelle offre),Managem,Healthcare,Casablanca,12100,0,
397,Sales Executive (Nouvelle offre),Accor Maroc,Healthcare,Casablanca,9400,0,
398,Sales Executive (Nouvelle offre),BMCE Bank of Africa,IT,Agadir,12500,0,
399,Software Engineer (Nouvelle offre),Royal Air Maroc,Transport,Fès,15500,0,
400,Financial Analyst (Nouvelle offre),Cosumar,IT,Casablanca,11300,0,
401,Sales Executive (Nouvelle offre),Somaca,Energy,Casablanca,9000,0,
402,Marketing Specialist (Nouvelle offre),Lesieur Cristal,Transport,Marrakech,9400,0,
403,HR Manager (Nouvelle offre),Glovo Maroc,Healthcare,Agadir,18700,0,
404,Network Technician (Nouvelle offre),Somaca,Energy,Marrakech,7900,0,
405,Marketing Specialist (Nouvelle offre),Decathlon Maroc,Retail,Fès,9900,0,
406,Software Engineer (Nouvelle offre),CGI Maroc,Energy,Agadir,19700,0,
407,Network Technician (Nouvelle offre),Managem,Healthcare,Tanger,10500,0,
408,Marketing Specialist (Nouvelle offre),Accor Maroc,Healthcare,Casablanca,9300,0,
409,Software Engineer (Nouvelle offre),Renault Maroc,Construction,Rabat,14500,0,
410,Accountant (Nouvelle offre),Maroc Telecom,Finance,Tanger,8300,0,
411,HR Manager (Nouvelle offre),Capgemini Maroc,Retail,Casablanca,21300,0,
412,Sales Executive (Nouvelle offre),Managem,Healthcare,Agadir,7300,0,
413,Supply Chain Coordinator (Nouvelle offre),Cosumar,IT,Rabat,7700,0,
414,Supply Chain Coordinator (Nouvelle offre),Renault Maroc,Construction,Fès,10500,0,
415,Supply Chain Coordinator (Nouvelle offre),Renault Maroc,Construction,Casablanca,10000,0,
416,Supply Chain Coordinator (Nouvelle offre),Decathlon Maroc,Retail,Casablanca,13100,0,
417,Financial Analyst (Nouvelle offre),Managem,Healthcare,Tanger,7100,0,
418,Software Engineer (Nouvelle offre),ONCF,Energy,Marrakech,15300,0,
419,Data Analyst (Nouvelle offre),Cosumar,IT,Tanger,11300,0,
420,HR Manager (Nouvelle offre),BMCE Bank of Africa,IT,Casablanca,24100,0,
421,HR Manager (Nouvelle offre),Somaca,Energy,Marrakech,18600,0,
422,Sales Executive (Nouvelle offre),Decathlon Maroc,Retail,Agadir,7400,0,
423,Accountant (Nouvelle offre),Jumia Maroc,Retail,Fès,10700,0,
424,HR Manager (Nouvelle offre),Capgemini Maroc,Retail,Rabat,25300,0,
425,Data Analyst (Nouvelle offre),Royal Air Maroc,Transport,Fès,9700,0,
426,Network Technician (Nouvelle offre),Somaca,Energy,Casablanca,11600,0,
427,Financial Analyst (Nouvelle offre),CGI Maroc,Energy,Marrakech,9800,0,
428,Accountant (Nouvelle offre),OCP Group,Construction,Casablanca,13000,0,
429,Accountant (Nouvelle offre),OCP Group,Construction,Rabat,10500,0,
430,HR Manager (Nouvelle offre),Glovo Maroc,Healthcare,Rabat,24200,0,
431,Data Analyst (Nouvelle offre),Managem,Healthcare,Rabat,12800,0,
432,HR Manager (Nouvelle offre),Attijariwafa Bank,Retail,Tanger,19900,0,
433,Marketing Specialist (Nouvelle offre),Somaca,Energy,Marrakech,7500,0,
434,Sales Executive (Nouvelle offre),OCP Group,Construction,Tanger,9500,0,
435,Network Technician (Nouvelle offre),Maroc Telecom,Finance,Fès,7000,0,
436,Sales Executive (Nouvelle offre),Attijariwafa Bank,Retail,Tanger,8600,0,
437,Customer Support Agent (Nouvelle offre),Renault Maroc,Construction,Marrakech,6200,0,
438,Network Technician (Nouvelle offre),Maroc Telecom,Finance,Tanger,7900,0,
439,Software Engineer (Nouvelle offre),Renault Maroc,Construction,Rabat,20000,0,
440,HR Manager (Nouvelle offre),Somaca,Energy,Agadir,26400,0,
441,HR Manager (Nouvelle offre),Renault Maroc,Construction,Tanger,25800,0,
442,Supply Chain Coordinator (Nouvelle offre),Managem,Healthcare,Agadir,11700,0,
443,Software Engineer (Nouvelle offre),Renault Maroc,Construction,Rabat,15800,0,
444,Financial Analyst (Nouvelle offre),Capgemini Maroc,Retail,Tanger,11100,0,
445,Supply Chain Coordinator (Nouvelle offre),CGI Maroc,Energy,Casablanca,9400,0,
446,HR Manager (Nouvelle offre),Managem,Healthcare,Marrakech,25200,0,
447,Supply Chain Coordinator (Nouvelle offre),Glovo Maroc,Healthcare,Tanger,11600,0,
448,Software Engineer (Nouvelle offre),BMCE Bank of Africa,IT,Marrakech,13900,0,
449,Software Engineer (Nouvelle offre),OCP Group,Construction,Fès,15000,0,
450,Sales Executive (Nouvelle offre),Société Générale Maroc,Industry,Fès,12900,0,
451,Software Engineer (Nouvelle offre),Glovo Maroc,Healthcare,Fès,17200,0,
452,Data Analyst (Nouvelle offre),Somaca,Energy,Fès,8700,0,
453,Network Technician (Nouvelle offre),Société Générale Maroc,Industry,Rabat,8100,0,
454,Financial Analyst (Nouvelle offre),Decathlon Maroc,Retail,Marrakech,12200,0,
455,Accountant (Nouvelle offre),Glovo Maroc,Healthcare,Marrakech,8800,0,
456,HR Manager (Nouvelle offre),Renault Maroc,Construction,Tanger,26600,0,
457,Data Analyst (Nouvelle offre),Attijariwafa Bank,Retail,Fès,9900,0,
458,Data Analyst (Nouvelle offre),OCP Group,Construction,Casablanca,9000,0,
459,Data Analyst (Nouvelle offre),CGI Maroc,Energy,Fès,9200,0,
460,Supply Chain Coordinator (Nouvelle offre),ONCF,Energy,Rabat,10100,0,
461,Data Analyst (Nouvelle offre),Glovo Maroc,Healthcare,Rabat,9600,0,
462,Financial Analyst (Nouvelle offre),Capgemini Maroc,Retail,Fès,9700,0,
463,Network Technician (Nouvelle offre),Maroc Telecom,Finance,Fès,9900,0,
464,Data Analyst (Nouvelle offre),Renault Maroc,Construction,Rabat,12400,0,
465,Marketing Specialist (Nouvelle offre),Renault Maroc,Construction,Fès,9900,0,
466,Marketing Specialist (Nouvelle offre),Accor Maroc,Healthcare,Rabat,9900,0,
467,Supply Chain Coordinator (Nouvelle offre),Société Générale Maroc,Industry,Marrakech,11100,0,
468,Sales Executive (Nouvelle offre),Lesieur Cristal,Transport,Rabat,13100,0,
469,Financial Analyst (Nouvelle offre),Cosumar,IT,Casablanca,8700,0,
470,Sales Executive (Nouvelle offre),CGI Maroc,Energy,Fès,9800,0,
471,HR Manager (Nouvelle offre),Renault Maroc,Construction,Tanger,21300,0,
472,Accountant (Nouvelle offre),Addoha,Telecom,Tanger,8300,0,
473,Sales Executive (Nouvelle offre),Lesieur Cristal,Transport,Rabat,8000,0,
474,Marketing Specialist (Nouvelle offre),Attijariwafa Bank,Retail,Tanger,8500,0,
475,Supply Chain Coordinator (Nouvelle offre),ONCF,Energy,Agadir,8300,0,
476,Supply Chain Coordinator (Nouvelle offre),ONCF,Energy,Casablanca,13500,0,
477,Network Technician (Nouvelle offre),CGI Maroc,Energy,Agadir,8100,0,
478,Network Technician (Nouvelle offre),Decathlon Maroc,Retail,Rabat,11100,0,
479,Sales Executive (Nouvelle offre),OCP Group,Construction,Fès,11100,0,
480,Network Technician (Nouvelle offre),Label'Vie,Construction,Fès,8500,0,
481,Data Analyst (Nouvelle offre),Capgemini Maroc,Retail,Fès,8700,0,
482,Network Technician (Nouvelle offre),Managem,Healthcare,Fès,9400,0,
483,Software Engineer (Nouvelle offre),Addoha,Telecom,Agadir,19200,0,
484,Software Engineer (Nouvelle offre),Addoha,Telecom,Marrakech,19700,0,
485,Network Technician (Nouvelle offre),Somaca,Energy,Agadir,11000,0,
486,Sales Executive (Nouvelle offre),Addoha,Telecom,Marrakech,9600,0,
487,Supply Chain Coordinator (Nouvelle offre),Lesieur Cristal,Transport,Rabat,13300,0,
488,Software Engineer (Nouvelle offre),Addoha,Telecom,Rabat,16000,0,
489,Sales Executive (Nouvelle offre),Cosumar,IT,Casablanca,7300,0,
490,HR Manager (Nouvelle offre),Jumia Maroc,Retail,Agadir,18000,0,
491,Software Engineer (Nouvelle offre),Attijariwafa Bank,Retail,Tanger,13400,0,
492,Customer Support Agent (Nouvelle offre),Société Générale Maroc,Industry,Tanger,8300,0,
493,Accountant (Nouvelle offre),Société Générale Maroc,Industry,Tanger,9500,0,
494,Data Analyst (Nouvelle offre),Maroc Telecom,Finance,Rabat,12300,0,
495,Network Technician (Nouvelle offre),Jumia Maroc,Retail,Fès,12600,0,
496,Accountant (Nouvelle offre),Managem,Healthcare,Casablanca,12100,0,
497,Sales Executive (Nouvelle offre),Accor Maroc,Healthcare,Casablanca,8300,0,
498,Sales Executive (Nouvelle offre),BMCE Bank of Africa,IT,Agadir,12500,0,
499,Software Engineer (Nouvelle offre),Royal Air Maroc,Transport,Fès,12800,0,
500,Financial Analyst (Nouvelle offre),Cosumar,IT,Casablanca,11300,0,
501,Sales Executive (Nouvelle offre),Somaca,Energy,Casablanca,9000,0,
502,Marketing Specialist (Nouvelle offre),Lesieur Cristal,Transport,Marrakech,9400,0,
503,HR Manager (Nouvelle offre),Glovo Maroc,Healthcare,Agadir,23800,0,
504,Network Technician (Nouvelle offre),Somaca,Energy,Marrakech,9600,0,
505,Marketing Specialist (Nouvelle offre),Decathlon Maroc,Retail,Fès,8600,0,
506,Software Engineer (Nouvelle offre),CGI Maroc,Energy,Agadir,19600,0,
507,Network Technician (Nouvelle offre),Managem,Healthcare,Tanger,10500,0,
508,Marketing Specialist (Nouvelle offre),Accor Maroc,Healthcare,Casablanca,9300,0,
509,Software Engineer (Nouvelle offre),Renault Maroc,Construction,Rabat,17300,0,
510,Accountant (Nouvelle offre),Maroc Telecom,Finance,Tanger,8800,0,
511,HR Manager (Nouvelle offre),Capgemini Maroc,Retail,Casablanca,28000,0,
512,Sales Executive (Nouvelle offre),Managem,Healthcare,Agadir,9400,0,
513,Supply Chain Coordinator (Nouvelle offre),Cosumar,IT,Rabat,9800,0,
514,Supply Chain Coordinator (Nouvelle offre),Renault Maroc,Construction,Fès,10500,0,
515,Supply Chain Coordinator (Nouvelle offre),Renault Maroc,Construction,Casablanca,10000,0,
516,Supply Chain Coordinator (Nouvelle offre),Decathlon Maroc,Retail,Casablanca,13100,0,
517,Financial Analyst (Nouvelle offre),Managem,Healthcare,Tanger,9600,0,
518,Software Engineer (Nouvelle offre),ONCF,Energy,Marrakech,14200,0,
519,Data Analyst (Nouvelle offre),Cosumar,IT,Tanger,11300,0,
520,HR Manager (Nouvelle offre),BMCE Bank of Africa,IT,Casablanca,20300,0,
521,HR Manager (Nouvelle offre),Somaca,Energy,Marrakech,27600,0,
522,Sales Executive (Nouvelle offre),Decathlon Maroc,Retail,Agadir,8800,0,
523,Accountant (Nouvelle offre),Jumia Maroc,Retail,Fès,10700,0,
524,HR Manager (Nouvelle offre),Capgemini Maroc,Retail,Rabat,27600,0,
525,Data Analyst (Nouvelle offre),Royal Air Maroc,Transport,Fès,7200,0,
526,Network Technician (Nouvelle offre),Somaca,Energy,Casablanca,11600,0,
527,Financial Analyst (Nouvelle offre),CGI Maroc,Energy,Marrakech,7500,0,
528,Accountant (Nouvelle offre),OCP Group,Construction,Casablanca,13000,0,
529,Accountant (Nouvelle offre),OCP Group,Construction,Rabat,10500,0,
530,HR Manager (Nouvelle offre),Glovo Maroc,Healthcare,Rabat,27600,0,
531,Data Analyst (Nouvelle offre),Managem,Healthcare,Rabat,12800,0,
532,HR Manager (Nouvelle offre),Attijariwafa Bank,Retail,Tanger,26600,0,
533,Marketing Specialist (Nouvelle offre),Somaca,Energy,Marrakech,9800,0,
534,Sales Executive (Nouvelle offre),OCP Group,Construction,Tanger,9500,0,
535,Network Technician (Nouvelle offre),Maroc Telecom,Finance,Fès,7500,0,
536,Sales Executive (Nouvelle offre),Attijariwafa Bank,Retail,Tanger,8100,0,
537,Customer Support Agent (Nouvelle offre),Renault Maroc,Construction,Marrakech,6000,0,
538,Network Technician (Nouvelle offre),Maroc Telecom,Finance,Tanger,8800,0,
539,Software Engineer (Nouvelle offre),Renault Maroc,Construction,Rabat,15800,0,
540,HR Manager (Nouvelle offre),Somaca,Energy,Agadir,27000,0,
541,HR Manager (Nouvelle offre),Renault Maroc,Construction,Tanger,19200,0,
542,Supply Chain Coordinator (Nouvelle offre),Managem,Healthcare,Agadir,11700,0,
543,Software Engineer (Nouvelle offre),Renault Maroc,Construction,Rabat,16600,0,
544,Financial Analyst (Nouvelle offre),Capgemini Maroc,Retail,Tanger,11100,0,
545,Supply Chain Coordinator (Nouvelle offre),CGI Maroc,Energy,Casablanca,9400,0,
546,HR Manager (Nouvelle offre),Managem,Healthcare,Marrakech,19300,0,
547,Supply Chain Coordinator (Nouvelle offre),Glovo Maroc,Healthcare,Tanger,11600,0,
548,Software Engineer (Nouvelle offre),BMCE Bank of Africa,IT,Marrakech,15000,0,
549,Software Engineer (Nouvelle offre),OCP Group,Construction,Fès,19300,0,
550,Sales Executive (Nouvelle offre),Société Générale Maroc,Industry,Fès,12900,0,
551,Software Engineer (Nouvelle offre),Glovo Maroc,Healthcare,Fès,19800,0,
552,Data Analyst (Nouvelle offre),Somaca,Energy,Fès,8700,0,
553,Network Technician (Nouvelle offre),Société Générale Maroc,Industry,Rabat,9400,0,
554,Financial Analyst (Nouvelle offre),Decathlon Maroc,Retail,Marrakech,12200,0,
555,Accountant (Nouvelle offre),Glovo Maroc,Healthcare,Marrakech,7600,0,
556,HR Manager (Nouvelle offre),Renault Maroc,Construction,Tanger,18900,0,
557,Data Analyst (Nouvelle offre),Attijariwafa Bank,Retail,Fès,7300,0,
558,Data Analyst (Nouvelle offre),OCP Group,Construction,Casablanca,9000,0,
559,Data Analyst (Nouvelle offre),CGI Maroc,Energy,Fès,8100,0,
560,Supply Chain Coordinator (Nouvelle offre),ONCF,Energy,Rabat,10100,0,
561,Data Analyst (Nouvelle offre),Glovo Maroc,Healthcare,Rabat,8800,0,
562,Financial Analyst (Nouvelle offre),Capgemini Maroc,Retail,Fès,7500,0,
563,Network Technician (Nouvelle offre),Maroc Telecom,Finance,Fès,9900,0,
564,Data Analyst (Nouvelle offre),Renault Maroc,Construction,Rabat,12400,0,
565,Marketing Specialist (Nouvelle offre),Renault Maroc,Construction,Fès,8100,0,
566,Marketing Specialist (Nouvelle offre),Accor Maroc,Healthcare,Rabat,8000,0,
567,Supply Chain Coordinator (Nouvelle offre),Société Générale Maroc,Industry,Marrakech,11100,0,
568,Sales Executive (Nouvelle offre),Lesieur Cristal,Transport,Rabat,13100,0,
569,Financial Analyst (Nouvelle offre),Cosumar,IT,Casablanca,7400,0,
570,Sales Executive (Nouvelle offre),CGI Maroc,Energy,Fès,8100,0,
571,HR Manager (Nouvelle offre),Renault Maroc,Construction,Tanger,22800,0,
572,Accountant (Nouvelle offre),Addoha,Telecom,Tanger,7900,0,
573,Sales Executive (Nouvelle offre),Lesieur Cristal,Transport,Rabat,9700,0,
574,Marketing Specialist (Nouvelle offre),Attijariwafa Bank,Retail,Tanger,8100,0,
575,Supply Chain Coordinator (Nouvelle offre),ONCF,Energy,Agadir,8800,0,
576,Supply Chain Coordinator (Nouvelle offre),ONCF,Energy,Casablanca,13500,0,
577,Network Technician (Nouvelle offre),CGI Maroc,Energy,Agadir,7900,0,
578,Network Technician (Nouvelle offre),Decathlon Maroc,Retail,Rabat,11100,0,
579,Sales Executive (Nouvelle offre),OCP Group,Construction,Fès,11100,0,
580,Network Technician (Nouvelle offre),Label'Vie,Construction,Fès,7900,0,
581,Data Analyst (Nouvelle offre),Capgemini Maroc,Retail,Fès,9800,0,
582,Network Technician (Nouvelle offre),Managem,Healthcare,Fès,8700,0,
583,Software Engineer (Nouvelle offre),Addoha,Telecom,Agadir,17400,0,
584,Software Engineer (Nouvelle offre),Addoha,Telecom,Marrakech,13900,0,
585,Network Technician (Nouvelle offre),Somaca,Energy,Agadir,11000,0,
586,Sales Executive (Nouvelle offre),Addoha,Telecom,Marrakech,9600,0,
587,Supply Chain Coordinator (Nouvelle offre),Lesieur Cristal,Transport,Rabat,13300,0,
588,Software Engineer (Nouvelle offre),Addoha,Telecom,Rabat,16500,0,
589,Sales Executive (Nouvelle offre),Cosumar,IT,Casablanca,8300,0,
590,HR Manager (Nouvelle offre),Jumia Maroc,Retail,Agadir,25500,0,
591,Software Engineer (Nouvelle offre),Attijariwafa Bank,Retail,Tanger,19900,0,
592,Customer Support Agent (Nouvelle offre),Société Générale Maroc,Industry,Tanger,8500,0,
593,Accountant (Nouvelle offre),Société Générale Maroc,Industry,Tanger,9700,0,
594,Data Analyst (Nouvelle offre),Maroc Telecom,Finance,Rabat,12300,0,
595,Network Technician (Nouvelle offre),Jumia Maroc,Retail,Fès,12600,0,
596,Accountant (Nouvelle offre),Managem,Healthcare,Casablanca,12100,0,
597,Sales Executive (Nouvelle offre),Accor Maroc,Healthcare,Casablanca,7300,0,
598,Sales Executive (Nouvelle offre),BMCE Bank of Africa,IT,Agadir,12500,0,
599,Software Engineer (Nouvelle offre),Royal Air Maroc,Transport,Fès,12200,0,
600,Financial Analyst (Nouvelle offre),Cosumar,IT,Casablanca,11300,0,
601,Sales Executive (Nouvelle offre),Somaca,Energy,Casablanca,9000,0,
602,Marketing Specialist (Nouvelle offre),Lesieur Cristal,Transport,Marrakech,9400,0,
603,HR Manager (Nouvelle offre),Glovo Maroc,Healthcare,Agadir,18900,0,
604,Network Technician (Nouvelle offre),Somaca,Energy,Marrakech,9100,0,
605,Marketing Specialist (Nouvelle offre),Decathlon Maroc,Retail,Fès,8700,0,
606,Software Engineer (Nouvelle offre),CGI Maroc,Energy,Agadir,14900,0,
607,Network Technician (Nouvelle offre),Managem,Healthcare,Tanger,10500,0,
608,Marketing Specialist (Nouvelle offre),Accor Maroc,Healthcare,Casablanca,9300,0,
609,Software Engineer (Nouvelle offre),Renault Maroc,Construction,Rabat,12800,0,
610,Accountant (Nouvelle offre),Maroc Telecom,Finance,Tanger,9200,0,
611,HR Manager (Nouvelle offre),Capgemini Maroc,Retail,Casablanca,19500,0,
612,Sales Executive (Nouvelle offre),Managem,Healthcare,Agadir,9200,0,
613,Supply Chain Coordinator (Nouvelle offre),Cosumar,IT,Rabat,7300,0,
614,Supply Chain Coordinator (Nouvelle offre),Renault Maroc,Construction,Fès,10500,0,
615,Supply Chain Coordinator (Nouvelle offre),Renault Maroc,Construction,Casablanca,10000,0,
616,Supply Chain Coordinator (Nouvelle offre),Decathlon Maroc,Retail,Casablanca,13100,0,
617,Financial Analyst (Nouvelle offre),Managem,Healthcare,Tanger,8100,0,
618,Software Engineer (Nouvelle offre),ONCF,Energy,Marrakech,14100,0,
619,Data Analyst (Nouvelle offre),Cosumar,IT,Tanger,11300,0,
620,HR Manager (Nouvelle offre),BMCE Bank of Africa,IT,Casablanca,19800,0,
621,HR Manager (Nouvelle offre),Somaca,Energy,Marrakech,26700,0,
622,Sales Executive (Nouvelle offre),Decathlon Maroc,Retail,Agadir,7500,0,
623,Accountant (Nouvelle offre),Jumia Maroc,Retail,Fès,10700,0,
624,HR Manager (Nouvelle offre),Capgemini Maroc,Retail,Rabat,25800,0,
625,Data Analyst (Nouvelle offre),Royal Air Maroc,Transport,Fès,9000,0,
626,Network Technician (Nouvelle offre),Somaca,Energy,Casablanca,11600,0,
627,Financial Analyst (Nouvelle offre),CGI Maroc,Energy,Marrakech,9100,0,
628,Accountant (Nouvelle offre),OCP Group,Construction,Casablanca,13000,0,
629,Accountant (Nouvelle offre),OCP Group,Construction,Rabat,10500,0,
630,HR Manager (Nouvelle offre),Glovo Maroc,Healthcare,Rabat,21200,0,
631,Data Analyst (Nouvelle offre),Managem,Healthcare,Rabat,12800,0,
632,HR Manager (Nouvelle offre),Attijariwafa Bank,Retail,Tanger,21900,0,
633,Marketing Specialist (Nouvelle offre),Somaca,Energy,Marrakech,7800,0,
634,Sales Executive (Nouvelle offre),OCP Group,Construction,Tanger,9500,0,
635,Network Technician (Nouvelle offre),Maroc Telecom,Finance,Fès,9300,0,
636,Sales Executive (Nouvelle offre),Attijariwafa Bank,Retail,Tanger,7800,0,
637,Customer Support Agent (Nouvelle offre),Renault Maroc,Construction,Marrakech,6400,0,
638,Network Technician (Nouvelle offre),Maroc Telecom,Finance,Tanger,7600,0,
639,Software Engineer (Nouvelle offre),Renault Maroc,Construction,Rabat,15100,0,
640,HR Manager (Nouvelle offre),Somaca,Energy,Agadir,26900,0,
641,HR Manager (Nouvelle offre),Renault Maroc,Construction,Tanger,26800,0,
642,Supply Chain Coordinator (Nouvelle offre),Managem,Healthcare,Agadir,11700,0,
643,Software Engineer (Nouvelle offre),Renault Maroc,Construction,Rabat,19200,0,
644,Financial Analyst (Nouvelle offre),Capgemini Maroc,Retail,Tanger,11100,0,
645,Supply Chain Coordinator (Nouvelle offre),CGI Maroc,Energy,Casablanca,9400,0,
646,HR Manager (Nouvelle offre),Managem,Healthcare,Marrakech,20100,0,
647,Supply Chain Coordinator (Nouvelle offre),Glovo Maroc,Healthcare,Tanger,11600,0,
648,Software Engineer (Nouvelle offre),BMCE Bank of Africa,IT,Marrakech,19500,0,
649,Software Engineer (Nouvelle offre),OCP Group,Construction,Fès,14500,0,
650,Sales Executive (Nouvelle offre),Société Générale Maroc,Industry,Fès,12900,0,
651,Software Engineer (Nouvelle offre),Glovo Maroc,Healthcare,Fès,12300,0,
652,Data Analyst (Nouvelle offre),Somaca,Energy,Fès,9700,0,
653,Network Technician (Nouvelle offre),Société Générale Maroc,Industry,Rabat,9300,0,
654,Financial Analyst (Nouvelle offre),Decathlon Maroc,Retail,Marrakech,12200,0,
655,Accountant (Nouvelle offre),Glovo Maroc,Healthcare,Marrakech,7400,0,
656,HR Manager (Nouvelle offre),Renault Maroc,Construction,Tanger,20800,0,
657,Data Analyst (Nouvelle offre),Attijariwafa Bank,Retail,Fès,7700,0,
658,Data Analyst (Nouvelle offre),OCP Group,Construction,Casablanca,9000,0,
659,Data Analyst (Nouvelle offre),CGI Maroc,Energy,Fès,8100,0,
660,Supply Chain Coordinator (Nouvelle offre),ONCF,Energy,Rabat,10100,0,
661,Data Analyst (Nouvelle offre),Glovo Maroc,Healthcare,Rabat,8500,0,
662,Financial Analyst (Nouvelle offre),Capgemini Maroc,Retail,Fès,8600,0,
663,Network Technician (Nouvelle offre),Maroc Telecom,Finance,Fès,9400,0,
664,Data Analyst (Nouvelle offre),Renault Maroc,Construction,Rabat,12400,0,
665,Marketing Specialist (Nouvelle offre),Renault Maroc,Construction,Fès,8200,0,
666,Marketing Specialist (Nouvelle offre),Accor Maroc,Healthcare,Rabat,7400,0,
667,Supply Chain Coordinator (Nouvelle offre),Société Générale Maroc,Industry,Marrakech,11100,0,
668,Sales Executive (Nouvelle offre),Lesieur Cristal,Transport,Rabat,13100,0,
669,Financial Analyst (Nouvelle offre),Cosumar,IT,Casablanca,8000,0,
670,Sales Executive (Nouvelle offre),CGI Maroc,Energy,Fès,8200,0,
671,HR Manager (Nouvelle offre),Renault Maroc,Construction,Tanger,26800,0,
672,Accountant (Nouvelle offre),Addoha,Telecom,Tanger,8400,0,
673,Sales Executive (Nouvelle offre),Lesieur Cristal,Transport,Rabat,9000,0,
674,Marketing Specialist (Nouvelle offre),Attijariwafa Bank,Retail,Tanger,9700,0,
675,Supply Chain Coordinator (Nouvelle offre),ONCF,Energy,Agadir,9100,0,
676,Supply Chain Coordinator (Nouvelle offre),ONCF,Energy,Casablanca,13500,0,
677,Network Technician (Nouvelle offre),CGI Maroc,Energy,Agadir,9200,0,
678,Network Technician (Nouvelle offre),Decathlon Maroc,Retail,Rabat,11100,0,
679,Sales Executive (Nouvelle offre),OCP Group,Construction,Fès,11100,0,
680,Network Technician (Nouvelle offre),Label'Vie,Construction,Fès,8800,0,
681,Data Analyst (Nouvelle offre),Capgemini Maroc,Retail,Fès,9500,0,
682,Network Technician (Nouvelle offre),Managem,Healthcare,Fès,9700,0,
683,Software Engineer (Nouvelle offre),Addoha,Telecom,Agadir,13000,0,
684,Software Engineer (Nouvelle offre),Addoha,Telecom,Marrakech,18800,0,
685,Network Technician (Nouvelle offre),Somaca,Energy,Agadir,11000,0,
686,Sales Executive (Nouvelle offre),Addoha,Telecom,Marrakech,9600,0,
687,Supply Chain Coordinator (Nouvelle offre),Lesieur Cristal,Transport,Rabat,13300,0,
688,Software Engineer (Nouvelle offre),Addoha,Telecom,Rabat,17900,0,
689,Sales Executive (Nouvelle offre),Cosumar,IT,Casablanca,8700,0,
690,HR Manager (Nouvelle offre),Jumia Maroc,Retail,Agadir,19600,0,
691,Software Engineer (Nouvelle offre),Attijariwafa Bank,Retail,Tanger,17000,0,
692,Customer Support Agent (Nouvelle offre),Société Générale Maroc,Industry,Tanger,8000,0,
693,Accountant (Nouvelle offre),Société Générale Maroc,Industry,Tanger,7000,0,
694,Data Analyst (Nouvelle offre),Maroc Telecom,Finance,Rabat,12300,0,
695,Network Technician (Nouvelle offre),Jumia Maroc,Retail,Fès,12600,0,
696,Accountant (Nouvelle offre),Managem,Healthcare,Casablanca,12100,0,
697,Sales Executive (Nouvelle offre),Accor Maroc,Healthcare,Casablanca,7500,0,
698,Sales Executive (Nouvelle offre),BMCE Bank of Africa,IT,Agadir,12500,0,
699,Software Engineer (Nouvelle offre),Royal Air Maroc,Transport,Fès,17000,0,
700,Financial Analyst (Nouvelle offre),Cosumar,IT,Casablanca,11300,0,
701,Sales Executive (Nouvelle offre),Somaca,Energy,Casablanca,9000,0,
702,Marketing Specialist (Nouvelle offre),Lesieur Cristal,Transport,Marrakech,9400,0,
703,HR Manager (Nouvelle offre),Glovo Maroc,Healthcare,Agadir,27100,0,
704,Network Technician (Nouvelle offre),Somaca,Energy,Marrakech,7300,0,
705,Marketing Specialist (Nouvelle offre),Decathlon Maroc,Retail,Fès,7600,0,
706,Software Engineer (Nouvelle offre),CGI Maroc,Energy,Agadir,18200,0,
707,Network Technician (Nouvelle offre),Managem,Healthcare,Tanger,10500,0,
708,Marketing Specialist (Nouvelle offre),Accor Maroc,Healthcare,Casablanca,9300,0,
709,Software Engineer (Nouvelle offre),Renault Maroc,Construction,Rabat,17600,0,
710,Accountant (Nouvelle offre),Maroc Telecom,Finance,Tanger,8900,0,
711,HR Manager (Nouvelle offre),Capgemini Maroc,Retail,Casablanca,27700,0,
712,Sales Executive (Nouvelle offre),Managem,Healthcare,Agadir,8100,0,
713,Supply Chain Coordinator (Nouvelle offre),Cosumar,IT,Rabat,7400,0,
714,Supply Chain Coordinator (Nouvelle offre),Renault Maroc,Construction,Fès,10500,0,
715,Supply Chain Coordinator (Nouvelle offre),Renault Maroc,Construction,Casablanca,10000,0,
716,Supply Chain Coordinator (Nouvelle offre),Decathlon Maroc,Retail,Casablanca,13100,0,
717,Financial Analyst (Nouvelle offre),Managem,Healthcare,Tanger,8900,0,
718,Software Engineer (Nouvelle offre),ONCF,Energy,Marrakech,17200,0,
719,Data Analyst (Nouvelle offre),Cosumar,IT,Tanger,11300,0,
720,HR Manager (Nouvelle offre),BMCE Bank of Africa,IT,Casablanca,23700,0,
721,HR Manager (Nouvelle offre),Somaca,Energy,Marrakech,21100,0,
722,Sales Executive (Nouvelle offre),Decathlon Maroc,Retail,Agadir,7900,0,
723,Accountant (Nouvelle offre),Jumia Maroc,Retail,Fès,10700,0,
724,HR Manager (Nouvelle offre),Capgemini Maroc,Retail,Rabat,22700,0,
725,Data Analyst (Nouvelle offre),Royal Air Maroc,Transport,Fès,7500,0,
726,Network Technician (Nouvelle offre),Somaca,Energy,Casablanca,11600,0,
727,Financial Analyst (Nouvelle offre),CGI Maroc,Energy,Marrakech,9900,0,
728,Accountant (Nouvelle offre),OCP Group,Construction,Casablanca,13000,0,
729,Accountant (Nouvelle offre),OCP Group,Construction,Rabat,10500,0,
730,HR Manager (Nouvelle offre),Glovo Maroc,Healthcare,Rabat,21100,0,
731,Data Analyst (Nouvelle offre),Managem,Healthcare,Rabat,12800,0,
732,HR Manager (Nouvelle offre),Attijariwafa Bank,Retail,Tanger,24500,0,
733,Marketing Specialist (Nouvelle offre),Somaca,Energy,Marrakech,8800,0,
734,Sales Executive (Nouvelle offre),OCP Group,Construction,Tanger,8100,0,
735,Network Technician (Nouvelle offre),Maroc Telecom,Finance,Fès,9200,0,
736,Sales Executive (Nouvelle offre),Attijariwafa Bank,Retail,Tanger,9700,0,
737,Customer Support Agent (Nouvelle offre),Renault Maroc,Construction,Marrakech,8500,0,
738,Network Technician (Nouvelle offre),Maroc Telecom,Finance,Tanger,7300,0,
739,Software Engineer (Nouvelle offre),Renault Maroc,Construction,Rabat,16600,0,
740,HR Manager (Nouvelle offre),Somaca,Energy,Agadir,22500,0,
741,HR Manager (Nouvelle offre),Renault Maroc,Construction,Tanger,24600,0,
742,Supply Chain Coordinator (Nouvelle offre),Managem,Healthcare,Agadir,11700,0,
743,Software Engineer (Nouvelle offre),Renault Maroc,Construction,Rabat,16900,0,
744,Financial Analyst (Nouvelle offre),Capgemini Maroc,Retail,Tanger,11100,0,
745,Supply Chain Coordinator (Nouvelle offre),CGI Maroc,Energy,Casablanca,9400,0,
746,HR Manager (Nouvelle offre),Managem,Healthcare,Marrakech,24500,0,
747,Supply Chain Coordinator (Nouvelle offre),Glovo Maroc,Healthcare,Tanger,11600,0,
748,Software Engineer (Nouvelle offre),BMCE Bank of Africa,IT,Marrakech,19000,0,
749,Software Engineer (Nouvelle offre),OCP Group,Construction,Fès,15500,0,
750,Sales Executive (Nouvelle offre),Société Générale Maroc,Industry,Fès,12900,0,
751,Software Engineer (Nouvelle offre),Glovo Maroc,Healthcare,Fès,17200,0,
752,Data Analyst (Nouvelle offre),Somaca,Energy,Fès,8300,0,
753,Network Technician (Nouvelle offre),Société Générale Maroc,Industry,Rabat,7900,0,
754,Financial Analyst (Nouvelle offre),Decathlon Maroc,Retail,Marrakech,12200,0,
755,Accountant (Nouvelle offre),Glovo Maroc,Healthcare,Marrakech,7400,0,
756,HR Manager (Nouvelle offre),Renault Maroc,Construction,Tanger,18200,0,
757,Data Analyst (Nouvelle offre),Attijariwafa Bank,Retail,Fès,9000,0,
758,Data Analyst (Nouvelle offre),OCP Group,Construction,Casablanca,9000,0,
759,Data Analyst (Nouvelle offre),CGI Maroc,Energy,Fès,7900,0,
760,Supply Chain Coordinator (Nouvelle offre),ONCF,Energy,Rabat,10100,0,
761,Data Analyst (Nouvelle offre),Glovo Maroc,Healthcare,Rabat,7500,0,
762,Financial Analyst (Nouvelle offre),Capgemini Maroc,Retail,Fès,7000,0,
763,Network Technician (Nouvelle offre),Maroc Telecom,Finance,Fès,9600,0,
764,Data Analyst (Nouvelle offre),Renault Maroc,Construction,Rabat,12400,0,
765,Marketing Specialist (Nouvelle offre),Renault Maroc,Construction,Fès,9100,0,
766,Marketing Specialist (Nouvelle offre),Accor Maroc,Healthcare,Rabat,9500,0,
767,Supply Chain Coordinator (Nouvelle offre),Société Générale Maroc,Industry,Marrakech,11100,0,
768,Sales Executive (Nouvelle offre),Lesieur Cristal,Transport,Rabat,13100,0,
769,Financial Analyst (Nouvelle offre),Cosumar,IT,Casablanca,8900,0,
770,Sales Executive (Nouvelle offre),CGI Maroc,Energy,Fès,8700,0,
771,HR Manager (Nouvelle offre),Renault Maroc,Construction,Tanger,23400,0,
772,Accountant (Nouvelle offre),Addoha,Telecom,Tanger,8800,0,
773,Sales Executive (Nouvelle offre),Lesieur Cristal,Transport,Rabat,8600,0,
774,Marketing Specialist (Nouvelle offre),Attijariwafa Bank,Retail,Tanger,9600,0,
775,Supply Chain Coordinator (Nouvelle offre),ONCF,Energy,Agadir,8700,0,
776,Supply Chain Coordinator (Nouvelle offre),ONCF,Energy,Casablanca,13500,0,
777,Network Technician (Nouvelle offre),CGI Maroc,Energy,Agadir,7900,0,
778,Network Technician (Nouvelle offre),Decathlon Maroc,Retail,Rabat,11100,0,
779,Sales Executive (Nouvelle offre),OCP Group,Construction,Fès,11100,0,
780,Network Technician (Nouvelle offre),Label'Vie,Construction,Fès,8000,0,
781,Data Analyst (Nouvelle offre),Capgemini Maroc,Retail,Fès,7200,0,
782,Network Technician (Nouvelle offre),Managem,Healthcare,Fès,9400,0,
783,Software Engineer (Nouvelle offre),Addoha,Telecom,Agadir,12300,0,
784,Software Engineer (Nouvelle offre),Addoha,Telecom,Marrakech,15000,0,
785,Network Technician (Nouvelle offre),Somaca,Energy,Agadir,11000,0,
786,Sales Executive (Nouvelle offre),Addoha,Telecom,Marrakech,9600,0,
787,Supply Chain Coordinator (Nouvelle offre),Lesieur Cristal,Transport,Rabat,13300,0,
788,Software Engineer (Nouvelle offre),Addoha,Telecom,Rabat,17400,0,
789,Sales Executive (Nouvelle offre),Cosumar,IT,Casablanca,7700,0,
790,HR Manager (Nouvelle offre),Jumia Maroc,Retail,Agadir,22900,0,
791,Software Engineer (Nouvelle offre),Attijariwafa Bank,Retail,Tanger,19800,0,
792,Customer Support Agent (Nouvelle offre),Société Générale Maroc,Industry,Tanger,7900,0,
793,Accountant (Nouvelle offre),Société Générale Maroc,Industry,Tanger,8400,0,
794,Data Analyst (Nouvelle offre),Maroc Telecom,Finance,Rabat,12300,0,
795,Network Technician (Nouvelle offre),Jumia Maroc,Retail,Fès,12600,0,
796,Accountant (Nouvelle offre),Managem,Healthcare,Casablanca,12100,0,
797,Sales Executive (Nouvelle offre),Accor Maroc,Healthcare,Casablanca,9900,0,
798,Sales Executive (Nouvelle offre),BMCE Bank of Africa,IT,Agadir,12500,0,
799,Software Engineer (Nouvelle offre),Royal Air Maroc,Transport,Fès,16300,0,
800,Financial Analyst (Nouvelle offre),Cosumar,IT,Casablanca,11300,0,
801,Sales Executive (Nouvelle offre),Somaca,Energy,Casablanca,9000,0,
802,Marketing Specialist (Nouvelle offre),Lesieur Cristal,Transport,Marrakech,9400,0,
803,HR Manager (Nouvelle offre),Glovo Maroc,Healthcare,Agadir,21600,0,
804,Network Technician (Nouvelle offre),Somaca,Energy,Marrakech,8200,0,
805,Marketing Specialist (Nouvelle offre),Decathlon Maroc,Retail,Fès,7200,0,
806,Software Engineer (Nouvelle offre),CGI Maroc,Energy,Agadir,12300,0,
807,Network Technician (Nouvelle offre),Managem,Healthcare,Tanger,10500,0,
808,Marketing Specialist (Nouvelle offre),Accor Maroc,Healthcare,Casablanca,9300,0,
809,Software Engineer (Nouvelle offre),Renault Maroc,Construction,Rabat,12500,0,
810,Accountant (Nouvelle offre),Maroc Telecom,Finance,Tanger,9200,0,
811,HR Manager (Nouvelle offre),Capgemini Maroc,Retail,Casablanca,23300,0,
812,Sales Executive (Nouvelle offre),Managem,Healthcare,Agadir,7300,0,
813,Supply Chain Coordinator (Nouvelle offre),Cosumar,IT,Rabat,8400,0,
814,Supply Chain Coordinator (Nouvelle offre),Renault Maroc,Construction,Fès,10500,0,
815,Supply Chain Coordinator (Nouvelle offre),Renault Maroc,Construction,Casablanca,10000,0,
816,Supply Chain Coordinator (Nouvelle offre),Decathlon Maroc,Retail,Casablanca,13100,0,
817,Financial Analyst (Nouvelle offre),Managem,Healthcare,Tanger,8100,0,
818,Software Engineer (Nouvelle offre),ONCF,Energy,Marrakech,12100,0,
819,Data Analyst (Nouvelle offre),Cosumar,IT,Tanger,11300,0,
820,HR Manager (Nouvelle offre),BMCE Bank of Africa,IT,Casablanca,22200,0,
821,HR Manager (Nouvelle offre),Somaca,Energy,Marrakech,22100,0,
822,Sales Executive (Nouvelle offre),Decathlon Maroc,Retail,Agadir,8700,0,
823,Accountant (Nouvelle offre),Jumia Maroc,Retail,Fès,10700,0,
824,HR Manager (Nouvelle offre),Capgemini Maroc,Retail,Rabat,23100,0,
825,Data Analyst (Nouvelle offre),Royal Air Maroc,Transport,Fès,8100,0,
826,Network Technician (Nouvelle offre),Somaca,Energy,Casablanca,11600,0,
827,Financial Analyst (Nouvelle offre),CGI Maroc,Energy,Marrakech,8100,0,
828,Accountant (Nouvelle offre),OCP Group,Construction,Casablanca,13000,0,
829,Accountant (Nouvelle offre),OCP Group,Construction,Rabat,10500,0,
830,HR Manager (Nouvelle offre),Glovo Maroc,Healthcare,Rabat,24300,0,
831,Data Analyst (Nouvelle offre),Managem,Healthcare,Rabat,12800,0,
832,HR Manager (Nouvelle offre),Attijariwafa Bank,Retail,Tanger,21700,0,
833,Marketing Specialist (Nouvelle offre),Somaca,Energy,Marrakech,7000,0,
834,Sales Executive (Nouvelle offre),OCP Group,Construction,Tanger,8500,0,
835,Network Technician (Nouvelle offre),Maroc Telecom,Finance,Fès,8300,0,
836,Sales Executive (Nouvelle offre),Attijariwafa Bank,Retail,Tanger,9500,0,
837,Customer Support Agent (Nouvelle offre),Renault Maroc,Construction,Marrakech,6100,0,
838,Network Technician (Nouvelle offre),Maroc Telecom,Finance,Tanger,10000,0,
839,Software Engineer (Nouvelle offre),Renault Maroc,Construction,Rabat,14500,0,
840,HR Manager (Nouvelle offre),Somaca,Energy,Agadir,25900,0,
841,HR Manager (Nouvelle offre),Renault Maroc,Construction,Tanger,18600,0,
842,Supply Chain Coordinator (Nouvelle offre),Managem,Healthcare,Agadir,11700,0,
843,Software Engineer (Nouvelle offre),Renault Maroc,Construction,Rabat,15000,0,
844,Financial Analyst (Nouvelle offre),Capgemini Maroc,Retail,Tanger,11100,0,
845,Supply Chain Coordinator (Nouvelle offre),CGI Maroc,Energy,Casablanca,9400,0,
846,HR Manager (Nouvelle offre),Managem,Healthcare,Marrakech,21200,0,
847,Supply Chain Coordinator (Nouvelle offre),Glovo Maroc,Healthcare,Tanger,11600,0,
848,Software Engineer (Nouvelle offre),BMCE Bank of Africa,IT,Marrakech,19200,0,
849,Software Engineer (Nouvelle offre),OCP Group,Construction,Fès,18900,0,
850,Sales Executive (Nouvelle offre),Société Générale Maroc,Industry,Fès,12900,0,
851,Software Engineer (Nouvelle offre),Glovo Maroc,Healthcare,Fès,17200,0,
852,Data Analyst (Nouvelle offre),Somaca,Energy,Fès,7500,0,
853,Network Technician (Nouvelle offre),Société Générale Maroc,Industry,Rabat,8600,0,
854,Financial Analyst (Nouvelle offre),Decathlon Maroc,Retail,Marrakech,12200,0,
855,Accountant (Nouvelle offre),Glovo Maroc,Healthcare,Marrakech,7500,0,
856,HR Manager (Nouvelle offre),Renault Maroc,Construction,Tanger,23900,0,
857,Data Analyst (Nouvelle offre),Attijariwafa Bank,Retail,Fès,9800,0,
858,Data Analyst (Nouvelle offre),OCP Group,Construction,Casablanca,9000,0,
859,Data Analyst (Nouvelle offre),CGI Maroc,Energy,Fès,8400,0,
860,Supply Chain Coordinator (Nouvelle offre),ONCF,Energy,Rabat,10100,0,
861,Data Analyst (Nouvelle offre),Glovo Maroc,Healthcare,Rabat,8900,0,
862,Financial Analyst (Nouvelle offre),Capgemini Maroc,Retail,Fès,7800,0,
863,Network Technician (Nouvelle offre),Maroc Telecom,Finance,Fès,7100,0,
864,Data Analyst (Nouvelle offre),Renault Maroc,Construction,Rabat,12400,0,
865,Marketing Specialist (Nouvelle offre),Renault Maroc,Construction,Fès,8800,0,
866,Marketing Specialist (Nouvelle offre),Accor Maroc,Healthcare,Rabat,7700,0,
867,Supply Chain Coordinator (Nouvelle offre),Société Générale Maroc,Industry,Marrakech,11100,0,
868,Sales Executive (Nouvelle offre),Lesieur Cristal,Transport,Rabat,13100,0,
869,Financial Analyst (Nouvelle offre),Cosumar,IT,Casablanca,7100,0,
870,Sales Executive (Nouvelle offre),CGI Maroc,Energy,Fès,8400,0,
871,HR Manager (Nouvelle offre),Renault Maroc,Construction,Tanger,24900,0,
872,Accountant (Nouvelle offre),Addoha,Telecom,Tanger,7900,0,
873,Sales Executive (Nouvelle offre),Lesieur Cristal,Transport,Rabat,9200,0,
874,Marketing Specialist (Nouvelle offre),Attijariwafa Bank,Retail,Tanger,7400,0,
875,Supply Chain Coordinator (Nouvelle offre),ONCF,Energy,Agadir,7300,0,
876,Supply Chain Coordinator (Nouvelle offre),ONCF,Energy,Casablanca,13500,0,
877,Network Technician (Nouvelle offre),CGI Maroc,Energy,Agadir,9300,0,
878,Network Technician (Nouvelle offre),Decathlon Maroc,Retail,Rabat,11100,0,
879,Sales Executive (Nouvelle offre),OCP Group,Construction,Fès,11100,0,
880,Network Technician (Nouvelle offre),Label'Vie,Construction,Fès,7600,0,
881,Data Analyst (Nouvelle offre),Capgemini Maroc,Retail,Fès,8600,0,
882,Network Technician (Nouvelle offre),Managem,Healthcare,Fès,8200,0,
883,Software Engineer (Nouvelle offre),Addoha,Telecom,Agadir,19800,0,
884,Software Engineer (Nouvelle offre),Addoha,Telecom,Marrakech,14100,0,
885,Network Technician (Nouvelle offre),Somaca,Energy,Agadir,11000,0,
886,Sales Executive (Nouvelle offre),Addoha,Telecom,Marrakech,9600,0,
887,Supply Chain Coordinator (Nouvelle offre),Lesieur Cristal,Transport,Rabat,13300,0,
888,Software Engineer (Nouvelle offre),Addoha,Telecom,Rabat,15600,0,
889,Sales Executive (Nouvelle offre),Cosumar,IT,Casablanca,8900,0,
890,HR Manager (Nouvelle offre),Jumia Maroc,Retail,Agadir,21600,0,
891,Software Engineer (Nouvelle offre),Attijariwafa Bank,Retail,Tanger,14400,0,
892,Customer Support Agent (Nouvelle offre),Société Générale Maroc,Industry,Tanger,8000,0,
893,Accountant (Nouvelle offre),Société Générale Maroc,Industry,Tanger,7400,0,
894,Data Analyst (Nouvelle offre),Maroc Telecom,Finance,Rabat,12300,0,
895,Network Technician (Nouvelle offre),Jumia Maroc,Retail,Fès,12600,0,
896,Accountant (Nouvelle offre),Managem,Healthcare,Casablanca,12100,0,
897,Sales Executive (Nouvelle offre),Accor Maroc,Healthcare,Casablanca,7800,0,
898,Sales Executive (Nouvelle offre),BMCE Bank of Africa,IT,Agadir,12500,0,
899,Software Engineer (Nouvelle offre),Royal Air Maroc,Transport,Fès,13200,0,
900,Financial Analyst (Nouvelle offre),Cosumar,IT,Casablanca,11300,0,
901,Sales Executive (Nouvelle offre),Somaca,Energy,Casablanca,9000,0,
902,Marketing Specialist (Nouvelle offre),Lesieur Cristal,Transport,Marrakech,9400,0,
903,HR Manager (Nouvelle offre),Glovo Maroc,Healthcare,Agadir,22900,0,
904,Network Technician (Nouvelle offre),Somaca,Energy,Marrakech,7500,0,
905,Marketing Specialist (Nouvelle offre),Decathlon Maroc,Retail,Fès,9100,0,
906,Software Engineer (Nouvelle offre),CGI Maroc,Energy,Agadir,15700,0,
907,Network Technician (Nouvelle offre),Managem,Healthcare,Tanger,10500,0,
908,Marketing Specialist (Nouvelle offre),Accor Maroc,Healthcare,Casablanca,9300,0,
909,Software Engineer (Nouvelle offre),Renault Maroc,Construction,Rabat,15600,0,
910,Accountant (Nouvelle offre),Maroc Telecom,Finance,Tanger,8600,0,
911,HR Manager (Nouvelle offre),Capgemini Maroc,Retail,Casablanca,25200,0,
912,Sales Executive (Nouvelle offre),Managem,Healthcare,Agadir,7100,0,
913,Supply Chain Coordinator (Nouvelle offre),Cosumar,IT,Rabat,9200,0,
914,Supply Chain Coordinator (Nouvelle offre),Renault Maroc,Construction,Fès,10500,0,
915,Supply Chain Coordinator (Nouvelle offre),Renault Maroc,Construction,Casablanca,10000,0,
916,Supply Chain Coordinator (Nouvelle offre),Decathlon Maroc,Retail,Casablanca,13100,0,
917,Financial Analyst (Nouvelle offre),Managem,Healthcare,Tanger,8700,0,
918,Software Engineer (Nouvelle offre),ONCF,Energy,Marrakech,12800,0,
919,Data Analyst (Nouvelle offre),Cosumar,IT,Tanger,11300,0,
920,HR Manager (Nouvelle offre),BMCE Bank of Africa,IT,Casablanca,21900,0,
921,HR Manager (Nouvelle offre),Somaca,Energy,Marrakech,20600,0,
922,Sales Executive (Nouvelle offre),Decathlon Maroc,Retail,Agadir,8200,0,
923,Accountant (Nouvelle offre),Jumia Maroc,Retail,Fès,10700,0,
924,HR Manager (Nouvelle offre),Capgemini Maroc,Retail,Rabat,27300,0,
925,Data Analyst (Nouvelle offre),Royal Air Maroc,Transport,Fès,9900,0,
926,Network Technician (Nouvelle offre),Somaca,Energy,Casablanca,11600,0,
927,Financial Analyst (Nouvelle offre),CGI Maroc,Energy,Marrakech,9200,0,
928,Accountant (Nouvelle offre),OCP Group,Construction,Casablanca,13000,0,
929,Accountant (Nouvelle offre),OCP Group,Construction,Rabat,10500,0,
930,HR Manager (Nouvelle offre),Glovo Maroc,Healthcare,Rabat,26600,0,
931,Data Analyst (Nouvelle offre),Managem,Healthcare,Rabat,12800,0,
932,HR Manager (Nouvelle offre),Attijariwafa Bank,Retail,Tanger,24400,0,
933,Marketing Specialist (Nouvelle offre),Somaca,Energy,Marrakech,8000,0,
934,Sales Executive (Nouvelle offre),OCP Group,Construction,Tanger,9200,0,
935,Network Technician (Nouvelle offre),Maroc Telecom,Finance,Fès,7600,0,
936,Sales Executive (Nouvelle offre),Attijariwafa Bank,Retail,Tanger,9100,0,
937,Customer Support Agent (Nouvelle offre),Renault Maroc,Construction,Marrakech,8000,0,
938,Network Technician (Nouvelle offre),Maroc Telecom,Finance,Tanger,8800,0,
939,Software Engineer (Nouvelle offre),Renault Maroc,Construction,Rabat,16400,0,
940,HR Manager (Nouvelle offre),Somaca,Energy,Agadir,20300,0,
941,HR Manager (Nouvelle offre),Renault Maroc,Construction,Tanger,27200,0,
942,Supply Chain Coordinator (Nouvelle offre),Managem,Healthcare,Agadir,11700,0,
943,Software Engineer (Nouvelle offre),Renault Maroc,Construction,Rabat,13100,0,
944,Financial Analyst (Nouvelle offre),Capgemini Maroc,Retail,Tanger,11100,0,
945,Supply Chain Coordinator (Nouvelle offre),CGI Maroc,Energy,Casablanca,9400,0,
946,HR Manager (Nouvelle offre),Managem,Healthcare,Marrakech,20100,0,
947,Supply Chain Coordinator (Nouvelle offre),Glovo Maroc,Healthcare,Tanger,11600,0,
948,Software Engineer (Nouvelle offre),BMCE Bank of Africa,IT,Marrakech,16800,0,
949,Software Engineer (Nouvelle offre),OCP Group,Construction,Fès,16700,0,
950,Sales Executive (Nouvelle offre),Société Générale Maroc,Industry,Fès,12900,0,
951,Software Engineer (Nouvelle offre),Glovo Maroc,Healthcare,Fès,13500,0,
952,Data Analyst (Nouvelle offre),Somaca,Energy,Fès,9000,0,
953,Network Technician (Nouvelle offre),Société Générale Maroc,Industry,Rabat,10000,0,
954,Financial Analyst (Nouvelle offre),Decathlon Maroc,Retail,Marrakech,12200,0,
955,Accountant (Nouvelle offre),Glovo Maroc,Healthcare,Marrakech,8000,0,
956,HR Manager (Nouvelle offre),Renault Maroc,Construction,Tanger,19400,0,
957,Data Analyst (Nouvelle offre),Attijariwafa Bank,Retail,Fès,7600,0,
958,Data Analyst (Nouvelle offre),OCP Group,Construction,Casablanca,9000,0,
959,Data Analyst (Nouvelle offre),CGI Maroc,Energy,Fès,8500,0,
960,Supply Chain Coordinator (Nouvelle offre),ONCF,Energy,Rabat,10100,0,
961,Data Analyst (Nouvelle offre),Glovo Maroc,Healthcare,Rabat,7900,0,
962,Financial Analyst (Nouvelle offre),Capgemini Maroc,Retail,Fès,9700,0,
963,Network Technician (Nouvelle offre),Maroc Telecom,Finance,Fès,9000,0,
964,Data Analyst (Nouvelle offre),Renault Maroc,Construction,Rabat,12400,0,
965,Marketing Specialist (Nouvelle offre),Renault Maroc,Construction,Fès,7400,0,
966,Marketing Specialist (Nouvelle offre),Accor Maroc,Healthcare,Rabat,8000,0,
967,Supply Chain Coordinator (Nouvelle offre),Société Générale Maroc,Industry,Marrakech,11100,0,
968,Sales Executive (Nouvelle offre),Lesieur Cristal,Transport,Rabat,13100,0,
969,Financial Analyst (Nouvelle offre),Cosumar,IT,Casablanca,7600,0,
970,Sales Executive (Nouvelle offre),CGI Maroc,Energy,Fès,7500,0,
971,HR Manager (Nouvelle offre),Renault Maroc,Construction,Tanger,21500,0,
972,Accountant (Nouvelle offre),Addoha,Telecom,Tanger,8200,0,
973,Sales Executive (Nouvelle offre),Lesieur Cristal,Transport,Rabat,7100,0,
974,Marketing Specialist (Nouvelle offre),Attijariwafa Bank,Retail,Tanger,8000,0,
975,Supply Chain Coordinator (Nouvelle offre),ONCF,Energy,Agadir,9900,0,
976,Supply Chain Coordinator (Nouvelle offre),ONCF,Energy,Casablanca,13500,0,
977,Network Technician (Nouvelle offre),CGI Maroc,Energy,Agadir,7000,0,
978,Network Technician (Nouvelle offre),Decathlon Maroc,Retail,Rabat,11100,0,
979,Sales Executive (Nouvelle offre),OCP Group,Construction,Fès,11100,0,
980,Network Technician (Nouvelle offre),Label'Vie,Construction,Fès,8100,0,
981,Data Analyst (Nouvelle offre),Capgemini Maroc,Retail,Fès,8800,0,
982,Network Technician (Nouvelle offre),Managem,Healthcare,Fès,8700,0,
983,Software Engineer (Nouvelle offre),Addoha,Telecom,Agadir,18600,0,
984,Software Engineer (Nouvelle offre),Addoha,Telecom,Marrakech,18700,0,
985,Network Technician (Nouvelle offre),Somaca,Energy,Agadir,11000,0,
986,Sales Executive (Nouvelle offre),Addoha,Telecom,Marrakech,9600,0,
987,Supply Chain Coordinator (Nouvelle offre),Lesieur Cristal,Transport,Rabat,13300,0,
988,Software Engineer (Nouvelle offre),Addoha,Telecom,Rabat,14500,0,
989,Sales Executive (Nouvelle offre),Cosumar,IT,Casablanca,8400,0,
990,HR Manager (Nouvelle offre),Jumia Maroc,Retail,Agadir,26600,0,
991,Software Engineer (Nouvelle offre),Attijariwafa Bank,Retail,Tanger,12300,0,
992,Customer Support Agent (Nouvelle offre),Société Générale Maroc,Industry,Tanger,8300,0,
993,Accountant (Nouvelle offre),Société Générale Maroc,Industry,Tanger,7200,0,
994,Data Analyst (Nouvelle offre),Maroc Telecom,Finance,Rabat,12300,0,
995,Network Technician (Nouvelle offre),Jumia Maroc,Retail,Fès,12600,0,
996,Accountant (Nouvelle offre),Managem,Healthcare,Casablanca,12100,0,
997,Sales Executive (Nouvelle offre),Accor Maroc,Healthcare,Casablanca,8200,0,
998,Sales Executive (Nouvelle offre),BMCE Bank of Africa,IT,Agadir,12500,0,
999,Software Engineer (Nouvelle offre),Royal Air Maroc,Transport,Fès,19500,0,
1000,Financial Analyst (Nouvelle offre),Cosumar,IT,Casablanca,11300,0,
1001,Sales Executive (Nouvelle offre),Somaca,Energy,Casablanca,9000,0,
1002,Marketing Specialist (Nouvelle offre),Lesieur Cristal,Transport,Marrakech,9400,0,
1003,HR Manager (Nouvelle offre),Glovo Maroc,Healthcare,Agadir,27300,0,
1004,Network Technician (Nouvelle offre),Somaca,Energy,Marrakech,8500,0,
1005,Marketing Specialist (Nouvelle offre),Decathlon Maroc,Retail,Fès,8100,0,
1006,Software Engineer (Nouvelle offre),CGI Maroc,Energy,Agadir,15000,0,
1007,Network Technician (Nouvelle offre),Managem,Healthcare,Tanger,10500,0,
1008,Marketing Specialist (Nouvelle offre),Accor Maroc,Healthcare,Casablanca,9300,0,
1009,Software Engineer (Nouvelle offre),Renault Maroc,Construction,Rabat,16700,0,
1010,Accountant (Nouvelle offre),Maroc Telecom,Finance,Tanger,9100,0,
1011,HR Manager (Nouvelle offre),Capgemini Maroc,Retail,Casablanca,22000,0,
1012,Sales Executive (Nouvelle offre),Managem,Healthcare,Agadir,8700,0,
1013,Supply Chain Coordinator (Nouvelle offre),Cosumar,IT,Rabat,9000,0,
1014,Supply Chain Coordinator (Nouvelle offre),Renault Maroc,Construction,Fès,10500,0,
1015,Supply Chain Coordinator (Nouvelle offre),Renault Maroc,Construction,Casablanca,10000,0,
1016,Supply Chain Coordinator (Nouvelle offre),Decathlon Maroc,Retail,Casablanca,13100,0,
1017,Financial Analyst (Nouvelle offre),Managem,Healthcare,Tanger,8000,0,
1018,Software Engineer (Nouvelle offre),ONCF,Energy,Marrakech,12800,0,
1019,Data Analyst (Nouvelle offre),Cosumar,IT,Tanger,11300,0,
1020,HR Manager (Nouvelle offre),BMCE Bank of Africa,IT,Casablanca,23900,0,
1021,HR Manager (Nouvelle offre),Somaca,Energy,Marrakech,24200,0,
1022,Sales Executive (Nouvelle offre),Decathlon Maroc,Retail,Agadir,7200,0,
1023,Accountant (Nouvelle offre),Jumia Maroc,Retail,Fès,10700,0,
87,Supply Chain Coordinator,Lesieur Cristal,Transport,Rabat,13300,0,
90,HR Manager,Jumia Maroc,Retail,Agadir,19700,0,
30,HR Manager,Glovo Maroc,Healthcare,Rabat,22900,0,
32,HR Manager,Attijariwafa Bank,Retail,Tanger,23800,0,
1262,Financial Analyst (Nouvelle offre),Capgemini Maroc,Retail,Fès,7400,0,
1263,Network Technician (Nouvelle offre),Maroc Telecom,Finance,Fès,9800,0,
1264,Data Analyst (Nouvelle offre),Renault Maroc,Construction,Rabat,12400,0,
1265,Marketing Specialist (Nouvelle offre),Renault Maroc,Construction,Fès,9100,0,
1266,Marketing Specialist (Nouvelle offre),Accor Maroc,Healthcare,Rabat,7300,0,
1267,Supply Chain Coordinator (Nouvelle offre),Société Générale Maroc,Industry,Marrakech,11100,0,
1268,Sales Executive (Nouvelle offre),Lesieur Cristal,Transport,Rabat,13100,0,
1269,Financial Analyst (Nouvelle offre),Cosumar,IT,Casablanca,8900,0,
1270,Sales Executive (Nouvelle offre),CGI Maroc,Energy,Fès,8500,0,
1271,HR Manager (Nouvelle offre),Renault Maroc,Construction,Tanger,24200,0,
1272,Accountant (Nouvelle offre),Addoha,Telecom,Tanger,8800,0,
1273,Sales Executive (Nouvelle offre),Lesieur Cristal,Transport,Rabat,8800,0,
1274,Marketing Specialist (Nouvelle offre),Attijariwafa Bank,Retail,Tanger,8300,0,
1275,Supply Chain Coordinator (Nouvelle offre),ONCF,Energy,Agadir,9600,0,
1276,Supply Chain Coordinator (Nouvelle offre),ONCF,Energy,Casablanca,13500,0,
1277,Network Technician (Nouvelle offre),CGI Maroc,Energy,Agadir,8300,0,
1278,Network Technician (Nouvelle offre),Decathlon Maroc,Retail,Rabat,11100,0,
1279,Sales Executive (Nouvelle offre),OCP Group,Construction,Fès,11100,0,
1280,Network Technician (Nouvelle offre),Label'Vie,Construction,Fès,7700,0,
1281,Data Analyst (Nouvelle offre),Capgemini Maroc,Retail,Fès,7100,0,
1282,Network Technician (Nouvelle offre),Managem,Healthcare,Fès,9400,0,
1283,Software Engineer (Nouvelle offre),Addoha,Telecom,Agadir,15200,0,
1284,Software Engineer (Nouvelle offre),Addoha,Telecom,Marrakech,18600,0,
1285,Network Technician (Nouvelle offre),Somaca,Energy,Agadir,11000,0,
1286,Sales Executive (Nouvelle offre),Addoha,Telecom,Marrakech,9600,0,
1287,Supply Chain Coordinator (Nouvelle offre),Lesieur Cristal,Transport,Rabat,13300,0,
1288,Software Engineer (Nouvelle offre),Addoha,Telecom,Rabat,16600,0,
1289,Sales Executive (Nouvelle offre),Cosumar,IT,Casablanca,7900,0,
1290,HR Manager (Nouvelle offre),Jumia Maroc,Retail,Agadir,22800,0,
1291,Software Engineer (Nouvelle offre),Attijariwafa Bank,Retail,Tanger,15800,0,
1292,Customer Support Agent (Nouvelle offre),Société Générale Maroc,Industry,Tanger,8800,0,
1293,Accountant (Nouvelle offre),Société Générale Maroc,Industry,Tanger,9800,0,
1294,Data Analyst (Nouvelle offre),Maroc Telecom,Finance,Rabat,12300,0,
1295,Network Technician (Nouvelle offre),Jumia Maroc,Retail,Fès,12600,0,
1296,Accountant (Nouvelle offre),Managem,Healthcare,Casablanca,12100,0,
1297,Sales Executive (Nouvelle offre),Accor Maroc,Healthcare,Casablanca,8300,0,
1298,Sales Executive (Nouvelle offre),BMCE Bank of Africa,IT,Agadir,12500,0,
1299,Software Engineer (Nouvelle offre),Royal Air Maroc,Transport,Fès,12500,0,
1300,Financial Analyst (Nouvelle offre),Cosumar,IT,Casablanca,11300,0,
1301,Sales Executive (Nouvelle offre),Somaca,Energy,Casablanca,9000,0,
1302,Marketing Specialist (Nouvelle offre),Lesieur Cristal,Transport,Marrakech,9400,0,
1303,HR Manager (Nouvelle offre),Glovo Maroc,Healthcare,Agadir,23800,0,
1304,Network Technician (Nouvelle offre),Somaca,Energy,Marrakech,8900,0,
1305,Marketing Specialist (Nouvelle offre),Decathlon Maroc,Retail,Fès,8000,0,
1306,Software Engineer (Nouvelle offre),CGI Maroc,Energy,Agadir,14300,0,
1307,Network Technician (Nouvelle offre),Managem,Healthcare,Tanger,10500,0,
1308,Marketing Specialist (Nouvelle offre),Accor Maroc,Healthcare,Casablanca,9300,0,
1309,Software Engineer (Nouvelle offre),Renault Maroc,Construction,Rabat,19400,0,
1310,Accountant (Nouvelle offre),Maroc Telecom,Finance,Tanger,8900,0,
1311,HR Manager (Nouvelle offre),Capgemini Maroc,Retail,Casablanca,19100,0,
1312,Sales Executive (Nouvelle offre),Managem,Healthcare,Agadir,9000,0,
1313,Supply Chain Coordinator (Nouvelle offre),Cosumar,IT,Rabat,7600,0,
1314,Supply Chain Coordinator (Nouvelle offre),Renault Maroc,Construction,Fès,10500,0,
1315,Supply Chain Coordinator (Nouvelle offre),Renault Maroc,Construction,Casablanca,10000,0,
1316,Supply Chain Coordinator (Nouvelle offre),Decathlon Maroc,Retail,Casablanca,13100,0,
1317,Financial Analyst (Nouvelle offre),Managem,Healthcare,Tanger,9900,0,
1318,Software Engineer (Nouvelle offre),ONCF,Energy,Marrakech,17900,0,
1319,Data Analyst (Nouvelle offre),Cosumar,IT,Tanger,11300,0,
1320,HR Manager (Nouvelle offre),BMCE Bank of Africa,IT,Casablanca,24500,0,
1321,HR Manager (Nouvelle offre),Somaca,Energy,Marrakech,27400,0,
1322,Sales Executive (Nouvelle offre),Decathlon Maroc,Retail,Agadir,9600,0,
1323,Accountant (Nouvelle offre),Jumia Maroc,Retail,Fès,10700,0,
1324,HR Manager (Nouvelle offre),Capgemini Maroc,Retail,Rabat,23000,0,
1325,Data Analyst (Nouvelle offre),Royal Air Maroc,Transport,Fès,9400,0,
1326,Network Technician (Nouvelle offre),Somaca,Energy,Casablanca,11600,0,
1327,Financial Analyst (Nouvelle offre),CGI Maroc,Energy,Marrakech,9200,0,
1328,Accountant (Nouvelle offre),OCP Group,Construction,Casablanca,13000,0,
1329,Accountant (Nouvelle offre),OCP Group,Construction,Rabat,10500,0,
1330,HR Manager (Nouvelle offre),Glovo Maroc,Healthcare,Rabat,25100,0,
1331,Data Analyst (Nouvelle offre),Managem,Healthcare,Rabat,12800,0,
1332,HR Manager (Nouvelle offre),Attijariwafa Bank,Retail,Tanger,25100,0,
1333,Marketing Specialist (Nouvelle offre),Somaca,Energy,Marrakech,9600,0,
1334,Sales Executive (Nouvelle offre),OCP Group,Construction,Tanger,8600,0,
1335,Network Technician (Nouvelle offre),Maroc Telecom,Finance,Fès,8100,0,
1336,Sales Executive (Nouvelle offre),Attijariwafa Bank,Retail,Tanger,9000,0,
1337,Customer Support Agent (Nouvelle offre),Renault Maroc,Construction,Marrakech,8100,0,
1338,Network Technician (Nouvelle offre),Maroc Telecom,Finance,Tanger,9100,0,
1339,Software Engineer (Nouvelle offre),Renault Maroc,Construction,Rabat,17400,0,
1340,HR Manager (Nouvelle offre),Somaca,Energy,Agadir,20900,0,
1341,HR Manager (Nouvelle offre),Renault Maroc,Construction,Tanger,25800,0,
1342,Supply Chain Coordinator (Nouvelle offre),Managem,Healthcare,Agadir,11700,0,
1343,Software Engineer (Nouvelle offre),Renault Maroc,Construction,Rabat,19200,0,
1344,Financial Analyst (Nouvelle offre),Capgemini Maroc,Retail,Tanger,11100,0,
1345,Supply Chain Coordinator (Nouvelle offre),CGI Maroc,Energy,Casablanca,9400,0,
1346,HR Manager (Nouvelle offre),Managem,Healthcare,Marrakech,23400,0,
1347,Supply Chain Coordinator (Nouvelle offre),Glovo Maroc,Healthcare,Tanger,11600,0,
1348,Software Engineer (Nouvelle offre),BMCE Bank of Africa,IT,Marrakech,13000,0,
1349,Software Engineer (Nouvelle offre),OCP Group,Construction,Fès,15700,0,
1350,Sales Executive (Nouvelle offre),Société Générale Maroc,Industry,Fès,12900,0,
1351,Software Engineer (Nouvelle offre),Glovo Maroc,Healthcare,Fès,19900,0,
1352,Data Analyst (Nouvelle offre),Somaca,Energy,Fès,8800,0,
1353,Network Technician (Nouvelle offre),Société Générale Maroc,Industry,Rabat,9800,0,
1354,Financial Analyst (Nouvelle offre),Decathlon Maroc,Retail,Marrakech,12200,0,
1355,Accountant (Nouvelle offre),Glovo Maroc,Healthcare,Marrakech,9400,0,
1356,HR Manager (Nouvelle offre),Renault Maroc,Construction,Tanger,21200,0,
1357,Data Analyst (Nouvelle offre),Attijariwafa Bank,Retail,Fès,8100,0,
1358,Data Analyst (Nouvelle offre),OCP Group,Construction,Casablanca,9000,0,
1359,Data Analyst (Nouvelle offre),CGI Maroc,Energy,Fès,9900,0,
1360,Supply Chain Coordinator (Nouvelle offre),ONCF,Energy,Rabat,10100,0,
1361,Data Analyst (Nouvelle offre),Glovo Maroc,Healthcare,Rabat,9300,0,
1362,Financial Analyst (Nouvelle offre),Capgemini Maroc,Retail,Fès,8100,0,
1363,Network Technician (Nouvelle offre),Maroc Telecom,Finance,Fès,7300,0,
1364,Data Analyst (Nouvelle offre),Renault Maroc,Construction,Rabat,12400,0,
1365,Marketing Specialist (Nouvelle offre),Renault Maroc,Construction,Fès,9500,0,
1366,Marketing Specialist (Nouvelle offre),Accor Maroc,Healthcare,Rabat,8800,0,
1367,Supply Chain Coordinator (Nouvelle offre),Société Générale Maroc,Industry,Marrakech,11100,0,
1368,Sales Executive (Nouvelle offre),Lesieur Cristal,Transport,Rabat,13100,0,
1369,Financial Analyst (Nouvelle offre),Cosumar,IT,Casablanca,9100,0,
1370,Sales Executive (Nouvelle offre),CGI Maroc,Energy,Fès,9400,0,
1371,HR Manager (Nouvelle offre),Renault Maroc,Construction,Tanger,22000,0,
1372,Accountant (Nouvelle offre),Addoha,Telecom,Tanger,7100,0,
1373,Sales Executive (Nouvelle offre),Lesieur Cristal,Transport,Rabat,9100,0,
1374,Marketing Specialist (Nouvelle offre),Attijariwafa Bank,Retail,Tanger,9700,0,
1375,Supply Chain Coordinator (Nouvelle offre),ONCF,Energy,Agadir,7100,0,
1376,Supply Chain Coordinator (Nouvelle offre),ONCF,Energy,Casablanca,13500,0,
1377,Network Technician (Nouvelle offre),CGI Maroc,Energy,Agadir,7800,0,
1378,Network Technician (Nouvelle offre),Decathlon Maroc,Retail,Rabat,11100,0,
1379,Sales Executive (Nouvelle offre),OCP Group,Construction,Fès,11100,0,
1380,Network Technician (Nouvelle offre),Label'Vie,Construction,Fès,7200,0,
1381,Data Analyst (Nouvelle offre),Capgemini Maroc,Retail,Fès,7400,0,
1382,Network Technician (Nouvelle offre),Managem,Healthcare,Fès,9900,0,
1383,Software Engineer (Nouvelle offre),Addoha,Telecom,Agadir,15300,0,
1384,Software Engineer (Nouvelle offre),Addoha,Telecom,Marrakech,16100,0,
1385,Network Technician (Nouvelle offre),Somaca,Energy,Agadir,11000,0,
1386,Sales Executive (Nouvelle offre),Addoha,Telecom,Marrakech,9600,0,
1387,Supply Chain Coordinator (Nouvelle offre),Lesieur Cristal,Transport,Rabat,13300,0,
1388,Software Engineer (Nouvelle offre),Addoha,Telecom,Rabat,15500,0,
1389,Sales Executive (Nouvelle offre),Cosumar,IT,Casablanca,8600,0,
1390,HR Manager (Nouvelle offre),Jumia Maroc,Retail,Agadir,19300,0,
1391,Software Engineer (Nouvelle offre),Attijariwafa Bank,Retail,Tanger,13700,0,
1392,Customer Support Agent (Nouvelle offre),Société Générale Maroc,Industry,Tanger,8200,0,
1393,Accountant (Nouvelle offre),Société Générale Maroc,Industry,Tanger,8900,0,
1394,Data Analyst (Nouvelle offre),Maroc Telecom,Finance,Rabat,12300,0,
1395,Network Technician (Nouvelle offre),Jumia Maroc,Retail,Fès,12600,0,
1396,Accountant (Nouvelle offre),Managem,Healthcare,Casablanca,12100,0,
1397,Sales Executive (Nouvelle offre),Accor Maroc,Healthcare,Casablanca,8000,0,
1398,Sales Executive (Nouvelle offre),BMCE Bank of Africa,IT,Agadir,12500,0,
1399,Software Engineer (Nouvelle offre),Royal Air Maroc,Transport,Fès,16300,0,
1400,Financial Analyst (Nouvelle offre),Cosumar,IT,Casablanca,11300,0,
1401,Sales Executive (Nouvelle offre),Somaca,Energy,Casablanca,9000,0,
1402,Marketing Specialist (Nouvelle offre),Lesieur Cristal,Transport,Marrakech,9400,0,
1403,HR Manager (Nouvelle offre),Glovo Maroc,Healthcare,Agadir,23200,0,
1404,Network Technician (Nouvelle offre),Somaca,Energy,Marrakech,8800,0,
1405,Marketing Specialist (Nouvelle offre),Decathlon Maroc,Retail,Fès,9100,0,
1406,Software Engineer (Nouvelle offre),CGI Maroc,Energy,Agadir,13000,0,
1407,Network Technician (Nouvelle offre),Managem,Healthcare,Tanger,10500,0,
1408,Marketing Specialist (Nouvelle offre),Accor Maroc,Healthcare,Casablanca,9300,0,
1409,Software Engineer (Nouvelle offre),Renault Maroc,Construction,Rabat,15200,0,
1410,Accountant (Nouvelle offre),Maroc Telecom,Finance,Tanger,8200,0,
1411,HR Manager (Nouvelle offre),Capgemini Maroc,Retail,Casablanca,19900,0,
1412,Sales Executive (Nouvelle offre),Managem,Healthcare,Agadir,8600,0,
1413,Supply Chain Coordinator (Nouvelle offre),Cosumar,IT,Rabat,8000,0,
1414,Supply Chain Coordinator (Nouvelle offre),Renault Maroc,Construction,Fès,10500,0,
1415,Supply Chain Coordinator (Nouvelle offre),Renault Maroc,Construction,Casablanca,10000,0,
1416,Supply Chain Coordinator (Nouvelle offre),Decathlon Maroc,Retail,Casablanca,13100,0,
1417,Financial Analyst (Nouvelle offre),Managem,Healthcare,Tanger,9700,0,
1418,Software Engineer (Nouvelle offre),ONCF,Energy,Marrakech,15800,0,
1419,Data Analyst (Nouvelle offre),Cosumar,IT,Tanger,11300,0,
1420,HR Manager (Nouvelle offre),BMCE Bank of Africa,IT,Casablanca,20500,0,
1421,HR Manager (Nouvelle offre),Somaca,Energy,Marrakech,19200,0,
1422,Sales Executive (Nouvelle offre),Decathlon Maroc,Retail,Agadir,9200,0,
1423,Accountant (Nouvelle offre),Jumia Maroc,Retail,Fès,10700,0,
1424,HR Manager (Nouvelle offre),Capgemini Maroc,Retail,Rabat,23800,0,
1425,Data Analyst (Nouvelle offre),Royal Air Maroc,Transport,Fès,8400,0,
1426,Network Technician (Nouvelle offre),Somaca,Energy,Casablanca,11600,0,
1427,Financial Analyst (Nouvelle offre),CGI Maroc,Energy,Marrakech,7000,0,
1428,Accountant (Nouvelle offre),OCP Group,Construction,Casablanca,13000,0,
1429,Accountant (Nouvelle offre),OCP Group,Construction,Rabat,10500,0,
1430,HR Manager (Nouvelle offre),Glovo Maroc,Healthcare,Rabat,21000,0,
1431,Data Analyst (Nouvelle offre),Managem,Healthcare,Rabat,12800,0,
1432,HR Manager (Nouvelle offre),Attijariwafa Bank,Retail,Tanger,24100,0,
1433,Marketing Specialist (Nouvelle offre),Somaca,Energy,Marrakech,8500,0,
1434,Sales Executive (Nouvelle offre),OCP Group,Construction,Tanger,8500,0,
1435,Network Technician (Nouvelle offre),Maroc Telecom,Finance,Fès,8100,0,
1436,Sales Executive (Nouvelle offre),Attijariwafa Bank,Retail,Tanger,9400,0,
1437,Customer Support Agent (Nouvelle offre),Renault Maroc,Construction,Marrakech,6900,0,
1438,Network Technician (Nouvelle offre),Maroc Telecom,Finance,Tanger,9900,0,
1439,Software Engineer (Nouvelle offre),Renault Maroc,Construction,Rabat,17500,0,
1440,HR Manager (Nouvelle offre),Somaca,Energy,Agadir,20600,0,
1441,HR Manager (Nouvelle offre),Renault Maroc,Construction,Tanger,27300,0,
1442,Supply Chain Coordinator (Nouvelle offre),Managem,Healthcare,Agadir,11700,0,
1443,Software Engineer (Nouvelle offre),Renault Maroc,Construction,Rabat,16500,0,
1444,Financial Analyst (Nouvelle offre),Capgemini Maroc,Retail,Tanger,11100,0,
1445,Supply Chain Coordinator (Nouvelle offre),CGI Maroc,Energy,Casablanca,9400,0,
1446,HR Manager (Nouvelle offre),Managem,Healthcare,Marrakech,26000,0,
1447,Supply Chain Coordinator (Nouvelle offre),Glovo Maroc,Healthcare,Tanger,11600,0,
1448,Software Engineer (Nouvelle offre),BMCE Bank of Africa,IT,Marrakech,16400,0,
1449,Software Engineer (Nouvelle offre),OCP Group,Construction,Fès,14600,0,
1450,Sales Executive (Nouvelle offre),Société Générale Maroc,Industry,Fès,12900,0,
1451,Software Engineer (Nouvelle offre),Glovo Maroc,Healthcare,Fès,19300,0,
1452,Data Analyst (Nouvelle offre),Somaca,Energy,Fès,8100,0,
1453,Network Technician (Nouvelle offre),Société Générale Maroc,Industry,Rabat,8100,0,
1454,Financial Analyst (Nouvelle offre),Decathlon Maroc,Retail,Marrakech,12200,0,
1455,Accountant (Nouvelle offre),Glovo Maroc,Healthcare,Marrakech,8400,0,
1456,HR Manager (Nouvelle offre),Renault Maroc,Construction,Tanger,23800,0,
1457,Data Analyst (Nouvelle offre),Attijariwafa Bank,Retail,Fès,8300,0,
1458,Data Analyst (Nouvelle offre),OCP Group,Construction,Casablanca,9000,0,
1459,Data Analyst (Nouvelle offre),CGI Maroc,Energy,Fès,9400,0,
1460,Supply Chain Coordinator (Nouvelle offre),ONCF,Energy,Rabat,10100,0,
1461,Data Analyst (Nouvelle offre),Glovo Maroc,Healthcare,Rabat,7800,0,
1462,Financial Analyst (Nouvelle offre),Capgemini Maroc,Retail,Fès,8700,0,
1463,Network Technician (Nouvelle offre),Maroc Telecom,Finance,Fès,7100,0,
1464,Data Analyst (Nouvelle offre),Renault Maroc,Construction,Rabat,12400,0,
1465,Marketing Specialist (Nouvelle offre),Renault Maroc,Construction,Fès,7900,0,
1466,Marketing Specialist (Nouvelle offre),Accor Maroc,Healthcare,Rabat,9600,0,
1467,Supply Chain Coordinator (Nouvelle offre),Société Générale Maroc,Industry,Marrakech,11100,0,
1468,Sales Executive (Nouvelle offre),Lesieur Cristal,Transport,Rabat,13100,0,
1469,Financial Analyst (Nouvelle offre),Cosumar,IT,Casablanca,7200,0,
1470,Sales Executive (Nouvelle offre),CGI Maroc,Energy,Fès,8300,0,
1471,HR Manager (Nouvelle offre),Renault Maroc,Construction,Tanger,27200,0,
1472,Accountant (Nouvelle offre),Addoha,Telecom,Tanger,9800,0,
1473,Sales Executive (Nouvelle offre),Lesieur Cristal,Transport,Rabat,9700,0,
1474,Marketing Specialist (Nouvelle offre),Attijariwafa Bank,Retail,Tanger,8000,0,
1475,Supply Chain Coordinator (Nouvelle offre),ONCF,Energy,Agadir,7500,0,
1476,Supply Chain Coordinator (Nouvelle offre),ONCF,Energy,Casablanca,13500,0,
1477,Network Technician (Nouvelle offre),CGI Maroc,Energy,Agadir,7400,0,
1478,Network Technician (Nouvelle offre),Decathlon Maroc,Retail,Rabat,11100,0,
1479,Sales Executive (Nouvelle offre),OCP Group,Construction,Fès,11100,0,
1480,Network Technician (Nouvelle offre),Label'Vie,Construction,Fès,8800,0,
1481,Data Analyst (Nouvelle offre),Capgemini Maroc,Retail,Fès,8000,0,
1482,Network Technician (Nouvelle offre),Managem,Healthcare,Fès,9000,0,
1483,Software Engineer (Nouvelle offre),Addoha,Telecom,Agadir,17600,0,
1484,Software Engineer (Nouvelle offre),Addoha,Telecom,Marrakech,12000,0,
1485,Network Technician (Nouvelle offre),Somaca,Energy,Agadir,11000,0,
1486,Sales Executive (Nouvelle offre),Addoha,Telecom,Marrakech,9600,0,
1487,Supply Chain Coordinator (Nouvelle offre),Lesieur Cristal,Transport,Rabat,13300,0,
1488,Software Engineer (Nouvelle offre),Addoha,Telecom,Rabat,17400,0,
1489,Sales Executive (Nouvelle offre),Cosumar,IT,Casablanca,9900,0,
1490,HR Manager (Nouvelle offre),Jumia Maroc,Retail,Agadir,19300,0,
1491,Software Engineer (Nouvelle offre),Attijariwafa Bank,Retail,Tanger,12000,0,
1492,Customer Support Agent (Nouvelle offre),Société Générale Maroc,Industry,Tanger,8500,0,
1493,Accountant (Nouvelle offre),Société Générale Maroc,Industry,Tanger,9300,0,
1494,Data Analyst (Nouvelle offre),Maroc Telecom,Finance,Rabat,12300,0,
1495,Network Technician (Nouvelle offre),Jumia Maroc,Retail,Fès,12600,0,
1496,Accountant (Nouvelle offre),Managem,Healthcare,Casablanca,12100,0,
1497,Sales Executive (Nouvelle offre),Accor Maroc,Healthcare,Casablanca,7500,0,
1498,Sales Executive (Nouvelle offre),BMCE Bank of Africa,IT,Agadir,12500,0,
1499,Software Engineer (Nouvelle offre),Royal Air Maroc,Transport,Fès,19000,0,
1500,Financial Analyst (Nouvelle offre),Cosumar,IT,Casablanca,11300,0,
40,HR Manager,Somaca,Energy,Agadir,19700,0,
41,HR Manager,Renault Maroc,Construction,Tanger,27100,0,
42,Supply Chain Coordinator,Managem,Healthcare,Agadir,11700,0,
44,Financial Analyst,Capgemini Maroc,Retail,Tanger,11100,0,
45,Supply Chain Coordinator,CGI Maroc,Energy,Casablanca,9400,0,
46,HR Manager,Managem,Healthcare,Marrakech,27600,0,
47,Supply Chain Coordinator,Glovo Maroc,Healthcare,Tanger,11600,0,
54,Financial Analyst,Decathlon Maroc,Retail,Marrakech,12200,0,
56,HR Manager,Renault Maroc,Construction,Tanger,26000,0,
79dc0764-f9cd-4a65-b88c-3ceaf978e21b,UX Designer,N/A,N/A,Paris,53169,0,2026-01-10T22:38:54.891000000+00:00
3,HR Manager,Glovo Maroc,Healthcare,Agadir,18600,0,
69,Financial Analyst,Cosumar,IT,Casablanca,9800,0,
71,HR Manager,Renault Maroc,Construction,Tanger,22500,0,
75,Supply Chain Coordinator,ONCF,Energy,Agadir,9600,0,
76,Supply Chain Coordinator,ONCF,Energy,Casablanca,13500,0,
11,HR Manager,Capgemini Maroc,Retail,Casablanca,27700,0,
13,Supply Chain Coordinator,Cosumar,IT,Rabat,7700,0,
14,Supply Chain Coordinator,Renault Maroc,Construction,Fès,10500,0,
15,Supply Chain Coordinator,Renault Maroc,Construction,Casablanca,10000,0,
16,Supply Chain Coordinator,Decathlon Maroc,Retail,Casablanca,13100,0,
17,Financial Analyst,Managem,Healthcare,Tanger,7000,0,
20,HR Manager,BMCE Bank of Africa,IT,Casablanca,18100,0,
21,HR Manager,Somaca,Energy,Marrakech,21900,0,
24,HR Manager,Capgemini Maroc,Retail,Rabat,26100,0,
27,Financial Analyst,CGI Maroc,Energy,Marrakech,7500,0,
1024,HR Manager (Nouvelle offre),Capgemini Maroc,Retail,Rabat,19000,0,
1025,Data Analyst (Nouvelle offre),Royal Air Maroc,Transport,Fès,7700,0,
1026,Network Technician (Nouvelle offre),Somaca,Energy,Casablanca,11600,0,
1027,Financial Analyst (Nouvelle offre),CGI Maroc,Energy,Marrakech,8700,0,
1028,Accountant (Nouvelle offre),OCP Group,Construction,Casablanca,13000,0,
1029,Accountant (Nouvelle offre),OCP Group,Construction,Rabat,10500,0,
1030,HR Manager (Nouvelle offre),Glovo Maroc,Healthcare,Rabat,21000,0,
1031,Data Analyst (Nouvelle offre),Managem,Healthcare,Rabat,12800,0,
1032,HR Manager (Nouvelle offre),Attijariwafa Bank,Retail,Tanger,23600,0,
1033,Marketing Specialist (Nouvelle offre),Somaca,Energy,Marrakech,7400,0,
1034,Sales Executive (Nouvelle offre),OCP Group,Construction,Tanger,9500,0,
1035,Network Technician (Nouvelle offre),Maroc Telecom,Finance,Fès,8300,0,
1036,Sales Executive (Nouvelle offre),Attijariwafa Bank,Retail,Tanger,7800,0,
1037,Customer Support Agent (Nouvelle offre),Renault Maroc,Construction,Marrakech,8500,0,
1038,Network Technician (Nouvelle offre),Maroc Telecom,Finance,Tanger,7100,0,
1039,Software Engineer (Nouvelle offre),Renault Maroc,Construction,Rabat,13800,0,
1040,HR Manager (Nouvelle offre),Somaca,Energy,Agadir,23800,0,
1041,HR Manager (Nouvelle offre),Renault Maroc,Construction,Tanger,20000,0,
1042,Supply Chain Coordinator (Nouvelle offre),Managem,Healthcare,Agadir,11700,0,
1043,Software Engineer (Nouvelle offre),Renault Maroc,Construction,Rabat,19500,0,
1044,Financial Analyst (Nouvelle offre),Capgemini Maroc,Retail,Tanger,11100,0,
1045,Supply Chain Coordinator (Nouvelle offre),CGI Maroc,Energy,Casablanca,9400,0,
1046,HR Manager (Nouvelle offre),Managem,Healthcare,Marrakech,27200,0,
1047,Supply Chain Coordinator (Nouvelle offre),Glovo Maroc,Healthcare,Tanger,11600,0,
1048,Software Engineer (Nouvelle offre),BMCE Bank of Africa,IT,Marrakech,13100,0,
1049,Software Engineer (Nouvelle offre),OCP Group,Construction,Fès,14900,0,
1050,Sales Executive (Nouvelle offre),Société Générale Maroc,Industry,Fès,12900,0,
1051,Software Engineer (Nouvelle offre),Glovo Maroc,Healthcare,Fès,19500,0,
1052,Data Analyst (Nouvelle offre),Somaca,Energy,Fès,7100,0,
1053,Network Technician (Nouvelle offre),Société Générale Maroc,Industry,Rabat,8500,0,
1054,Financial Analyst (Nouvelle offre),Decathlon Maroc,Retail,Marrakech,12200,0,
1055,Accountant (Nouvelle offre),Glovo Maroc,Healthcare,Marrakech,7200,0,
1056,HR Manager (Nouvelle offre),Renault Maroc,Construction,Tanger,20800,0,
1057,Data Analyst (Nouvelle offre),Attijariwafa Bank,Retail,Fès,9200,0,
1058,Data Analyst (Nouvelle offre),OCP Group,Construction,Casablanca,9000,0,
1059,Data Analyst (Nouvelle offre),CGI Maroc,Energy,Fès,8500,0,
1060,Supply Chain Coordinator (Nouvelle offre),ONCF,Energy,Rabat,10100,0,
1061,Data Analyst (Nouvelle offre),Glovo Maroc,Healthcare,Rabat,8700,0,
1062,Financial Analyst (Nouvelle offre),Capgemini Maroc,Retail,Fès,8300,0,
1063,Network Technician (Nouvelle offre),Maroc Telecom,Finance,Fès,7800,0,
1064,Data Analyst (Nouvelle offre),Renault Maroc,Construction,Rabat,12400,0,
1065,Marketing Specialist (Nouvelle offre),Renault Maroc,Construction,Fès,8000,0,
1066,Marketing Specialist (Nouvelle offre),Accor Maroc,Healthcare,Rabat,9100,0,
1067,Supply Chain Coordinator (Nouvelle offre),Société Générale Maroc,Industry,Marrakech,11100,0,
1068,Sales Executive (Nouvelle offre),Lesieur Cristal,Transport,Rabat,13100,0,
1069,Financial Analyst (Nouvelle offre),Cosumar,IT,Casablanca,8700,0,
1070,Sales Executive (Nouvelle offre),CGI Maroc,Energy,Fès,7300,0,
1071,HR Manager (Nouvelle offre),Renault Maroc,Construction,Tanger,20900,0,
1072,Accountant (Nouvelle offre),Addoha,Telecom,Tanger,8400,0,
1073,Sales Executive (Nouvelle offre),Lesieur Cristal,Transport,Rabat,7400,0,
1074,Marketing Specialist (Nouvelle offre),Attijariwafa Bank,Retail,Tanger,7900,0,
1075,Supply Chain Coordinator (Nouvelle offre),ONCF,Energy,Agadir,7300,0,
1076,Supply Chain Coordinator (Nouvelle offre),ONCF,Energy,Casablanca,13500,0,
1077,Network Technician (Nouvelle offre),CGI Maroc,Energy,Agadir,9800,0,
1078,Network Technician (Nouvelle offre),Decathlon Maroc,Retail,Rabat,11100,0,
1079,Sales Executive (Nouvelle offre),OCP Group,Construction,Fès,11100,0,
1080,Network Technician (Nouvelle offre),Label'Vie,Construction,Fès,9300,0,
1081,Data Analyst (Nouvelle offre),Capgemini Maroc,Retail,Fès,8000,0,
1082,Network Technician (Nouvelle offre),Managem,Healthcare,Fès,8900,0,
1083,Software Engineer (Nouvelle offre),Addoha,Telecom,Agadir,14900,0,
1084,Software Engineer (Nouvelle offre),Addoha,Telecom,Marrakech,15100,0,
1085,Network Technician (Nouvelle offre),Somaca,Energy,Agadir,11000,0,
1086,Sales Executive (Nouvelle offre),Addoha,Telecom,Marrakech,9600,0,
1087,Supply Chain Coordinator (Nouvelle offre),Lesieur Cristal,Transport,Rabat,13300,0,
1088,Software Engineer (Nouvelle offre),Addoha,Telecom,Rabat,18200,0,
1089,Sales Executive (Nouvelle offre),Cosumar,IT,Casablanca,9300,0,
1090,HR Manager (Nouvelle offre),Jumia Maroc,Retail,Agadir,24800,0,
1091,Software Engineer (Nouvelle offre),Attijariwafa Bank,Retail,Tanger,13000,0,
1092,Customer Support Agent (Nouvelle offre),Société Générale Maroc,Industry,Tanger,6700,0,
1093,Accountant (Nouvelle offre),Société Générale Maroc,Industry,Tanger,8700,0,
1094,Data Analyst (Nouvelle offre),Maroc Telecom,Finance,Rabat,12300,0,
1095,Network Technician (Nouvelle offre),Jumia Maroc,Retail,Fès,12600,0,
1096,Accountant (Nouvelle offre),Managem,Healthcare,Casablanca,12100,0,
1097,Sales Executive (Nouvelle offre),Accor Maroc,Healthcare,Casablanca,8700,0,
1098,Sales Executive (Nouvelle offre),BMCE Bank of Africa,IT,Agadir,12500,0,
1099,Software Engineer (Nouvelle offre),Royal Air Maroc,Transport,Fès,14100,0,
1100,Financial Analyst (Nouvelle offre),Cosumar,IT,Casablanca,11300,0,
1101,Sales Executive (Nouvelle offre),Somaca,Energy,Casablanca,9000,0,
1102,Marketing Specialist (Nouvelle offre),Lesieur Cristal,Transport,Marrakech,9400,0,
1103,HR Manager (Nouvelle offre),Glovo Maroc,Healthcare,Agadir,21500,0,
1104,Network Technician (Nouvelle offre),Somaca,Energy,Marrakech,9500,0,
1105,Marketing Specialist (Nouvelle offre),Decathlon Maroc,Retail,Fès,8100,0,
1106,Software Engineer (Nouvelle offre),CGI Maroc,Energy,Agadir,13800,0,
1107,Network Technician (Nouvelle offre),Managem,Healthcare,Tanger,10500,0,
1108,Marketing Specialist (Nouvelle offre),Accor Maroc,Healthcare,Casablanca,9300,0,
1109,Software Engineer (Nouvelle offre),Renault Maroc,Construction,Rabat,17300,0,
1110,Accountant (Nouvelle offre),Maroc Telecom,Finance,Tanger,7900,0,
1111,HR Manager (Nouvelle offre),Capgemini Maroc,Retail,Casablanca,23000,0,
1112,Sales Executive (Nouvelle offre),Managem,Healthcare,Agadir,7300,0,
1113,Supply Chain Coordinator (Nouvelle offre),Cosumar,IT,Rabat,9900,0,
1114,Supply Chain Coordinator (Nouvelle offre),Renault Maroc,Construction,Fès,10500,0,
1115,Supply Chain Coordinator (Nouvelle offre),Renault Maroc,Construction,Casablanca,10000,0,
1116,Supply Chain Coordinator (Nouvelle offre),Decathlon Maroc,Retail,Casablanca,13100,0,
1117,Financial Analyst (Nouvelle offre),Managem,Healthcare,Tanger,8300,0,
1118,Software Engineer (Nouvelle offre),ONCF,Energy,Marrakech,14000,0,
1119,Data Analyst (Nouvelle offre),Cosumar,IT,Tanger,11300,0,
1120,HR Manager (Nouvelle offre),BMCE Bank of Africa,IT,Casablanca,19700,0,
1121,HR Manager (Nouvelle offre),Somaca,Energy,Marrakech,19000,0,
1122,Sales Executive (Nouvelle offre),Decathlon Maroc,Retail,Agadir,9400,0,
1123,Accountant (Nouvelle offre),Jumia Maroc,Retail,Fès,10700,0,
1124,HR Manager (Nouvelle offre),Capgemini Maroc,Retail,Rabat,18800,0,
1125,Data Analyst (Nouvelle offre),Royal Air Maroc,Transport,Fès,7900,0,
1126,Network Technician (Nouvelle offre),Somaca,Energy,Casablanca,11600,0,
1127,Financial Analyst (Nouvelle offre),CGI Maroc,Energy,Marrakech,9300,0,
1128,Accountant (Nouvelle offre),OCP Group,Construction,Casablanca,13000,0,
1129,Accountant (Nouvelle offre),OCP Group,Construction,Rabat,10500,0,
1130,HR Manager (Nouvelle offre),Glovo Maroc,Healthcare,Rabat,20500,0,
1131,Data Analyst (Nouvelle offre),Managem,Healthcare,Rabat,12800,0,
1132,HR Manager (Nouvelle offre),Attijariwafa Bank,Retail,Tanger,22400,0,
1133,Marketing Specialist (Nouvelle offre),Somaca,Energy,Marrakech,7400,0,
1134,Sales Executive (Nouvelle offre),OCP Group,Construction,Tanger,8000,0,
1135,Network Technician (Nouvelle offre),Maroc Telecom,Finance,Fès,9800,0,
1136,Sales Executive (Nouvelle offre),Attijariwafa Bank,Retail,Tanger,7300,0,
1137,Customer Support Agent (Nouvelle offre),Renault Maroc,Construction,Marrakech,6900,0,
1138,Network Technician (Nouvelle offre),Maroc Telecom,Finance,Tanger,7400,0,
1139,Software Engineer (Nouvelle offre),Renault Maroc,Construction,Rabat,14900,0,
1140,HR Manager (Nouvelle offre),Somaca,Energy,Agadir,24700,0,
1141,HR Manager (Nouvelle offre),Renault Maroc,Construction,Tanger,22900,0,
1142,Supply Chain Coordinator (Nouvelle offre),Managem,Healthcare,Agadir,11700,0,
1143,Software Engineer (Nouvelle offre),Renault Maroc,Construction,Rabat,15000,0,
1144,Financial Analyst (Nouvelle offre),Capgemini Maroc,Retail,Tanger,11100,0,
1145,Supply Chain Coordinator (Nouvelle offre),CGI Maroc,Energy,Casablanca,9400,0,
1146,HR Manager (Nouvelle offre),Managem,Healthcare,Marrakech,22200,0,
1147,Supply Chain Coordinator (Nouvelle offre),Glovo Maroc,Healthcare,Tanger,11600,0,
1148,Software Engineer (Nouvelle offre),BMCE Bank of Africa,IT,Marrakech,19700,0,
1149,Software Engineer (Nouvelle offre),OCP Group,Construction,Fès,19800,0,
1150,Sales Executive (Nouvelle offre),Société Générale Maroc,Industry,Fès,12900,0,
1151,Software Engineer (Nouvelle offre),Glovo Maroc,Healthcare,Fès,17300,0,
1152,Data Analyst (Nouvelle offre),Somaca,Energy,Fès,8500,0,
1153,Network Technician (Nouvelle offre),Société Générale Maroc,Industry,Rabat,9000,0,
1154,Financial Analyst (Nouvelle offre),Decathlon Maroc,Retail,Marrakech,12200,0,
1155,Accountant (Nouvelle offre),Glovo Maroc,Healthcare,Marrakech,8800,0,
1156,HR Manager (Nouvelle offre),Renault Maroc,Construction,Tanger,26600,0,
1157,Data Analyst (Nouvelle offre),Attijariwafa Bank,Retail,Fès,9500,0,
1158,Data Analyst (Nouvelle offre),OCP Group,Construction,Casablanca,9000,0,
1159,Data Analyst (Nouvelle offre),CGI Maroc,Energy,Fès,7100,0,
1160,Supply Chain Coordinator (Nouvelle offre),ONCF,Energy,Rabat,10100,0,
1161,Data Analyst (Nouvelle offre),Glovo Maroc,Healthcare,Rabat,8400,0,
1162,Financial Analyst (Nouvelle offre),Capgemini Maroc,Retail,Fès,8500,0,
1163,Network Technician (Nouvelle offre),Maroc Telecom,Finance,Fès,7700,0,
1164,Data Analyst (Nouvelle offre),Renault Maroc,Construction,Rabat,12400,0,
1165,Marketing Specialist (Nouvelle offre),Renault Maroc,Construction,Fès,9500,0,
1166,Marketing Specialist (Nouvelle offre),Accor Maroc,Healthcare,Rabat,8700,0,
1167,Supply Chain Coordinator (Nouvelle offre),Société Générale Maroc,Industry,Marrakech,11100,0,
1168,Sales Executive (Nouvelle offre),Lesieur Cristal,Transport,Rabat,13100,0,
1169,Financial Analyst (Nouvelle offre),Cosumar,IT,Casablanca,7200,0,
1170,Sales Executive (Nouvelle offre),CGI Maroc,Energy,Fès,9200,0,
1171,HR Manager (Nouvelle offre),Renault Maroc,Construction,Tanger,20700,0,
1172,Accountant (Nouvelle offre),Addoha,Telecom,Tanger,8800,0,
1173,Sales Executive (Nouvelle offre),Lesieur Cristal,Transport,Rabat,7000,0,
1174,Marketing Specialist (Nouvelle offre),Attijariwafa Bank,Retail,Tanger,8000,0,
1175,Supply Chain Coordinator (Nouvelle offre),ONCF,Energy,Agadir,8900,0,
1176,Supply Chain Coordinator (Nouvelle offre),ONCF,Energy,Casablanca,13500,0,
1177,Network Technician (Nouvelle offre),CGI Maroc,Energy,Agadir,9100,0,
1178,Network Technician (Nouvelle offre),Decathlon Maroc,Retail,Rabat,11100,0,
1179,Sales Executive (Nouvelle offre),OCP Group,Construction,Fès,11100,0,
1180,Network Technician (Nouvelle offre),Label'Vie,Construction,Fès,7600,0,
1181,Data Analyst (Nouvelle offre),Capgemini Maroc,Retail,Fès,7800,0,
1182,Network Technician (Nouvelle offre),Managem,Healthcare,Fès,7600,0,
1183,Software Engineer (Nouvelle offre),Addoha,Telecom,Agadir,19400,0,
1184,Software Engineer (Nouvelle offre),Addoha,Telecom,Marrakech,15300,0,
1185,Network Technician (Nouvelle offre),Somaca,Energy,Agadir,11000,0,
1186,Sales Executive (Nouvelle offre),Addoha,Telecom,Marrakech,9600,0,
1187,Supply Chain Coordinator (Nouvelle offre),Lesieur Cristal,Transport,Rabat,13300,0,
1188,Software Engineer (Nouvelle offre),Addoha,Telecom,Rabat,12400,0,
1189,Sales Executive (Nouvelle offre),Cosumar,IT,Casablanca,9700,0,
1190,HR Manager (Nouvelle offre),Jumia Maroc,Retail,Agadir,27100,0,
1191,Software Engineer (Nouvelle offre),Attijariwafa Bank,Retail,Tanger,13500,0,
1192,Customer Support Agent (Nouvelle offre),Société Générale Maroc,Industry,Tanger,7300,0,
1193,Accountant (Nouvelle offre),Société Générale Maroc,Industry,Tanger,8400,0,
1194,Data Analyst (Nouvelle offre),Maroc Telecom,Finance,Rabat,12300,0,
1195,Network Technician (Nouvelle offre),Jumia Maroc,Retail,Fès,12600,0,
1196,Accountant (Nouvelle offre),Managem,Healthcare,Casablanca,12100,0,
1197,Sales Executive (Nouvelle offre),Accor Maroc,Healthcare,Casablanca,7500,0,
1198,Sales Executive (Nouvelle offre),BMCE Bank of Africa,IT,Agadir,12500,0,
1199,Software Engineer (Nouvelle offre),Royal Air Maroc,Transport,Fès,12300,0,
1200,Financial Analyst (Nouvelle offre),Cosumar,IT,Casablanca,11300,0,
1201,Sales Executive (Nouvelle offre),Somaca,Energy,Casablanca,9000,0,
1202,Marketing Specialist (Nouvelle offre),Lesieur Cristal,Transport,Marrakech,9400,0,
1203,HR Manager (Nouvelle offre),Glovo Maroc,Healthcare,Agadir,24500,0,
1204,Network Technician (Nouvelle offre),Somaca,Energy,Marrakech,9900,0,
1205,Marketing Specialist (Nouvelle offre),Decathlon Maroc,Retail,Fès,8600,0,
1206,Software Engineer (Nouvelle offre),CGI Maroc,Energy,Agadir,16500,0,
1207,Network Technician (Nouvelle offre),Managem,Healthcare,Tanger,10500,0,
1208,Marketing Specialist (Nouvelle offre),Accor Maroc,Healthcare,Casablanca,9300,0,
1209,Software Engineer (Nouvelle offre),Renault Maroc,Construction,Rabat,15500,0,
1210,Accountant (Nouvelle offre),Maroc Telecom,Finance,Tanger,7400,0,
1211,HR Manager (Nouvelle offre),Capgemini Maroc,Retail,Casablanca,24000,0,
1212,Sales Executive (Nouvelle offre),Managem,Healthcare,Agadir,9700,0,
1213,Supply Chain Coordinator (Nouvelle offre),Cosumar,IT,Rabat,7800,0,
1214,Supply Chain Coordinator (Nouvelle offre),Renault Maroc,Construction,Fès,10500,0,
1215,Supply Chain Coordinator (Nouvelle offre),Renault Maroc,Construction,Casablanca,10000,0,
1216,Supply Chain Coordinator (Nouvelle offre),Decathlon Maroc,Retail,Casablanca,13100,0,
1217,Financial Analyst (Nouvelle offre),Managem,Healthcare,Tanger,8600,0,
1218,Software Engineer (Nouvelle offre),ONCF,Energy,Marrakech,12500,0,
1219,Data Analyst (Nouvelle offre),Cosumar,IT,Tanger,11300,0,
1220,HR Manager (Nouvelle offre),BMCE Bank of Africa,IT,Casablanca,20500,0,
1221,HR Manager (Nouvelle offre),Somaca,Energy,Marrakech,21800,0,
1222,Sales Executive (Nouvelle offre),Decathlon Maroc,Retail,Agadir,7700,0,
1223,Accountant (Nouvelle offre),Jumia Maroc,Retail,Fès,10700,0,
1224,HR Manager (Nouvelle offre),Capgemini Maroc,Retail,Rabat,25700,0,
1225,Data Analyst (Nouvelle offre),Royal Air Maroc,Transport,Fès,8800,0,
1226,Network Technician (Nouvelle offre),Somaca,Energy,Casablanca,11600,0,
1227,Financial Analyst (Nouvelle offre),CGI Maroc,Energy,Marrakech,7200,0,
1228,Accountant (Nouvelle offre),OCP Group,Construction,Casablanca,13000,0,
1229,Accountant (Nouvelle offre),OCP Group,Construction,Rabat,10500,0,
1230,HR Manager (Nouvelle offre),Glovo Maroc,Healthcare,Rabat,20400,0,
1231,Data Analyst (Nouvelle offre),Managem,Healthcare,Rabat,12800,0,
1232,HR Manager (Nouvelle offre),Attijariwafa Bank,Retail,Tanger,25900,0,
1233,Marketing Specialist (Nouvelle offre),Somaca,Energy,Marrakech,8200,0,
1234,Sales Executive (Nouvelle offre),OCP Group,Construction,Tanger,10000,0,
1235,Network Technician (Nouvelle offre),Maroc Telecom,Finance,Fès,9200,0,
1236,Sales Executive (Nouvelle offre),Attijariwafa Bank,Retail,Tanger,9000,0,
1237,Customer Support Agent (Nouvelle offre),Renault Maroc,Construction,Marrakech,8900,0,
1238,Network Technician (Nouvelle offre),Maroc Telecom,Finance,Tanger,9700,0,
1239,Software Engineer (Nouvelle offre),Renault Maroc,Construction,Rabat,14000,0,
1240,HR Manager (Nouvelle offre),Somaca,Energy,Agadir,21000,0,
1241,HR Manager (Nouvelle offre),Renault Maroc,Construction,Tanger,22300,0,
1242,Supply Chain Coordinator (Nouvelle offre),Managem,Healthcare,Agadir,11700,0,
1243,Software Engineer (Nouvelle offre),Renault Maroc,Construction,Rabat,16100,0,
1244,Financial Analyst (Nouvelle offre),Capgemini Maroc,Retail,Tanger,11100,0,
1245,Supply Chain Coordinator (Nouvelle offre),CGI Maroc,Energy,Casablanca,9400,0,
1246,HR Manager (Nouvelle offre),Managem,Healthcare,Marrakech,23400,0,
1247,Supply Chain Coordinator (Nouvelle offre),Glovo Maroc,Healthcare,Tanger,11600,0,
1248,Software Engineer (Nouvelle offre),BMCE Bank of Africa,IT,Marrakech,13300,0,
1249,Software Engineer (Nouvelle offre),OCP Group,Construction,Fès,19200,0,
1250,Sales Executive (Nouvelle offre),Société Générale Maroc,Industry,Fès,12900,0,
1251,Software Engineer (Nouvelle offre),Glovo Maroc,Healthcare,Fès,18200,0,
1252,Data Analyst (Nouvelle offre),Somaca,Energy,Fès,7900,0,
1253,Network Technician (Nouvelle offre),Société Générale Maroc,Industry,Rabat,9500,0,
1254,Financial Analyst (Nouvelle offre),Decathlon Maroc,Retail,Marrakech,12200,0,
1255,Accountant (Nouvelle offre),Glovo Maroc,Healthcare,Marrakech,9100,0,
1256,HR Manager (Nouvelle offre),Renault Maroc,Construction,Tanger,19500,0,
1257,Data Analyst (Nouvelle offre),Attijariwafa Bank,Retail,Fès,9300,0,
1258,Data Analyst (Nouvelle offre),OCP Group,Construction,Casablanca,9000,0,
1259,Data Analyst (Nouvelle offre),CGI Maroc,Energy,Fès,9300,0,
1260,Supply Chain Coordinator (Nouvelle offre),ONCF,Energy,Rabat,10100,0,
1261,Data Analyst (Nouvelle offre),Glovo Maroc,Healthcare,Rabat,7000,0,
